time,voltage,current,power,energy,talon_4_current,talon_4_voltage,talon_4_value,talon_4_position,talon_5_current,talon_5_voltage,talon_5_value,talon_5_position,talon_2_current,talon_2_voltage,talon_2_value,talon_2_position,talon_3_current,talon_3_voltage,talon_3_value,talon_3_position,solenoid_6_state,solenoid_4_state,doublesolenoid_2-7_state,talon_1_current,talon_1_voltage,talon_1_value,talon_1_position,talon_6_current,talon_6_voltage,talon_6_value,talon_6_position,doublesolenoid_3-0_state,doublesolenoid_5-1_state,
24,12.6,0.0,0.0,1170.62,0.125,12.450000000000001,0.00390625,6865,0.125,12.4,0.0,0,0.0,12.4,0.00390625,3741,0.125,12.450000000000001,0.0,0,false,false,kOff,0.0,12.4,0.0,0,0.0,12.5,0.0,0,kOff,kOff,
70,12.55,0.0,0.0,1170.62,0.125,12.450000000000001,0.00390625,6865,0.125,12.4,0.0,0,0.0,12.4,0.00390625,3741,0.0,12.450000000000001,0.0,0,false,false,kOff,0.0,12.4,0.0,0,0.0,12.5,0.0,0,kReverse,kOff,
110,12.55,0.0,0.0,1170.62,0.125,12.450000000000001,0.00390625,6865,0.125,12.4,0.0,0,0.0,12.4,0.00390625,3741,0.0,12.450000000000001,0.0,0,false,false,kOff,0.0,12.4,0.0,0,0.0,12.5,0.0,0,kReverse,kOff,
134,12.55,0.0,0.0,1170.62,0.125,12.450000000000001,0.00390625,6865,0.125,12.450000000000001,0.0,0,0.0,12.4,0.00390625,3741,0.125,12.450000000000001,0.0,0,false,false,kOff,0.0,12.4,0.0,0,0.0,12.5,0.0,0,kReverse,kOff,
184,12.5,0.0,0.0,1170.62,0.125,12.450000000000001,0.00390625,6865,0.125,12.450000000000001,0.0,0,0.0,12.4,0.00390625,3741,0.125,12.450000000000001,0.0,0,false,false,kOff,0.0,12.4,0.0,0,0.0,12.450000000000001,0.0,0,kReverse,kOff,
230,12.5,0.0,0.0,1170.62,0.125,12.450000000000001,0.00390625,6865,0.125,12.450000000000001,0.0,0,0.0,12.4,0.00390625,3741,0.0,12.450000000000001,0.0,0,false,false,kOff,0.0,12.4,0.0,0,0.0,12.450000000000001,0.0,0,kReverse,kOff,
255,12.5,0.0,0.0,1170.62,0.125,12.450000000000001,0.00390625,6865,0.125,12.450000000000001,0.0,0,0.0,12.4,0.00390625,3741,0.0,12.450000000000001,0.0,0,false,false,kOff,0.0,12.4,0.0,0,0.0,12.450000000000001,0.0,0,kReverse,kOff,
290,12.5,0.0,0.0,1170.62,0.125,12.450000000000001,0.00390625,6865,0.125,12.450000000000001,0.0,0,0.0,12.4,0.00390625,3741,0.0,12.450000000000001,0.0,0,false,false,kOff,0.0,12.4,0.0,0,0.0,12.450000000000001,0.0,0,kReverse,kOff,
315,12.55,0.0,0.0,1170.62,0.125,12.450000000000001,0.00390625,6865,0.125,12.450000000000001,0.0,0,0.0,12.4,0.00390625,3741,0.0,12.450000000000001,0.0,0,false,false,kOff,0.0,12.4,0.0,0,0.0,12.450000000000001,0.0,0,kReverse,kOff,
351,12.5,0.0,0.0,1170.62,0.125,12.450000000000001,0.00390625,6865,0.125,12.450000000000001,0.0,0,0.0,12.4,0.00390625,3741,0.0,12.450000000000001,0.0,0,false,false,kOff,0.0,12.35,0.0,0,0.0,12.450000000000001,0.0,0,kReverse,kOff,
391,12.5,0.0,0.0,1170.62,0.125,12.450000000000001,0.00390625,6865,0.125,12.450000000000001,0.0,0,0.0,12.4,0.00390625,3741,0.0,12.450000000000001,0.0,0,false,false,kOff,0.0,12.35,0.0,0,0.0,12.450000000000001,0.0,0,kReverse,kOff,
416,12.55,0.0,0.0,1170.62,0.125,12.450000000000001,0.00390625,6865,0.125,12.450000000000001,0.0,0,0.0,12.4,0.00390625,3741,0.0,12.450000000000001,0.0,0,false,false,kOff,0.0,12.35,0.0,0,0.0,12.450000000000001,0.0,0,kReverse,kOff,
450,12.5,0.0,0.0,1170.62,0.125,12.450000000000001,0.00390625,6865,0.125,12.450000000000001,0.0,0,0.0,12.4,0.00390625,3741,0.0,12.450000000000001,0.0,0,false,false,kOff,0.0,12.35,0.0,0,0.0,12.450000000000001,0.0,0,kReverse,kOff,
475,12.5,0.0,0.0,1170.62,0.125,12.450000000000001,0.00390625,6865,0.125,12.450000000000001,0.0,0,0.0,12.4,0.00390625,3741,0.0,12.450000000000001,0.0,0,false,false,kOff,0.0,12.35,0.0,0,0.0,12.450000000000001,0.0,0,kReverse,kOff,
511,12.55,0.0,0.0,1170.62,0.125,12.450000000000001,0.00390625,6865,0.125,12.450000000000001,0.0,0,0.0,12.4,0.00390625,3741,0.125,12.450000000000001,0.0,0,false,false,kOff,0.0,12.35,0.0,0,0.0,12.450000000000001,0.0,0,kReverse,kOff,
550,12.450000000000001,0.0,0.0,1170.62,0.125,12.450000000000001,0.00390625,6865,0.125,12.450000000000001,0.0,0,0.0,12.4,0.00390625,3741,0.125,12.450000000000001,0.0,0,false,false,kOff,0.0,12.35,0.0,0,0.0,12.450000000000001,0.0,0,kReverse,kOff,
611,12.55,0.0,0.0,1170.62,0.125,12.450000000000001,0.00390625,6865,0.125,12.450000000000001,0.0,0,0.0,12.4,0.00390625,3741,0.0,12.450000000000001,0.0,0,false,false,kOff,0.0,12.35,0.0,0,0.0,12.450000000000001,0.0,0,kReverse,kOff,
650,12.5,0.0,0.0,1170.62,0.125,12.450000000000001,0.00390625,6865,0.125,12.450000000000001,0.0,0,0.0,12.4,0.00390625,3741,0.0,12.450000000000001,0.0,0,false,false,kOff,0.0,12.35,0.0,0,0.0,12.450000000000001,0.0,0,kReverse,kOff,
675,12.55,0.0,0.0,1170.62,0.125,12.4,0.00390625,6865,0.125,12.450000000000001,0.0,0,0.0,12.4,0.00390625,3741,0.125,12.450000000000001,0.0,0,false,false,kOff,0.0,12.35,0.0,0,0.0,12.450000000000001,0.0,0,kReverse,kOff,
713,12.55,0.0,0.0,1170.62,0.125,12.4,0.00390625,6865,0.125,12.450000000000001,0.0,0,0.0,12.4,0.00390625,3741,0.125,12.450000000000001,0.0,0,false,false,kOff,0.0,12.35,0.0,0,0.0,12.450000000000001,0.0,0,kReverse,kOff,
750,12.5,0.0,0.0,1170.62,0.125,12.4,0.00390625,6865,0.125,12.450000000000001,0.0,0,0.0,12.4,0.00390625,3741,0.125,12.450000000000001,0.0,0,false,false,kOff,0.0,12.35,0.0,0,0.0,12.450000000000001,0.0,0,kReverse,kOff,
791,12.55,0.0,0.0,1170.62,0.125,12.4,0.00390625,6865,0.125,12.450000000000001,0.0,0,0.0,12.4,0.00390625,3741,0.125,12.450000000000001,0.0,0,false,false,kOff,0.0,12.35,0.0,0,0.0,12.450000000000001,0.0,0,kReverse,kOff,
817,12.55,0.0,0.0,1170.62,0.125,12.4,0.00390625,6865,0.125,12.450000000000001,0.0,0,0.0,12.4,0.00390625,3741,0.125,12.450000000000001,0.0,0,false,false,kOff,0.0,12.35,0.0,0,0.0,12.450000000000001,0.0,0,kReverse,kOff,
849,12.55,0.0,0.0,1170.62,0.125,12.4,0.00390625,6865,0.125,12.450000000000001,0.0,0,0.0,12.4,0.00390625,3741,0.125,12.4,0.0,0,false,false,kOff,0.0,12.35,0.0,0,0.0,12.450000000000001,0.0,0,kReverse,kOff,
873,12.5,0.0,0.0,1170.62,0.125,12.4,0.00390625,6865,0.125,12.450000000000001,0.0,0,0.0,12.4,0.00390625,3741,0.125,12.4,0.0,0,false,false,kOff,0.0,12.35,0.0,0,0.0,12.450000000000001,0.0,0,kReverse,kOff,
910,12.55,0.0,0.0,1170.62,0.125,12.4,0.00390625,6865,0.125,12.450000000000001,0.0,0,0.0,12.4,0.00390625,3741,0.125,12.4,0.0,0,false,false,kOff,0.0,12.35,0.0,0,0.0,12.450000000000001,0.0,0,kReverse,kOff,
932,12.5,0.0,0.0,1170.62,0.125,12.4,0.00390625,6865,0.125,12.450000000000001,0.0,0,0.0,12.4,0.00390625,3741,0.0,12.4,0.0,0,false,false,kOff,0.0,12.35,0.0,0,0.0,12.450000000000001,0.0,0,kReverse,kOff,
971,12.5,0.0,0.0,1170.62,0.125,12.4,0.09839443862438202,6865,0.125,12.450000000000001,0.0,0,0.0,12.4,-0.09058193862438202,3741,0.0,12.4,0.0,0,false,false,kOff,0.0,12.35,0.0,0,0.0,12.450000000000001,0.0,0,kReverse,kOff,
997,12.5,0.0,0.0,1170.62,0.375,12.4,0.19681963324546814,6866,0.125,12.450000000000001,0.0,0,0.0,12.35,-0.18900713324546814,3741,0.0,12.4,0.0,0,false,false,kOff,0.0,12.35,0.0,0,0.0,12.450000000000001,0.0,0,kReverse,kOff,
1030,12.450000000000001,0.0,0.0,1170.62,1.5,12.4,0.28343379497528076,6866,0.375,12.450000000000001,0.0,0,0.25,12.35,-0.27562129497528076,3741,0.5,12.4,0.0,0,false,false,kOff,0.0,12.35,0.0,0,0.0,12.450000000000001,0.0,0,kReverse,kOff,
1055,12.1,4.125,49.875,1171.6175,3.25,12.4,0.28737083077430725,6866,1.25,12.450000000000001,0.0,0,0.5,12.35,-0.27955833077430725,3741,1.0,12.4,0.0,0,false,false,kOff,0.0,12.35,0.0,0,0.0,12.450000000000001,0.0,0,kReverse,kOff,
1091,12.1,4.125,49.25,1173.595,6.5,12.4,0.30311885476112366,6866,4.25,11.9,0.0,0,1.625,12.35,-0.29530635476112366,3741,3.0,12.4,0.0,0,false,false,kOff,0.0,12.35,0.0,0,0.0,12.450000000000001,0.0,0,kReverse,kOff,
1131,11.95,22.625,268.0,1184.3600000000001,7.375,12.4,0.31492987275123596,6866,5.25,11.9,0.0,0,3.5,12.35,-0.30711737275123596,3741,6.0,12.4,0.0,0,false,false,kOff,0.0,12.35,0.0,0,0.0,12.450000000000001,0.0,0,kReverse,kOff,
1156,11.75,22.625,268.0,1189.72,7.625,11.55,0.31886687874794006,6897,5.5,11.9,0.0,0,4.375,11.600000000000001,-0.31105437874794006,3687,7.375,11.55,0.0,0,false,false,kOff,0.0,11.7,0.0,0,0.0,11.8,0.0,0,kReverse,kOff,
1190,11.850000000000001,30.375,359.875,1204.085,7.875,11.55,0.32280388474464417,6897,6.125,11.9,0.0,0,4.875,11.600000000000001,-0.31499138474464417,3687,7.75,11.55,0.0,0,false,false,kOff,0.0,11.7,0.0,0,0.0,11.8,0.0,0,kReverse,kOff,
1231,11.850000000000001,30.75,365.875,1218.57,7.875,11.55,0.32674089074134827,6897,6.125,11.9,0.0,0,4.625,11.600000000000001,-0.31892839074134827,3687,8.0,11.55,0.0,0,false,false,kOff,0.0,11.7,0.0,0,0.0,11.8,0.0,0,kReverse,kOff,
1270,11.850000000000001,30.75,364.375,1233.145,7.625,11.55,0.32674089074134827,6897,5.875,11.7,0.0,0,4.375,11.600000000000001,-0.31892839074134827,3687,8.0,11.55,0.0,0,false,false,kOff,0.0,11.7,0.0,0,0.0,11.8,0.0,0,kReverse,kOff,
1293,11.850000000000001,30.75,364.375,1240.4325,7.5,11.55,0.32674089074134827,6897,5.75,11.7,0.0,0,4.25,11.600000000000001,-0.31892839074134827,3687,8.0,11.55,0.0,0,false,false,kOff,0.0,11.7,0.0,0,0.0,11.8,0.0,0,kReverse,kOff,
1330,11.850000000000001,28.875,342.125,1247.275,7.125,11.65,0.32674089074134827,6970,5.5,11.7,0.0,0,3.875,11.7,-0.31892839074134827,3642,7.875,11.600000000000001,0.0,0,false,false,kOff,0.0,11.7,0.0,0,0.0,11.8,0.0,0,kReverse,kOff,
1370,11.850000000000001,28.875,342.125,1267.33,6.875,11.65,0.32674089074134827,6970,5.125,11.7,0.0,0,4.0,11.7,-0.31892839074134827,3642,7.25,11.600000000000001,0.0,0,false,false,kOff,0.0,11.7,0.0,0,0.0,11.8,0.0,0,kReverse,kOff,
1410,11.850000000000001,27.0,319.875,1280.125,6.5,11.65,0.32674089074134827,6970,4.625,11.75,0.0,0,3.875,11.7,-0.31892839074134827,3642,6.875,11.600000000000001,0.0,0,false,false,kOff,0.0,11.7,0.0,0,0.0,11.8,0.0,0,kReverse,kOff,
1450,11.850000000000001,24.875,294.75,1291.9650000000001,6.25,11.65,0.32674089074134827,6970,4.5,11.75,0.0,0,3.875,11.7,-0.31892839074134827,3642,6.625,11.600000000000001,0.0,0,false,false,kOff,0.0,11.7,0.0,0,0.0,11.8,0.0,0,kReverse,kOff,
1499,11.95,22.875,274.5,1303.4,5.875,11.7,0.32674089074134827,7093,4.0,11.75,0.0,0,3.375,11.75,-0.31892839074134827,3558,6.125,11.7,0.0,0,false,false,kOff,0.0,11.75,0.0,0,0.0,11.9,0.0,0,kReverse,kOff,
1550,11.95,21.125,252.375,1319.3775,5.375,11.7,0.33067789673805237,7093,3.75,11.75,0.0,0,3.25,11.75,-0.32286539673805237,3558,5.875,11.7,0.0,0,false,false,kOff,0.0,11.75,0.0,0,0.0,11.9,0.0,0,kReverse,kOff,
1589,12.0,21.125,253.5,1329.5175,5.25,11.7,0.33067789673805237,7093,3.625,11.9,0.0,0,3.125,11.75,-0.32286539673805237,3558,5.625,11.7,0.0,0,false,false,kOff,0.0,11.75,0.0,0,0.0,11.9,0.0,0,kReverse,kOff,
1631,12.1,19.5,235.875,1339.325,5.0,11.850000000000001,0.33067789673805237,7255,3.375,11.9,0.0,0,3.0,11.9,-0.32286539673805237,3438,5.375,11.850000000000001,0.0,0,false,false,kOff,0.0,11.850000000000001,0.0,0,0.0,11.95,0.0,0,kReverse,kOff,
1656,12.05,19.5,234.875,1344.0225,4.875,11.850000000000001,0.25981175899505615,7255,3.25,11.9,0.0,0,3.0,11.9,-0.25199925899505615,3438,5.25,11.850000000000001,0.0,0,false,false,kOff,0.0,11.850000000000001,0.0,0,0.0,11.95,0.0,0,kReverse,kOff,
1691,12.0,17.25,209.5,1352.8925000000002,3.75,11.850000000000001,0.10233144462108612,7255,2.625,11.9,0.0,0,2.25,11.9,-0.09451894462108612,3438,4.5,11.850000000000001,0.0,0,false,false,kOff,0.0,11.850000000000001,0.0,0,0.0,11.95,0.0,0,kReverse,kOff,
1712,12.35,17.25,213.0,1357.1525,2.125,11.850000000000001,0.031465305015444756,7255,1.625,11.9,0.0,0,1.125,11.9,-0.023652805015444756,3438,3.0,11.850000000000001,0.0,0,false,false,kOff,0.0,11.850000000000001,0.0,0,0.0,11.95,0.0,0,kReverse,kOff,
1736,12.4,17.25,213.875,1361.43,0.875,11.850000000000001,0.00784325785934925,7255,0.75,12.25,0.0,0,0.375,11.9,-3.0757859349250793E-5,3438,1.625,11.850000000000001,0.0,0,false,false,kOff,0.0,11.850000000000001,0.0,0,0.0,11.95,0.0,0,kReverse,kOff,
1770,12.450000000000001,1.875,23.25,1362.36,0.25,11.850000000000001,0.00390625,7255,0.125,12.25,0.0,0,0.0,11.9,0.00390625,3438,0.125,11.850000000000001,0.0,0,false,false,kOff,0.0,11.850000000000001,0.0,0,0.0,11.95,0.0,0,kReverse,kOff,
1791,12.450000000000001,1.875,23.25,1362.825,0.125,12.3,0.00390625,7403,0.125,12.25,0.0,0,0.0,12.25,0.00390625,3328,0.125,12.35,0.0,0,false,false,kOff,0.0,12.25,0.0,0,0.0,12.35,0.0,0,kReverse,kOff,
1814,12.4,0.0,0.0,1362.825,0.125,12.3,0.00390625,7403,0.125,12.25,0.0,0,0.0,12.25,0.00390625,3328,0.125,12.35,0.0,0,false,false,kOff,0.0,12.25,0.0,0,0.0,12.35,0.0,0,kReverse,kOff,
1850,12.4,0.0,0.0,1362.825,0.125,12.3,0.00390625,7403,0.125,12.25,0.0,0,0.0,12.25,0.00390625,3328,0.125,12.35,0.0,0,false,false,kOff,0.0,12.25,0.0,0,0.0,12.35,0.0,0,kReverse,kOff,
1870,12.450000000000001,0.0,0.0,1362.825,0.125,12.3,0.00390625,7403,0.125,12.25,0.0,0,0.0,12.25,0.00390625,3328,0.125,12.35,0.0,0,false,false,kOff,0.0,12.25,0.0,0,0.0,12.35,0.0,0,kReverse,kOff,
1891,12.450000000000001,0.0,0.0,1362.825,0.125,12.3,0.00390625,7403,0.125,12.35,0.0,0,0.0,12.25,0.00390625,3328,0.125,12.35,0.0,0,false,false,kOff,0.0,12.25,0.0,0,0.0,12.35,0.0,0,kReverse,kOff,
1912,12.4,0.0,0.0,1362.825,0.125,12.3,0.00390625,7403,0.125,12.35,0.0,0,0.0,12.25,0.00390625,3328,0.125,12.35,0.0,0,false,false,kOff,0.0,12.25,0.0,0,0.0,12.35,0.0,0,kReverse,kOff,
1935,12.450000000000001,0.0,0.0,1362.825,0.125,12.3,0.00390625,7403,0.125,12.35,0.0,0,0.0,12.25,0.00390625,3328,0.125,12.35,0.0,0,false,false,kOff,0.0,12.25,0.0,0,0.0,12.35,0.0,0,kReverse,kOff,
1969,12.450000000000001,0.0,0.0,1362.825,0.125,12.35,0.00390625,7499,0.125,12.35,0.0,0,0.0,12.3,0.00390625,3247,0.0,12.35,0.0,0,false,false,kOff,0.0,12.25,0.0,0,0.0,12.35,0.0,0,kReverse,kOff,
1992,12.450000000000001,0.0,0.0,1362.825,0.125,12.35,0.00390625,7499,0.125,12.35,0.0,0,0.0,12.3,0.00390625,3247,0.0,12.35,0.0,0,false,false,kOff,0.0,12.25,0.0,0,0.0,12.35,0.0,0,kReverse,kOff,
2016,12.4,0.0,0.0,1362.825,0.125,12.35,0.00390625,7499,0.125,12.35,0.0,0,0.0,12.3,0.00390625,3247,0.0,12.35,0.0,0,false,false,kOff,0.0,12.25,0.0,0,0.0,12.35,0.0,0,kReverse,kOff,
2054,12.450000000000001,0.0,0.0,1362.825,0.125,12.35,0.00390625,7499,0.125,12.35,0.0,0,0.0,12.3,0.00390625,3247,0.125,12.35,0.0,0,false,false,kOff,0.0,12.25,0.0,0,0.0,12.35,0.0,0,kReverse,kOff,
2090,12.450000000000001,0.0,0.0,1362.825,0.125,12.35,0.00390625,7499,0.125,12.35,0.0,0,0.0,12.3,0.00390625,3247,0.125,12.35,0.0,0,false,false,kOff,0.0,12.25,0.0,0,0.0,12.35,0.0,0,kReverse,kOff,
2112,12.4,0.0,0.0,1362.825,0.125,12.35,0.00390625,7584,0.125,12.35,0.0,0,0.0,12.3,0.00390625,3196,0.125,12.35,0.0,0,false,false,kOff,0.0,12.25,0.0,0,0.0,12.35,0.0,0,kReverse,kOff,
2150,12.4,0.0,0.0,1362.825,0.125,12.35,0.00390625,7584,0.125,12.35,0.0,0,0.0,12.3,0.00390625,3196,0.0,12.35,0.0,0,false,false,kOff,0.0,12.25,0.0,0,0.0,12.35,0.0,0,kReverse,kOff,
2172,12.4,0.0,0.0,1362.825,0.125,12.35,0.00390625,7584,0.125,12.35,0.0,0,0.0,12.3,0.00390625,3196,0.0,12.35,0.0,0,false,false,kOff,0.0,12.25,0.0,0,0.0,12.35,0.0,0,kReverse,kOff,
2193,12.450000000000001,0.0,0.0,1362.825,0.125,12.35,0.00390625,7584,0.125,12.35,0.0,0,0.0,12.3,0.00390625,3196,0.125,12.35,0.0,0,false,false,kOff,0.0,12.25,0.0,0,0.0,12.35,0.0,0,kReverse,kOff,
2217,12.4,0.0,0.0,1362.825,0.125,12.35,0.00390625,7584,0.125,12.35,0.0,0,0.0,12.3,0.00390625,3196,0.125,12.35,0.0,0,false,false,kOff,0.0,12.25,0.0,0,0.0,12.35,0.0,0,kReverse,kOff,
2251,12.4,0.0,0.0,1362.825,0.125,12.35,0.00390625,7584,0.125,12.35,0.0,0,0.0,12.3,0.00390625,3196,0.125,12.35,0.0,0,false,false,kOff,0.0,12.25,0.0,0,0.0,12.35,0.0,0,kReverse,kOff,
2291,12.4,0.0,0.0,1362.825,0.125,12.35,0.0078125,7624,0.125,12.35,0.0,0,0.0,12.3,0.0078125,3189,0.125,12.35,0.0,0,false,false,kOff,0.0,12.25,0.0,0,0.0,12.35,0.0,0,kReverse,kOff,
2313,12.450000000000001,0.0,0.0,1362.825,0.25,12.35,0.02734375,7624,0.125,12.35,0.0,0,0.0,12.3,0.02734375,3189,0.0,12.35,0.0,0,false,false,kOff,0.0,12.25,0.0,0,0.0,12.35,0.0,0,kReverse,kOff,
2350,12.4,0.0,0.0,1362.825,0.25,12.35,0.078125,7624,0.125,12.35,0.0,0,0.0,12.3,0.078125,3189,0.0,12.35,0.0,0,false,false,kOff,0.0,12.25,0.0,0,0.0,12.35,0.0,0,kReverse,kOff,
2372,12.4,0.0,0.0,1362.825,0.375,12.35,0.109375,7624,0.125,12.35,0.0,0,0.0,12.3,0.109375,3189,0.0,12.35,0.0,0,false,false,kOff,0.0,12.25,0.0,0,0.0,12.35,0.0,0,kReverse,kOff,
2393,12.4,0.0,0.0,1362.825,0.375,12.35,0.12890625,7624,0.125,12.35,0.0,0,0.25,12.3,0.12890625,3189,0.25,12.35,0.0,0,false,false,kOff,0.0,12.25,0.0,0,0.0,12.35,0.0,0,kReverse,kOff,
2431,12.4,0.0,0.0,1362.825,0.5,12.25,0.18359375,7641,0.125,12.35,0.0,0,0.25,12.200000000000001,0.18359375,3199,0.5,12.25,0.0,0,false,false,kOff,0.0,12.200000000000001,0.0,0,0.0,12.35,0.0,0,kReverse,kOff,
2452,12.35,0.0,0.0,1362.825,0.75,12.25,0.19921875,7641,0.25,12.35,0.0,0,0.5,12.200000000000001,0.19921875,3199,0.75,12.25,0.0,0,false,false,kOff,0.0,12.200000000000001,0.0,0,0.0,12.35,0.0,0,kReverse,kOff,
2475,12.35,0.0,0.0,1362.825,0.875,12.25,0.21875,7641,0.25,12.35,0.0,0,0.5,12.200000000000001,0.21875,3199,1.0,12.25,0.0,0,false,false,kOff,0.0,12.200000000000001,0.0,0,0.0,12.35,0.0,0,kReverse,kOff,
2511,12.05,1.75,21.0,1363.6725000000001,2.125,12.25,0.23828125,7641,1.125,12.35,0.0,0,1.75,12.200000000000001,0.23828125,3199,2.5,12.25,0.0,0,false,false,kOff,0.0,12.200000000000001,0.0,0,0.0,12.35,0.0,0,kReverse,kOff,
2532,12.05,1.75,21.125,1364.095,3.125,12.25,0.2421875,7641,2.125,12.0,0.0,0,1.875,12.200000000000001,0.2421875,3199,3.25,12.25,0.0,0,false,false,kOff,0.0,12.200000000000001,0.0,0,0.0,12.35,0.0,0,kReverse,kOff,
2556,12.1,14.25,172.375,1367.5425,4.0,12.25,0.24609375,7641,2.625,12.0,0.0,0,2.125,12.200000000000001,0.24609375,3199,3.625,12.25,0.0,0,false,false,kOff,0.0,12.200000000000001,0.0,0,0.0,12.35,0.0,0,kReverse,kOff,
2591,12.05,14.25,171.625,1374.4225000000001,4.5,11.9,0.25390625,7729,3.125,12.0,0.0,0,2.25,11.9,0.25390625,3241,3.875,11.9,0.0,0,false,false,kOff,0.0,11.9,0.0,0,0.0,12.0,0.0,0,kReverse,kOff,
2612,12.05,14.25,171.625,1377.855,4.5,11.9,0.25390625,7729,3.125,12.0,0.0,0,2.375,11.9,0.25390625,3241,4.0,11.9,0.0,0,false,false,kOff,0.0,11.9,0.0,0,0.0,12.0,0.0,0,kReverse,kOff,
2634,12.05,16.25,195.75,1381.77,4.5,11.9,0.25390625,7729,3.0,12.0,0.0,0,2.375,11.9,0.25390625,3241,4.0,11.9,0.0,0,false,false,kOff,0.0,11.9,0.0,0,0.0,12.0,0.0,0,kReverse,kOff,
2658,12.0,16.25,196.625,1385.7025,4.375,11.9,0.2578125,7729,3.0,12.0,0.0,0,2.375,11.9,0.2578125,3241,4.0,11.9,0.0,0,false,false,kOff,0.0,11.9,0.0,0,0.0,12.0,0.0,0,kReverse,kOff,
2690,12.1,16.0,193.5,1393.505,4.375,11.9,0.2578125,7729,2.875,11.95,0.0,0,2.375,11.9,0.2578125,3241,3.75,11.9,0.0,0,false,false,kOff,0.0,11.9,0.0,0,0.0,12.0,0.0,0,kReverse,kOff,
2711,12.05,16.0,192.75,1397.36,4.375,11.9,0.2578125,7729,2.875,11.95,0.0,0,2.25,11.9,0.2578125,3241,3.625,11.9,0.0,0,false,false,kOff,0.0,11.9,0.0,0,0.0,12.0,0.0,0,kReverse,kOff,
2733,12.05,16.0,194.375,1401.2475,4.375,11.9,0.26171875,7729,2.875,11.95,0.0,0,2.125,11.9,0.26171875,3241,3.625,11.9,0.0,0,false,false,kOff,0.0,11.9,0.0,0,0.0,12.0,0.0,0,kReverse,kOff,
2770,12.05,14.75,177.625,1408.3525,4.125,11.95,0.265625,7807,2.625,11.95,0.0,0,2.125,11.9,0.265625,3314,3.5,11.9,0.0,0,false,false,kOff,0.0,11.9,0.0,0,0.0,12.05,0.0,0,kReverse,kOff,
2793,12.05,14.75,177.625,1411.9050000000002,4.0,11.95,0.26953125,7807,2.5,11.95,0.0,0,2.125,11.9,0.26953125,3314,3.5,11.9,0.0,0,false,false,kOff,0.0,11.9,0.0,0,0.0,12.05,0.0,0,kReverse,kOff,
2830,12.1,14.125,171.5,1418.7525,4.0,11.95,0.26953125,7807,2.5,11.95,0.0,0,2.25,11.9,0.26953125,3314,3.5,11.9,0.0,0,false,false,kOff,0.0,11.9,0.0,0,0.0,12.05,0.0,0,kReverse,kOff,
2854,12.200000000000001,14.125,172.25,1422.1975,3.875,11.95,0.26953125,7807,2.5,11.95,0.0,0,2.25,11.9,0.26953125,3314,3.5,11.9,0.0,0,false,false,kOff,0.0,11.9,0.0,0,0.0,12.05,0.0,0,kReverse,kOff,
2889,12.15,13.5,164.0,1428.77,3.75,11.95,0.26953125,7807,2.25,11.95,0.0,0,2.125,11.9,0.26953125,3314,3.25,11.9,0.0,0,false,false,kOff,0.0,11.9,0.0,0,0.0,12.05,0.0,0,kReverse,kOff,
2910,12.15,13.5,163.25,1432.0349999999999,3.75,12.0,0.26953125,7925,2.25,11.95,0.0,0,2.125,11.95,0.26953125,3424,3.25,12.0,0.0,0,false,false,kOff,0.0,11.95,0.0,0,0.0,12.05,0.0,0,kReverse,kOff,
2932,12.1,13.5,163.25,1435.3,3.625,12.0,0.26953125,7925,2.125,11.95,0.0,0,2.125,11.95,0.26953125,3424,3.125,12.0,0.0,0,false,false,kOff,0.0,11.95,0.0,0,0.0,12.05,0.0,0,kReverse,kOff,
2955,12.200000000000001,12.5,152.5,1438.3500000000001,3.5,12.0,0.26953125,7925,2.125,11.95,0.0,0,2.125,11.95,0.26953125,3424,3.0,12.0,0.0,0,false,false,kOff,0.0,11.95,0.0,0,0.0,12.05,0.0,0,kReverse,kOff,
2991,12.200000000000001,12.5,152.5,1444.4375,3.375,12.0,0.26953125,7925,2.0,11.95,0.0,0,1.875,11.95,0.26953125,3424,2.875,12.0,0.0,0,false,false,kOff,0.0,11.95,0.0,0,0.0,12.05,0.0,0,kReverse,kOff,
3013,12.15,11.5,139.625,1447.23,3.25,12.0,0.26953125,7925,2.0,12.05,0.0,0,1.875,11.95,0.26953125,3424,2.75,12.0,0.0,0,false,false,kOff,0.0,11.95,0.0,0,0.0,12.05,0.0,0,kReverse,kOff,
3049,12.15,11.5,139.625,1452.815,3.125,12.0,0.26953125,7925,1.875,12.05,0.0,0,1.875,11.95,0.26953125,3424,2.75,12.0,0.0,0,false,false,kOff,0.0,11.95,0.0,0,0.0,12.05,0.0,0,kReverse,kOff,
3072,12.15,11.0,133.625,1455.4875000000002,3.0,12.05,0.26953125,8075,1.75,12.05,0.0,0,1.625,12.0,0.26953125,3559,2.75,12.0,0.0,0,false,false,kOff,0.0,12.0,0.0,0,0.0,12.1,0.0,0,kReverse,kOff,
3095,12.200000000000001,11.0,134.125,1458.17,3.0,12.05,0.26953125,8075,1.75,12.05,0.0,0,1.625,12.0,0.26953125,3559,2.625,12.0,0.0,0,false,false,kOff,0.0,12.0,0.0,0,0.0,12.1,0.0,0,kReverse,kOff,
3131,12.200000000000001,8.5,103.625,1462.925,3.0,12.05,0.2734375,8075,1.625,12.05,0.0,0,1.625,12.0,0.2734375,3559,2.625,12.0,0.0,0,false,false,kOff,0.0,12.0,0.0,0,0.0,12.1,0.0,0,kReverse,kOff,
3151,12.200000000000001,8.5,103.625,1464.9975,2.875,12.05,0.2734375,8075,1.5,12.05,0.0,0,1.625,12.0,0.2734375,3559,2.5,12.0,0.0,0,false,false,kOff,0.0,12.0,0.0,0,0.0,12.1,0.0,0,kReverse,kOff,
3173,12.15,8.5,103.25,1467.0625,2.875,12.05,0.2734375,8075,1.625,12.05,0.0,0,1.375,12.0,0.2734375,3559,2.5,12.0,0.0,0,false,false,kOff,0.0,12.0,0.0,0,0.0,12.1,0.0,0,kReverse,kOff,
3195,12.1,8.0,97.125,1469.0049999999999,2.875,12.05,0.2734375,8075,1.625,12.05,0.0,0,1.375,12.0,0.2734375,3559,2.5,12.0,0.0,0,false,false,kOff,0.0,12.0,0.0,0,0.0,12.1,0.0,0,kReverse,kOff,
3231,12.15,8.0,97.125,1472.89,2.875,12.0,0.2734375,8244,1.5,12.05,0.0,0,1.375,12.05,0.2734375,3713,2.5,12.05,0.0,0,false,false,kOff,0.0,12.0,0.0,0,0.0,12.1,0.0,0,kReverse,kOff,
3252,12.200000000000001,8.0,97.5,1474.8400000000001,2.75,12.0,0.2734375,8244,1.5,12.05,0.0,0,1.375,12.05,0.2734375,3713,2.5,12.05,0.0,0,false,false,kOff,0.0,12.0,0.0,0,0.0,12.1,0.0,0,kReverse,kOff,
3290,12.1,8.0,97.125,1478.7325,2.75,12.0,0.23828125,8244,1.375,12.05,0.0,0,1.375,12.05,0.23828125,3713,2.375,12.05,0.0,0,false,false,kOff,0.0,12.0,0.0,0,0.0,12.1,0.0,0,kReverse,kOff,
3312,12.200000000000001,8.0,97.5,1480.6825000000001,2.25,12.0,0.1796875,8244,1.25,12.05,0.0,0,1.25,12.05,0.1796875,3713,2.125,12.05,0.0,0,false,false,kOff,0.0,12.0,0.0,0,0.0,12.1,0.0,0,kReverse,kOff,
3351,12.3,7.125,87.625,1484.18,1.25,12.0,0.046875,8244,0.625,12.15,0.0,0,0.75,12.05,0.046875,3713,1.5,12.05,0.0,0,false,false,kOff,0.0,12.0,0.0,0,0.0,12.1,0.0,0,kReverse,kOff,
3372,12.3,7.125,87.875,1485.9375,0.5,12.0,0.0078125,8244,0.25,12.15,0.0,0,0.375,12.05,0.0078125,3713,0.5,12.05,0.0,0,false,false,kOff,0.0,12.0,0.0,0,0.0,12.1,0.0,0,kReverse,kOff,
3396,12.35,0.0,0.0,1485.9375,0.25,12.25,0.00390625,8413,0.125,12.15,0.0,0,0.125,12.25,0.00390625,3869,0.125,12.25,0.0,0,false,false,kOff,0.0,12.200000000000001,0.0,0,0.0,12.3,0.0,0,kReverse,kOff,
3431,12.35,0.0,0.0,1485.9375,0.125,12.25,0.00390625,8413,0.125,12.15,0.0,0,0.125,12.25,0.00390625,3869,0.125,12.25,0.0,0,false,false,kOff,0.0,12.200000000000001,0.0,0,0.0,12.3,0.0,0,kReverse,kOff,
3456,12.35,0.0,0.0,1485.9375,0.125,12.25,0.00390625,8413,0.125,12.15,0.0,0,0.0,12.25,0.00390625,3869,0.125,12.25,0.0,0,false,false,kOff,0.0,12.200000000000001,0.0,0,0.0,12.3,0.0,0,kReverse,kOff,
3490,12.35,0.0,0.0,1485.9375,0.125,12.25,0.00390625,8413,0.125,12.3,0.0,0,0.0,12.25,0.00390625,3869,0.125,12.25,0.0,0,false,false,kOff,0.0,12.200000000000001,0.0,0,0.0,12.3,0.0,0,kReverse,kOff,
3510,12.35,0.0,0.0,1485.9375,0.125,12.25,0.00390625,8413,0.125,12.3,0.0,0,0.0,12.25,0.00390625,3869,0.0,12.25,0.0,0,false,false,kOff,0.0,12.200000000000001,0.0,0,0.0,12.3,0.0,0,kReverse,kOff,
3530,12.3,0.0,0.0,1485.9375,0.125,12.25,0.00390625,8413,0.125,12.3,0.0,0,0.0,12.25,0.00390625,3869,0.0,12.25,0.0,0,false,false,kOff,0.0,12.200000000000001,0.0,0,0.0,12.3,0.0,0,kReverse,kOff,
3551,12.35,0.0,0.0,1485.9375,0.125,12.25,0.00390625,8517,0.125,12.3,0.0,0,0.0,12.25,0.00390625,3983,0.0,12.3,0.0,0,false,false,kOff,0.0,12.200000000000001,0.0,0,0.0,12.3,0.0,0,kReverse,kOff,
3572,12.35,0.0,0.0,1485.9375,0.125,12.25,0.00390625,8517,0.125,12.3,0.0,0,0.0,12.25,0.00390625,3983,0.0,12.3,0.0,0,false,false,kOff,0.0,12.200000000000001,0.0,0,0.0,12.3,0.0,0,kReverse,kOff,
3593,12.35,0.0,0.0,1485.9375,0.125,12.25,0.00390625,8517,0.125,12.3,0.0,0,0.0,12.25,0.00390625,3983,0.0,12.3,0.0,0,false,false,kOff,0.0,12.200000000000001,0.0,0,0.0,12.3,0.0,0,kReverse,kOff,
3614,12.4,0.0,0.0,1485.9375,0.125,12.25,0.00390625,8517,0.125,12.3,0.0,0,0.0,12.25,0.00390625,3983,0.0,12.3,0.0,0,false,false,kOff,0.0,12.200000000000001,0.0,0,0.0,12.3,0.0,0,kReverse,kOff,
3636,12.4,0.0,0.0,1485.9375,0.125,12.25,0.00390625,8517,0.125,12.3,0.0,0,0.0,12.25,0.00390625,3983,0.0,12.3,0.0,0,false,false,kOff,0.0,12.200000000000001,0.0,0,0.0,12.3,0.0,0,kReverse,kOff,
3669,12.35,0.0,0.0,1485.9375,0.125,12.25,0.00390625,8517,0.125,12.3,0.0,0,0.0,12.25,0.00390625,3983,0.0,12.3,0.0,0,false,false,kOff,0.0,12.200000000000001,0.0,0,0.0,12.3,0.0,0,kReverse,kOff,
3690,12.4,0.0,0.0,1485.9375,0.125,12.25,0.00390625,8517,0.125,12.3,0.0,0,0.0,12.25,0.00390625,3983,0.0,12.3,0.0,0,false,false,kOff,0.0,12.200000000000001,0.0,0,0.0,12.3,0.0,0,kReverse,kOff,
3710,12.4,0.0,0.0,1485.9375,0.125,12.25,0.00390625,8637,0.125,12.3,0.0,0,0.0,12.25,0.00390625,4112,0.0,12.3,0.0,0,false,false,kOff,0.0,12.200000000000001,0.0,0,0.0,12.35,0.0,0,kReverse,kOff,
3730,12.450000000000001,0.0,0.0,1485.9375,0.125,12.25,0.00390625,8637,0.125,12.3,0.0,0,0.0,12.25,0.00390625,4112,0.125,12.3,0.0,0,false,false,kOff,0.0,12.200000000000001,0.0,0,0.0,12.35,0.0,0,kReverse,kOff,
3750,12.35,0.0,0.0,1485.9375,0.125,12.25,0.00390625,8637,0.125,12.3,0.0,0,0.0,12.25,0.00390625,4112,0.0,12.3,0.0,0,false,false,kOff,0.0,12.200000000000001,0.0,0,0.0,12.35,0.0,0,kReverse,kOff,
3771,12.35,0.0,0.0,1485.9375,0.125,12.25,0.00390625,8637,0.125,12.3,0.0,0,0.0,12.25,0.00390625,4112,0.0,12.3,0.0,0,false,false,kOff,0.0,12.200000000000001,0.0,0,0.0,12.35,0.0,0,kReverse,kOff,
3792,12.4,0.0,0.0,1485.9375,0.125,12.25,0.00390625,8637,0.125,12.3,0.0,0,0.0,12.25,0.00390625,4112,0.0,12.3,0.0,0,false,false,kOff,0.0,12.200000000000001,0.0,0,0.0,12.35,0.0,0,kReverse,kOff,
3813,12.4,0.0,0.0,1485.9375,0.125,12.25,0.00390625,8637,0.125,12.3,0.0,0,0.0,12.25,0.00390625,4112,0.0,12.3,0.0,0,false,false,kOff,0.0,12.200000000000001,0.0,0,0.0,12.35,0.0,0,kReverse,kOff,
3834,12.4,0.0,0.0,1485.9375,0.125,12.25,0.00390625,8637,0.125,12.3,0.0,0,0.0,12.25,0.00390625,4112,0.125,12.3,0.0,0,false,false,kOff,0.0,12.200000000000001,0.0,0,0.0,12.35,0.0,0,kReverse,kOff,
3871,12.35,0.0,0.0,1485.9375,0.125,12.25,0.00390625,8740,0.125,12.3,0.0,0,0.0,12.25,0.00390625,4214,0.125,12.3,0.0,0,false,false,kOff,0.0,12.200000000000001,0.0,0,0.0,12.3,0.0,0,kReverse,kOff,
3892,12.35,0.0,0.0,1485.9375,0.125,12.25,0.00390625,8740,0.125,12.3,0.0,0,0.0,12.25,0.00390625,4214,0.0,12.3,0.0,0,false,false,kOff,0.0,12.200000000000001,0.0,0,0.0,12.3,0.0,0,kReverse,kOff,
3913,12.4,0.0,0.0,1485.9375,0.125,12.25,0.00390625,8740,0.125,12.3,0.0,0,0.0,12.25,0.00390625,4214,0.0,12.3,0.0,0,false,false,kOff,0.0,12.200000000000001,0.0,0,0.0,12.3,0.0,0,kReverse,kOff,
3949,12.4,0.0,0.0,1485.9375,0.125,12.25,0.00390625,8740,0.125,12.3,0.0,0,0.0,12.25,0.00390625,4214,0.0,12.3,0.0,0,false,false,kOff,0.0,12.200000000000001,0.0,0,0.0,12.3,0.0,0,kReverse,kOff,
3969,12.35,0.0,0.0,1485.9375,0.125,12.25,0.00390625,8740,0.125,12.3,0.0,0,0.0,12.25,0.00390625,4214,0.0,12.3,0.0,0,false,false,kOff,0.0,12.200000000000001,0.0,0,0.0,12.3,0.0,0,kReverse,kOff,
3990,12.4,0.0,0.0,1485.9375,0.125,12.25,0.00390625,8740,0.125,12.3,0.0,0,0.0,12.25,0.00390625,4214,0.0,12.3,0.0,0,false,false,kOff,0.0,12.200000000000001,0.0,0,0.0,12.3,0.0,0,kReverse,kOff,
4011,12.4,0.0,0.0,1485.9375,0.125,12.25,0.00390625,8740,0.125,12.3,0.0,0,0.0,12.25,0.00390625,4214,0.0,12.3,0.0,0,false,false,kOff,0.0,12.200000000000001,0.0,0,0.0,12.3,0.0,0,kReverse,kOff,
4032,12.4,0.0,0.0,1485.9375,0.125,12.25,0.00390625,8821,0.125,12.3,0.0,0,0.0,12.25,0.00390625,4292,0.0,12.3,0.0,0,false,false,kOff,0.0,12.200000000000001,0.0,0,0.0,12.3,0.0,0,kReverse,kOff,
4054,12.4,0.0,0.0,1485.9375,0.125,12.25,0.00390625,8821,0.125,12.3,0.0,0,0.0,12.25,0.00390625,4292,0.125,12.3,0.0,0,false,false,kOff,0.0,12.200000000000001,0.0,0,0.0,12.3,0.0,0,kReverse,kOff,
4078,12.35,0.0,0.0,1485.9375,0.125,12.25,0.00390625,8821,0.125,12.3,0.0,0,0.0,12.25,0.00390625,4292,0.0,12.3,0.0,0,false,false,kOff,0.0,12.200000000000001,0.0,0,0.0,12.3,0.0,0,kReverse,kOff,
4111,12.35,0.0,0.0,1485.9375,0.125,12.25,0.00390625,8821,0.125,12.3,0.0,0,0.0,12.25,0.00390625,4292,0.0,12.3,0.0,0,false,false,kOff,0.0,12.200000000000001,0.0,0,0.0,12.3,0.0,0,kReverse,kOff,
4132,12.35,0.0,0.0,1485.9375,0.125,12.25,0.00390625,8821,0.125,12.3,0.0,0,0.0,12.25,0.00390625,4292,0.0,12.3,0.0,0,false,false,kOff,0.0,12.200000000000001,0.0,0,0.0,12.3,0.0,0,kReverse,kOff,
4153,12.4,0.0,0.0,1485.9375,0.125,12.25,0.0,8821,0.125,12.3,0.0,0,0.0,12.25,0.0078125,4292,0.0,12.3,0.0,0,false,false,kOff,0.0,12.200000000000001,0.0,0,0.0,12.3,0.0,0,kReverse,kOff,
4175,12.35,0.0,0.0,1485.9375,0.125,12.25,-0.01171875,8821,0.125,12.3,0.0,0,0.0,12.25,0.01953125,4292,0.125,12.3,0.0,0,false,false,kOff,0.0,12.200000000000001,0.0,0,0.0,12.3,0.0,0,kReverse,kOff,
4199,12.3,0.0,0.0,1485.9375,0.25,12.25,-0.01953125,8880,0.125,12.3,0.0,0,0.0,12.25,0.02734375,4350,0.125,12.3,0.0,0,false,false,kOff,0.0,12.200000000000001,0.0,0,0.0,12.3,0.0,0,kReverse,kOff,
4231,12.35,0.0,0.0,1485.9375,0.25,12.25,-0.03125,8880,0.125,12.3,0.0,0,0.0,12.25,0.0390625,4350,0.125,12.3,0.0,0,false,false,kOff,0.0,12.200000000000001,0.0,0,0.0,12.3,0.0,0,kReverse,kOff,
4252,12.35,0.0,0.0,1485.9375,0.375,12.25,-0.03125,8880,0.125,12.3,0.0,0,0.0,12.25,0.0390625,4350,0.125,12.3,0.0,0,false,false,kOff,0.0,12.200000000000001,0.0,0,0.0,12.3,0.0,0,kReverse,kOff,
4273,12.4,0.0,0.0,1485.9375,0.375,12.25,-0.03125,8880,0.125,12.3,0.0,0,0.0,12.25,0.0390625,4350,0.125,12.3,0.0,0,false,false,kOff,0.0,12.200000000000001,0.0,0,0.0,12.3,0.0,0,kReverse,kOff,
4296,12.35,0.0,0.0,1485.9375,0.375,12.25,-0.03515625,8880,0.125,12.3,0.0,0,0.25,12.25,0.04296875,4350,0.125,12.3,0.0,0,false,false,kOff,0.0,12.200000000000001,0.0,0,0.0,12.3,0.0,0,kReverse,kOff,
4330,12.35,0.0,0.0,1485.9375,0.375,12.25,-0.046875,8880,0.125,12.3,0.0,0,0.0,12.25,0.0546875,4350,0.25,12.3,0.0,0,false,false,kOff,0.0,12.200000000000001,0.0,0,0.0,12.3,0.0,0,kReverse,kOff,
4351,12.35,0.0,0.0,1485.9375,0.375,12.25,-0.05078125,8912,0.125,12.3,0.0,0,0.0,12.25,0.05859375,4387,0.25,12.25,0.0,0,false,false,kOff,0.0,12.200000000000001,0.0,0,0.0,12.3,0.0,0,kReverse,kOff,
4372,12.4,0.0,0.0,1485.9375,0.375,12.25,-0.0625,8912,0.125,12.3,0.0,0,0.0,12.25,0.0703125,4387,0.0,12.25,0.0,0,false,false,kOff,0.0,12.200000000000001,0.0,0,0.0,12.3,0.0,0,kReverse,kOff,
4394,12.35,0.0,0.0,1485.9375,0.625,12.25,-0.07421875,8912,0.25,12.3,0.0,0,0.0,12.25,0.08203125,4387,0.0,12.25,0.0,0,false,false,kOff,0.0,12.200000000000001,0.0,0,0.0,12.3,0.0,0,kReverse,kOff,
4417,12.3,0.0,0.0,1485.9375,0.625,12.25,-0.078125,8912,0.25,12.3,0.0,0,0.0,12.25,0.0859375,4387,0.0,12.25,0.0,0,false,false,kOff,0.0,12.200000000000001,0.0,0,0.0,12.3,0.0,0,kReverse,kOff,
4451,12.35,0.0,0.0,1485.9375,0.75,12.25,-0.08984375,8912,0.375,12.25,0.0,0,0.25,12.25,0.09765625,4387,0.25,12.25,0.0,0,false,false,kOff,0.0,12.200000000000001,0.0,0,0.0,12.3,0.0,0,kReverse,kOff,
4473,12.35,0.0,0.0,1485.9375,0.875,12.25,-0.09375,8912,0.375,12.25,0.0,0,0.25,12.25,0.1015625,4387,0.25,12.25,0.0,0,false,false,kOff,0.0,12.200000000000001,0.0,0,0.0,12.3,0.0,0,kReverse,kOff,
4494,12.35,0.0,0.0,1485.9375,0.875,12.25,-0.1015625,8912,0.375,12.25,0.0,0,0.25,12.25,0.109375,4387,0.25,12.25,0.0,0,false,false,kOff,0.0,12.200000000000001,0.0,0,0.0,12.3,0.0,0,kReverse,kOff,
4518,12.3,0.0,0.0,1485.9375,0.875,12.200000000000001,-0.10546875,8915,0.375,12.25,0.0,0,0.25,12.200000000000001,0.11328125,4424,0.25,12.25,0.0,0,false,false,kOff,0.0,12.200000000000001,0.0,0,0.0,12.25,0.0,0,kReverse,kOff,
4551,12.3,0.0,0.0,1485.9375,1.0,12.200000000000001,-0.109375,8915,0.75,12.25,0.0,0,0.25,12.200000000000001,0.1171875,4424,0.25,12.25,0.0,0,false,false,kOff,0.0,12.200000000000001,0.0,0,0.0,12.25,0.0,0,kReverse,kOff,
4571,12.3,0.0,0.0,1485.9375,1.125,12.200000000000001,-0.109375,8915,0.875,12.25,0.0,0,0.25,12.200000000000001,0.1171875,4424,0.5,12.25,0.0,0,false,false,kOff,0.0,12.200000000000001,0.0,0,0.0,12.25,0.0,0,kReverse,kOff,
4594,12.25,0.0,0.0,1485.9375,1.125,12.200000000000001,-0.11328125,8915,0.875,12.25,0.0,0,0.25,12.200000000000001,0.12109375,4424,1.0,12.25,0.0,0,false,false,kOff,0.0,12.200000000000001,0.0,0,0.0,12.25,0.0,0,kReverse,kOff,
4616,12.3,0.0,0.0,1485.9375,1.125,12.200000000000001,-0.125,8915,0.875,12.200000000000001,0.0,0,0.5,12.200000000000001,0.1328125,4424,1.125,12.25,0.0,0,false,false,kOff,0.0,12.200000000000001,0.0,0,0.0,12.25,0.0,0,kReverse,kOff,
4651,12.3,0.0,0.0,1485.9375,1.25,12.200000000000001,-0.1484375,8915,1.0,12.200000000000001,0.0,0,0.5,12.200000000000001,0.15625,4424,1.5,12.25,0.0,0,false,false,kOff,0.0,12.200000000000001,0.0,0,0.0,12.25,0.0,0,kReverse,kOff,
4673,12.25,1.875,23.0,1486.3975,1.625,12.15,-0.1640625,8907,1.125,12.200000000000001,0.0,0,0.5,12.1,0.171875,4446,1.5,12.1,0.0,0,false,false,kOff,0.0,12.1,0.0,0,0.0,12.200000000000001,0.0,0,kReverse,kOff,
4695,12.25,1.875,22.875,1486.855,2.0,12.15,-0.1875,8907,1.5,12.200000000000001,0.0,0,0.75,12.1,0.1953125,4446,1.625,12.1,0.0,0,false,false,kOff,0.0,12.1,0.0,0,0.0,12.200000000000001,0.0,0,kReverse,kOff,
4730,12.200000000000001,7.875,95.625,1489.2250000000001,3.0,12.15,-0.21484375,8907,2.125,12.200000000000001,0.0,0,1.625,12.1,0.22265625,4446,2.625,12.1,0.0,0,false,false,kOff,0.0,12.1,0.0,0,0.0,12.200000000000001,0.0,0,kReverse,kOff,
4752,12.15,7.875,94.875,1491.1225000000002,3.5,12.15,-0.22265625,8907,2.625,12.200000000000001,0.0,0,2.0,12.1,0.23046875,4446,3.25,12.1,0.0,0,false,false,kOff,0.0,12.1,0.0,0,0.0,12.200000000000001,0.0,0,kReverse,kOff,
4774,11.95,7.875,94.5,1493.0125,4.0,12.15,-0.2265625,8907,3.125,11.9,0.0,0,2.25,12.1,0.234375,4446,4.0,12.1,0.0,0,false,false,kOff,0.0,12.1,0.0,0,0.0,12.200000000000001,0.0,0,kReverse,kOff,
4798,12.0,15.5,186.0,1496.7325,4.5,12.15,-0.2265625,8907,3.625,11.9,0.0,0,2.5,12.1,0.234375,4446,4.5,12.1,0.0,0,false,false,kOff,0.0,12.1,0.0,0,0.0,12.200000000000001,0.0,0,kReverse,kOff,
4830,12.05,15.5,186.75,1504.2025,4.875,11.850000000000001,-0.23046875,8889,3.75,11.9,0.0,0,2.75,11.850000000000001,0.23828125,4452,5.0,11.75,0.0,0,false,false,kOff,0.0,11.850000000000001,0.0,0,0.0,11.9,0.0,0,kReverse,kOff,
4851,12.05,15.5,186.0,1507.9225,4.875,11.850000000000001,-0.23046875,8889,3.75,11.9,0.0,0,2.625,11.850000000000001,0.23828125,4452,5.125,11.75,0.0,0,false,false,kOff,0.0,11.850000000000001,0.0,0,0.0,11.9,0.0,0,kReverse,kOff,
4873,11.95,17.25,206.125,1512.045,4.875,11.850000000000001,-0.234375,8889,3.625,11.9,0.0,0,2.5,11.850000000000001,0.2421875,4452,5.25,11.75,0.0,0,false,false,kOff,0.0,11.850000000000001,0.0,0,0.0,11.9,0.0,0,kReverse,kOff,
4895,11.95,17.25,206.125,1516.1675,5.0,11.850000000000001,-0.234375,8889,3.625,11.9,0.0,0,2.625,11.850000000000001,0.2421875,4452,5.25,11.75,0.0,0,false,false,kOff,0.0,11.850000000000001,0.0,0,0.0,11.9,0.0,0,kReverse,kOff,
4919,11.95,17.25,206.125,1520.29,5.0,11.850000000000001,-0.23828125,8889,3.625,11.9,0.0,0,2.75,11.850000000000001,0.24609375,4452,5.25,11.75,0.0,0,false,false,kOff,0.0,11.850000000000001,0.0,0,0.0,11.9,0.0,0,kReverse,kOff,
4950,11.95,17.375,207.625,1528.595,5.25,11.850000000000001,-0.25390625,8889,3.75,11.850000000000001,0.0,0,2.875,11.850000000000001,0.26171875,4452,5.125,11.75,0.0,0,false,false,kOff,0.0,11.850000000000001,0.0,0,0.0,11.9,0.0,0,kReverse,kOff,
4971,11.95,17.375,207.625,1532.7475000000002,5.5,11.850000000000001,-0.2578125,8889,3.875,11.850000000000001,0.0,0,2.875,11.850000000000001,0.265625,4452,5.125,11.75,0.0,0,false,false,kOff,0.0,11.850000000000001,0.0,0,0.0,11.9,0.0,0,kReverse,kOff,
4996,12.05,18.0,216.875,1537.085,5.625,11.75,-0.26171875,8856,4.0,11.850000000000001,0.0,0,3.25,11.75,0.26953125,4468,5.0,11.75,0.0,0,false,false,kOff,0.0,11.75,0.0,0,0.0,11.850000000000001,0.0,0,kReverse,kOff,
5030,12.0,18.0,214.125,1545.6875,6.125,11.75,-0.26171875,8856,4.375,11.850000000000001,0.0,0,3.5,11.75,0.26953125,4468,5.5,11.75,0.0,0,false,false,kOff,0.0,11.75,0.0,0,0.0,11.850000000000001,0.0,0,kReverse,kOff,
5052,11.9,21.125,250.25,1550.6925,6.25,11.75,-0.26171875,8856,4.375,11.850000000000001,0.0,0,3.625,11.75,0.26953125,4468,5.875,11.75,0.0,0,false,false,kOff,0.0,11.75,0.0,0,0.0,11.850000000000001,0.0,0,kReverse,kOff,
5076,11.9,21.125,251.375,1555.72,6.25,11.75,-0.26171875,8856,4.5,11.850000000000001,0.0,0,3.625,11.75,0.26953125,4468,6.0,11.75,0.0,0,false,false,kOff,0.0,11.75,0.0,0,0.0,11.850000000000001,0.0,0,kReverse,kOff,
5110,11.850000000000001,22.25,263.625,1565.9975,6.25,11.75,-0.26171875,8856,4.75,11.7,0.0,0,3.375,11.75,0.26953125,4468,6.375,11.75,0.0,0,false,false,kOff,0.0,11.75,0.0,0,0.0,11.850000000000001,0.0,0,kReverse,kOff,
5151,11.8,22.25,262.5,1576.5200000000002,6.25,11.600000000000001,-0.265625,8812,4.75,11.7,0.0,0,2.875,11.7,0.2734375,4487,6.125,11.75,0.0,0,false,false,kOff,0.0,11.75,0.0,0,0.0,11.850000000000001,0.0,0,kReverse,kOff,
5173,11.850000000000001,22.25,263.625,1581.7925,6.25,11.600000000000001,-0.265625,8812,4.75,11.7,0.0,0,3.0,11.7,0.2734375,4487,6.0,11.75,0.0,0,false,false,kOff,0.0,11.75,0.0,0,0.0,11.850000000000001,0.0,0,kReverse,kOff,
5198,11.850000000000001,21.5,254.75,1586.8875,6.125,11.600000000000001,-0.265625,8812,4.75,11.7,0.0,0,3.125,11.7,0.2734375,4487,6.25,11.75,0.0,0,false,false,kOff,0.0,11.75,0.0,0,0.0,11.850000000000001,0.0,0,kReverse,kOff,
5231,11.850000000000001,21.5,253.625,1597.0325,6.25,11.600000000000001,-0.265625,8812,4.75,11.7,0.0,0,3.25,11.7,0.2734375,4487,6.5,11.75,0.0,0,false,false,kOff,0.0,11.75,0.0,0,0.0,11.850000000000001,0.0,0,kReverse,kOff,
5254,11.8,21.75,256.625,1602.165,6.25,11.600000000000001,-0.265625,8812,4.625,11.75,0.0,0,3.375,11.7,0.2734375,4487,6.5,11.75,0.0,0,false,false,kOff,0.0,11.75,0.0,0,0.0,11.850000000000001,0.0,0,kReverse,kOff,
5291,11.850000000000001,21.75,257.625,1612.4700000000003,6.25,11.600000000000001,-0.265625,8812,4.5,11.75,0.0,0,3.5,11.7,0.2734375,4487,6.75,11.75,0.0,0,false,false,kOff,0.0,11.75,0.0,0,0.0,11.850000000000001,0.0,0,kReverse,kOff,
5327,11.850000000000001,22.5,266.625,1623.1125,6.25,11.65,-0.265625,8765,4.75,11.75,0.0,0,3.375,11.7,0.2734375,4506,7.0,11.600000000000001,0.0,0,false,false,kOff,0.0,11.7,0.0,0,0.0,11.75,0.0,0,kReverse,kOff,
5370,11.8,22.375,264.0,1633.725,6.25,11.65,-0.265625,8765,4.875,11.75,0.0,0,3.375,11.7,0.2734375,4506,6.75,11.600000000000001,0.0,0,false,false,kOff,0.0,11.7,0.0,0,0.0,11.75,0.0,0,kReverse,kOff,
5391,11.8,22.375,264.0,1639.0049999999999,6.25,11.65,-0.265625,8765,5.0,11.75,0.0,0,3.375,11.7,0.2734375,4506,6.5,11.600000000000001,0.0,0,false,false,kOff,0.0,11.7,0.0,0,0.0,11.75,0.0,0,kReverse,kOff,
5414,11.75,22.375,262.875,1644.2625,6.25,11.65,-0.265625,8765,5.0,11.7,0.0,0,3.375,11.7,0.2734375,4506,6.375,11.600000000000001,0.0,0,false,false,kOff,0.0,11.7,0.0,0,0.0,11.75,0.0,0,kReverse,kOff,
5450,11.8,22.0,259.5,1654.6225000000002,6.125,11.65,-0.265625,8765,4.625,11.7,0.0,0,3.5,11.7,0.2734375,4506,6.375,11.600000000000001,0.0,0,false,false,kOff,0.0,11.7,0.0,0,0.0,11.75,0.0,0,kReverse,kOff,
5471,11.850000000000001,22.0,260.625,1659.835,6.0,11.7,-0.265625,8713,4.5,11.7,0.0,0,3.375,11.600000000000001,0.2734375,4528,6.375,11.600000000000001,0.0,0,false,false,kOff,0.0,11.7,0.0,0,0.0,11.8,0.0,0,kReverse,kOff,
5494,11.850000000000001,22.0,259.5,1665.025,6.0,11.7,-0.265625,8713,4.5,11.7,0.0,0,3.5,11.600000000000001,0.2734375,4528,6.125,11.600000000000001,0.0,0,false,false,kOff,0.0,11.7,0.0,0,0.0,11.8,0.0,0,kReverse,kOff,
5530,11.850000000000001,21.375,253.25,1675.155,6.0,11.7,-0.265625,8713,4.375,11.7,0.0,0,3.625,11.600000000000001,0.2734375,4528,6.25,11.600000000000001,0.0,0,false,false,kOff,0.0,11.7,0.0,0,0.0,11.8,0.0,0,kReverse,kOff,
5553,11.95,21.375,255.375,1680.2625,6.0,11.7,-0.265625,8713,4.25,11.7,0.0,0,3.5,11.600000000000001,0.2734375,4528,6.125,11.600000000000001,0.0,0,false,false,kOff,0.0,11.7,0.0,0,0.0,11.8,0.0,0,kReverse,kOff,
5590,11.850000000000001,20.875,247.25,1690.1525000000001,5.75,11.7,-0.265625,8713,4.25,11.7,0.0,0,3.375,11.600000000000001,0.2734375,4528,5.625,11.600000000000001,0.0,0,false,false,kOff,0.0,11.7,0.0,0,0.0,11.8,0.0,0,kReverse,kOff,
5612,11.9,20.875,246.25,1695.0775,5.75,11.7,-0.265625,8713,4.375,11.7,0.0,0,3.375,11.600000000000001,0.2734375,4528,5.625,11.600000000000001,0.0,0,false,false,kOff,0.0,11.7,0.0,0,0.0,11.8,0.0,0,kReverse,kOff,
5635,11.9,20.375,242.375,1699.9250000000002,5.625,11.600000000000001,-0.265625,8647,4.25,11.7,0.0,0,3.125,11.7,0.2734375,4564,5.625,11.600000000000001,0.0,0,false,false,kOff,0.0,11.7,0.0,0,0.0,11.850000000000001,0.0,0,kReverse,kOff,
5670,11.95,20.375,243.375,1709.6399999999999,5.375,11.600000000000001,-0.265625,8647,4.0,11.7,0.0,0,3.0,11.7,0.2734375,4564,5.5,11.600000000000001,0.0,0,false,false,kOff,0.0,11.7,0.0,0,0.0,11.850000000000001,0.0,0,kReverse,kOff,
5693,11.9,18.875,226.5,1714.17,5.375,11.600000000000001,-0.265625,8647,3.875,11.7,0.0,0,2.875,11.7,0.2734375,4564,5.375,11.600000000000001,0.0,0,false,false,kOff,0.0,11.7,0.0,0,0.0,11.850000000000001,0.0,0,kReverse,kOff,
5730,11.9,18.875,225.5,1723.19,5.375,11.600000000000001,-0.265625,8647,3.75,11.8,0.0,0,2.875,11.7,0.2734375,4564,5.25,11.600000000000001,0.0,0,false,false,kOff,0.0,11.7,0.0,0,0.0,11.850000000000001,0.0,0,kReverse,kOff,
5752,11.9,18.5,220.125,1727.5925000000002,5.25,11.600000000000001,-0.265625,8647,3.875,11.8,0.0,0,2.75,11.7,0.2734375,4564,5.25,11.600000000000001,0.0,0,false,false,kOff,0.0,11.7,0.0,0,0.0,11.850000000000001,0.0,0,kReverse,kOff,
5791,11.95,18.5,221.0,1736.415,5.25,11.75,-0.265625,8564,3.875,11.8,0.0,0,3.0,11.75,0.2734375,4616,5.25,11.65,0.0,0,false,false,kOff,0.0,11.75,0.0,0,0.0,11.850000000000001,0.0,0,kReverse,kOff,
5812,11.95,18.5,221.0,1740.835,5.125,11.75,-0.265625,8564,3.75,11.8,0.0,0,3.0,11.75,0.2734375,4616,5.125,11.65,0.0,0,false,false,kOff,0.0,11.75,0.0,0,0.0,11.850000000000001,0.0,0,kReverse,kOff,
5852,11.95,18.375,219.5,1749.615,5.125,11.75,-0.2265625,8564,3.75,11.8,0.0,0,3.0,11.75,0.234375,4616,5.0,11.65,0.0,0,false,false,kOff,0.0,11.75,0.0,0,0.0,11.850000000000001,0.0,0,kReverse,kOff,
5876,12.05,18.375,221.375,1754.0425,4.625,11.75,-0.16796875,8564,3.375,11.8,0.0,0,2.75,11.75,0.17578125,4616,4.75,11.65,0.0,0,false,false,kOff,0.0,11.75,0.0,0,0.0,11.850000000000001,0.0,0,kReverse,kOff,
5911,12.05,16.75,203.5,1762.1475,3.0,11.75,-0.0546875,8564,2.375,11.9,0.0,0,1.75,11.75,0.0625,4616,3.5,11.65,0.0,0,false,false,kOff,0.0,11.75,0.0,0,0.0,11.850000000000001,0.0,0,kReverse,kOff,
5937,12.200000000000001,16.75,204.25,1766.2325,1.625,11.75,-0.015625,8564,1.375,11.9,0.0,0,0.875,11.75,0.0234375,4616,2.25,11.65,0.0,0,false,false,kOff,0.0,11.75,0.0,0,0.0,11.850000000000001,0.0,0,kReverse,kOff,
5971,12.3,6.75,83.0,1769.5525,0.375,12.15,0.00390625,8482,0.25,11.9,0.0,0,0.25,12.1,0.00390625,4671,0.5,12.15,0.0,0,false,false,kOff,0.0,12.05,0.0,0,0.0,12.200000000000001,0.0,0,kReverse,kOff,
5993,12.3,6.75,83.0,1771.2125,0.125,12.15,0.00390625,8482,0.125,11.9,0.0,0,0.0,12.1,0.00390625,4671,0.125,12.15,0.0,0,false,false,kOff,0.0,12.05,0.0,0,0.0,12.200000000000001,0.0,0,kReverse,kOff,
6031,12.3,0.0,0.0,1771.2125,0.125,12.15,0.00390625,8482,0.125,11.9,0.0,0,0.0,12.1,0.00390625,4671,0.125,12.15,0.0,0,false,false,kOff,0.0,12.05,0.0,0,0.0,12.200000000000001,0.0,0,kReverse,kOff,
6053,12.3,0.0,0.0,1771.2125,0.125,12.15,0.00390625,8482,0.125,12.200000000000001,0.0,0,0.0,12.1,0.00390625,4671,0.125,12.15,0.0,0,false,false,kOff,0.0,12.05,0.0,0,0.0,12.200000000000001,0.0,0,kReverse,kOff,
6090,12.35,0.0,0.0,1771.2125,0.125,12.15,0.00390625,8482,0.125,12.200000000000001,0.0,0,0.0,12.1,0.00390625,4671,0.125,12.15,0.0,0,false,false,kOff,0.0,12.05,0.0,0,0.0,12.200000000000001,0.0,0,kReverse,kOff,
6114,12.3,0.0,0.0,1771.2125,0.125,12.200000000000001,0.00390625,8477,0.125,12.200000000000001,0.0,0,0.0,12.200000000000001,0.00390625,4673,0.125,12.200000000000001,0.0,0,false,false,kOff,0.0,12.15,0.0,0,0.0,12.25,0.0,0,kReverse,kOff,
6150,12.3,0.0,0.0,1771.2125,0.125,12.200000000000001,0.00390625,8477,0.125,12.200000000000001,0.0,0,0.0,12.200000000000001,0.00390625,4673,0.125,12.200000000000001,0.0,0,false,false,kOff,0.0,12.15,0.0,0,0.0,12.25,0.0,0,kReverse,kOff,
6170,12.3,0.0,0.0,1771.2125,0.125,12.200000000000001,0.00390625,8477,0.125,12.200000000000001,0.0,0,0.0,12.200000000000001,0.00390625,4673,0.125,12.200000000000001,0.0,0,false,false,kOff,0.0,12.15,0.0,0,0.0,12.25,0.0,0,kReverse,kOff,
6191,12.3,0.0,0.0,1771.2125,0.125,12.200000000000001,0.00390625,8477,0.125,12.200000000000001,0.0,0,0.0,12.200000000000001,0.00390625,4673,0.125,12.200000000000001,0.0,0,false,false,kOff,0.0,12.15,0.0,0,0.0,12.25,0.0,0,kReverse,kOff,
6211,12.3,0.0,0.0,1771.2125,0.125,12.200000000000001,0.00390625,8477,0.125,12.25,0.0,0,0.0,12.200000000000001,0.00390625,4673,0.125,12.200000000000001,0.0,0,false,false,kOff,0.0,12.15,0.0,0,0.0,12.25,0.0,0,kReverse,kOff,
6232,12.35,0.0,0.0,1771.2125,0.125,12.200000000000001,0.00390625,8477,0.125,12.25,0.0,0,0.0,12.200000000000001,0.00390625,4673,0.0,12.200000000000001,0.0,0,false,false,kOff,0.0,12.15,0.0,0,0.0,12.25,0.0,0,kReverse,kOff,
6255,12.3,0.0,0.0,1771.2125,0.125,12.200000000000001,0.00390625,8477,0.125,12.25,0.0,0,0.0,12.200000000000001,0.00390625,4673,0.0,12.200000000000001,0.0,0,false,false,kOff,0.0,12.15,0.0,0,0.0,12.25,0.0,0,kReverse,kOff,
6290,12.3,0.0,0.0,1771.2125,0.125,12.200000000000001,0.00390625,8477,0.125,12.25,0.0,0,0.0,12.200000000000001,0.00390625,4668,0.0,12.25,0.0,0,false,false,kOff,0.0,12.15,0.0,0,0.0,12.25,0.0,0,kReverse,kOff,
6310,12.3,0.0,0.0,1771.2125,0.125,12.200000000000001,0.00390625,8477,0.125,12.25,0.0,0,0.0,12.200000000000001,0.00390625,4668,0.125,12.25,0.0,0,false,false,kOff,0.0,12.15,0.0,0,0.0,12.25,0.0,0,kReverse,kOff,
6331,12.3,0.0,0.0,1771.2125,0.125,12.200000000000001,0.00390625,8477,0.125,12.25,0.0,0,0.0,12.200000000000001,0.00390625,4668,0.125,12.25,0.0,0,false,false,kOff,0.0,12.15,0.0,0,0.0,12.25,0.0,0,kReverse,kOff,
6351,12.3,0.0,0.0,1771.2125,0.125,12.200000000000001,0.00390625,8477,0.125,12.25,0.0,0,0.0,12.200000000000001,0.00390625,4668,0.125,12.25,0.0,0,false,false,kOff,0.0,12.15,0.0,0,0.0,12.25,0.0,0,kReverse,kOff,
6372,12.25,0.0,0.0,1771.2125,0.125,12.200000000000001,0.00390625,8477,0.125,12.25,0.0,0,0.0,12.200000000000001,0.00390625,4668,0.125,12.25,0.0,0,false,false,kOff,0.0,12.15,0.0,0,0.0,12.25,0.0,0,kReverse,kOff,
6393,12.25,0.0,0.0,1771.2125,0.125,12.200000000000001,0.00390625,8477,0.125,12.25,0.0,0,0.0,12.200000000000001,0.00390625,4668,0.125,12.25,0.0,0,false,false,kOff,0.0,12.15,0.0,0,0.0,12.25,0.0,0,kReverse,kOff,
6414,12.3,0.0,0.0,1771.2125,0.125,12.200000000000001,0.00390625,8477,0.125,12.25,0.0,0,0.0,12.200000000000001,0.00390625,4668,0.125,12.25,0.0,0,false,false,kOff,0.0,12.15,0.0,0,0.0,12.25,0.0,0,kReverse,kOff,
6436,12.3,0.0,0.0,1771.2125,0.125,12.200000000000001,0.00390625,8477,0.125,12.25,0.0,0,0.0,12.200000000000001,0.00390625,4668,0.125,12.25,0.0,0,false,false,kOff,0.0,12.15,0.0,0,0.0,12.25,0.0,0,kReverse,kOff,
6470,12.3,0.0,0.0,1771.2125,0.125,12.200000000000001,0.00390625,8477,0.125,12.25,0.0,0,0.0,12.200000000000001,0.00390625,4668,0.125,12.25,0.0,0,false,false,kOff,0.0,12.15,0.0,0,0.0,12.25,0.0,0,kReverse,kOff,
6491,12.25,0.0,0.0,1771.2125,0.125,12.200000000000001,0.00390625,8477,0.125,12.25,0.0,0,0.0,12.200000000000001,0.00390625,4668,0.125,12.25,0.0,0,false,false,kOff,0.0,12.15,0.0,0,0.0,12.25,0.0,0,kReverse,kOff,
6511,12.25,0.0,0.0,1771.2125,0.125,12.200000000000001,0.00390625,8477,0.125,12.25,0.0,0,0.0,12.200000000000001,0.00390625,4668,0.125,12.25,0.0,0,false,false,kOff,0.0,12.15,0.0,0,0.0,12.25,0.0,0,kReverse,kOff,
6531,12.3,0.0,0.0,1771.2125,0.125,12.200000000000001,0.00390625,8477,0.125,12.25,0.0,0,0.0,12.200000000000001,0.00390625,4668,0.125,12.25,0.0,0,false,false,kOff,0.0,12.15,0.0,0,0.0,12.25,0.0,0,kReverse,kOff,
6555,12.3,0.0,0.0,1771.2125,0.125,12.200000000000001,0.00390625,8477,0.125,12.25,0.0,0,0.0,12.200000000000001,0.00390625,4668,0.125,12.25,0.0,0,false,false,kOff,0.0,12.15,0.0,0,0.0,12.25,0.0,0,kReverse,kOff,
6591,12.3,0.0,0.0,1771.2125,0.125,12.200000000000001,0.0703125,8477,0.125,12.25,0.0,0,0.0,12.200000000000001,0.0703125,4668,0.125,12.25,0.0,0,false,false,kOff,0.0,12.15,0.0,0,0.0,12.25,0.0,0,kReverse,kOff,
6611,12.3,0.0,0.0,1771.2125,0.375,12.200000000000001,0.0859375,8477,0.125,12.25,0.0,0,0.0,12.200000000000001,0.0859375,4668,0.25,12.25,0.0,0,false,false,kOff,0.0,12.15,0.0,0,0.0,12.25,0.0,0,kReverse,kOff,
6632,12.3,0.0,0.0,1771.2125,0.375,12.200000000000001,0.109375,8477,0.125,12.25,0.0,0,0.25,12.200000000000001,0.109375,4668,0.25,12.25,0.0,0,false,false,kOff,0.0,12.15,0.0,0,0.0,12.25,0.0,0,kReverse,kOff,
6654,12.3,0.0,0.0,1771.2125,0.375,12.200000000000001,0.12109375,8477,0.125,12.25,0.0,0,0.25,12.200000000000001,0.12109375,4668,0.25,12.25,0.0,0,false,false,kOff,0.0,12.15,0.0,0,0.0,12.25,0.0,0,kReverse,kOff,
6677,12.35,0.0,0.0,1771.2125,0.375,12.200000000000001,0.13671875,8477,0.125,12.25,0.0,0,0.25,12.200000000000001,0.13671875,4668,0.75,12.25,0.0,0,false,false,kOff,0.0,12.15,0.0,0,0.0,12.25,0.0,0,kReverse,kOff,
6710,12.3,0.0,0.0,1771.2125,0.5,12.200000000000001,0.1796875,8477,0.25,12.200000000000001,0.0,0,0.75,12.200000000000001,0.1796875,4668,1.125,12.25,0.0,0,false,false,kOff,0.0,12.15,0.0,0,0.0,12.25,0.0,0,kReverse,kOff,
6752,12.15,0.0,0.0,1771.2125,1.875,12.05,0.2109375,8519,0.75,12.200000000000001,0.0,0,1.25,12.05,0.2109375,4680,1.75,12.05,0.0,0,false,false,kOff,0.0,12.0,0.0,0,0.0,12.1,0.0,0,kReverse,kOff,
6791,12.05,7.75,93.375,1773.08,3.125,12.05,0.2265625,8519,1.875,12.200000000000001,0.0,0,1.625,12.05,0.2265625,4680,2.75,12.05,0.0,0,false,false,kOff,0.0,12.0,0.0,0,0.0,12.1,0.0,0,kReverse,kOff,
6812,12.1,7.75,93.375,1774.9475000000002,3.625,12.05,0.23828125,8519,2.0,12.200000000000001,0.0,0,1.875,12.05,0.23828125,4680,3.0,12.05,0.0,0,false,false,kOff,0.0,12.0,0.0,0,0.0,12.1,0.0,0,kReverse,kOff,
6833,12.1,7.75,93.375,1776.815,3.875,12.05,0.26171875,8519,2.375,12.200000000000001,0.0,0,2.125,12.05,0.26171875,4680,3.25,12.05,0.0,0,false,false,kOff,0.0,12.0,0.0,0,0.0,12.1,0.0,0,kReverse,kOff,
6857,11.95,13.625,162.75,1780.0700000000002,4.25,12.05,0.296875,8519,2.5,11.850000000000001,0.0,0,2.375,12.05,0.296875,4680,3.625,12.05,0.0,0,false,false,kOff,0.0,12.0,0.0,0,0.0,12.1,0.0,0,kReverse,kOff,
6891,11.850000000000001,13.625,160.75,1786.54,5.375,12.05,0.33203125,8519,3.375,11.850000000000001,0.0,0,2.875,12.05,0.33203125,4680,4.5,12.05,0.0,0,false,false,kOff,0.0,12.0,0.0,0,0.0,12.1,0.0,0,kReverse,kOff,
6912,11.8,19.375,228.625,1791.1125000000002,6.375,11.7,0.34375,8569,4.125,11.850000000000001,0.0,0,3.375,11.7,0.34375,4725,5.125,11.600000000000001,0.0,0,false,false,kOff,0.0,11.65,0.0,0,0.0,11.75,0.0,0,kReverse,kOff,
6935,11.8,19.375,228.625,1795.685,7.25,11.7,0.34765625,8569,5.125,11.850000000000001,0.0,0,3.625,11.7,0.34765625,4725,6.125,11.600000000000001,0.0,0,false,false,kOff,0.0,11.65,0.0,0,0.0,11.75,0.0,0,kReverse,kOff,
6970,11.75,27.875,327.5,1806.7875000000001,8.0,11.7,0.3515625,8569,5.875,11.850000000000001,0.0,0,4.125,11.7,0.3515625,4725,7.125,11.600000000000001,0.0,0,false,false,kOff,0.0,11.65,0.0,0,0.0,11.75,0.0,0,kReverse,kOff,
6990,11.75,27.875,327.5,1813.3375,8.0,11.7,0.3515625,8569,5.75,11.850000000000001,0.0,0,4.375,11.7,0.3515625,4725,7.125,11.600000000000001,0.0,0,false,false,kOff,0.0,11.65,0.0,0,0.0,11.75,0.0,0,kReverse,kOff,
7050,11.7,27.125,317.25,1832.55,7.25,11.7,0.3515625,8569,5.25,11.600000000000001,0.0,0,4.375,11.7,0.3515625,4725,6.625,11.600000000000001,0.0,0,false,false,kOff,0.0,11.65,0.0,0,0.0,11.75,0.0,0,kReverse,kOff,
7072,11.8,27.125,318.625,1838.9225,7.0,11.55,0.3515625,8691,5.125,11.600000000000001,0.0,0,4.125,11.600000000000001,0.3515625,4836,6.25,11.5,0.0,0,false,false,kOff,0.0,11.600000000000001,0.0,0,0.0,11.7,0.0,0,kReverse,kOff,
7094,11.8,27.125,320.0,1845.3225,6.875,11.55,0.3515625,8691,4.875,11.600000000000001,0.0,0,3.875,11.600000000000001,0.3515625,4836,6.0,11.5,0.0,0,false,false,kOff,0.0,11.600000000000001,0.0,0,0.0,11.7,0.0,0,kReverse,kOff,
7130,11.8,24.25,287.25,1856.79,6.625,11.55,0.3515625,8691,4.5,11.600000000000001,0.0,0,3.75,11.600000000000001,0.3515625,4836,5.625,11.5,0.0,0,false,false,kOff,0.0,11.600000000000001,0.0,0,0.0,11.7,0.0,0,kReverse,kOff,
7150,11.850000000000001,24.25,287.25,1862.535,6.375,11.55,0.3515625,8691,4.25,11.600000000000001,0.0,0,3.75,11.600000000000001,0.3515625,4836,5.5,11.5,0.0,0,false,false,kOff,0.0,11.600000000000001,0.0,0,0.0,11.7,0.0,0,kReverse,kOff,
7171,11.850000000000001,22.125,262.125,1867.7775,6.125,11.55,0.35546875,8691,4.125,11.7,0.0,0,3.5,11.600000000000001,0.35546875,4836,5.375,11.5,0.0,0,false,false,kOff,0.0,11.600000000000001,0.0,0,0.0,11.7,0.0,0,kReverse,kOff,
7191,11.8,22.125,261.0,1872.9975000000002,6.0,11.55,0.35546875,8691,3.875,11.7,0.0,0,3.375,11.600000000000001,0.35546875,4836,5.25,11.5,0.0,0,false,false,kOff,0.0,11.600000000000001,0.0,0,0.0,11.7,0.0,0,kReverse,kOff,
7211,11.8,22.125,262.125,1878.2400000000002,5.875,11.55,0.359375,8691,3.75,11.7,0.0,0,3.25,11.600000000000001,0.359375,4836,5.125,11.5,0.0,0,false,false,kOff,0.0,11.600000000000001,0.0,0,0.0,11.7,0.0,0,kReverse,kOff,
7233,11.850000000000001,20.25,239.875,1883.0375000000001,5.75,11.65,0.359375,8868,3.75,11.7,0.0,0,3.25,11.7,0.359375,5000,5.0,11.600000000000001,0.0,0,false,false,kOff,0.0,11.7,0.0,0,0.0,11.8,0.0,0,kReverse,kOff,
7254,11.8,20.25,239.875,1887.835,5.75,11.65,0.36328125,8868,3.625,11.7,0.0,0,3.25,11.7,0.36328125,5000,5.0,11.600000000000001,0.0,0,false,false,kOff,0.0,11.7,0.0,0,0.0,11.8,0.0,0,kReverse,kOff,
7278,11.850000000000001,20.25,239.875,1892.6325,5.625,11.65,0.36328125,8868,3.5,11.7,0.0,0,3.25,11.7,0.36328125,5000,4.875,11.600000000000001,0.0,0,false,false,kOff,0.0,11.7,0.0,0,0.0,11.8,0.0,0,kReverse,kOff,
7310,11.850000000000001,19.125,226.625,1901.6975,5.375,11.65,0.37109375,8868,3.375,11.7,0.0,0,3.125,11.7,0.37109375,5000,4.75,11.600000000000001,0.0,0,false,false,kOff,0.0,11.7,0.0,0,0.0,11.8,0.0,0,kReverse,kOff,
7330,11.850000000000001,19.125,227.5,1906.2475,5.5,11.65,0.375,8868,3.375,11.8,0.0,0,3.125,11.7,0.375,5000,4.625,11.600000000000001,0.0,0,false,false,kOff,0.0,11.7,0.0,0,0.0,11.8,0.0,0,kReverse,kOff,
7351,11.9,18.125,214.75,1910.5425,5.375,11.65,0.3828125,8868,3.25,11.8,0.0,0,3.125,11.7,0.3828125,5000,4.625,11.600000000000001,0.0,0,false,false,kOff,0.0,11.7,0.0,0,0.0,11.8,0.0,0,kReverse,kOff,
7372,11.850000000000001,18.125,214.75,1914.8375,5.5,11.65,0.38671875,8868,3.375,11.8,0.0,0,3.125,11.7,0.38671875,5000,4.625,11.600000000000001,0.0,0,false,false,kOff,0.0,11.7,0.0,0,0.0,11.8,0.0,0,kReverse,kOff,
7394,11.8,18.125,213.875,1919.1150000000002,5.625,11.600000000000001,0.390625,9092,3.375,11.8,0.0,0,3.25,11.75,0.390625,5203,4.625,11.7,0.0,0,false,false,kOff,0.0,11.7,0.0,0,0.0,11.850000000000001,0.0,0,kReverse,kOff,
7414,11.850000000000001,18.125,214.75,1923.41,5.625,11.600000000000001,0.390625,9092,3.5,11.8,0.0,0,3.125,11.75,0.390625,5203,4.75,11.7,0.0,0,false,false,kOff,0.0,11.7,0.0,0,0.0,11.850000000000001,0.0,0,kReverse,kOff,
7437,11.9,18.625,220.625,1927.8225,5.625,11.600000000000001,0.390625,9092,3.5,11.8,0.0,0,3.25,11.75,0.390625,5203,4.875,11.7,0.0,0,false,false,kOff,0.0,11.7,0.0,0,0.0,11.850000000000001,0.0,0,kReverse,kOff,
7473,11.9,18.625,221.625,1936.6875000000002,5.625,11.600000000000001,0.390625,9092,3.5,11.8,0.0,0,3.25,11.75,0.390625,5203,4.875,11.7,0.0,0,false,false,kOff,0.0,11.7,0.0,0,0.0,11.850000000000001,0.0,0,kReverse,kOff,
7496,11.95,18.625,222.5,1941.1375,5.5,11.600000000000001,0.390625,9092,3.375,11.75,0.0,0,3.25,11.75,0.390625,5203,4.75,11.7,0.0,0,false,false,kOff,0.0,11.7,0.0,0,0.0,11.850000000000001,0.0,0,kReverse,kOff,
7530,11.9,18.625,221.625,1950.02,5.25,11.600000000000001,0.390625,9092,3.125,11.75,0.0,0,3.125,11.75,0.390625,5203,4.5,11.7,0.0,0,false,false,kOff,0.0,11.7,0.0,0,0.0,11.850000000000001,0.0,0,kReverse,kOff,
7551,11.850000000000001,17.5,207.375,1954.1675,5.125,11.7,0.390625,9350,3.125,11.75,0.0,0,3.125,11.75,0.390625,5441,4.375,11.7,0.0,0,false,false,kOff,0.0,11.75,0.0,0,0.0,11.850000000000001,0.0,0,kReverse,kOff,
7571,11.9,17.5,208.25,1958.3325,5.0,11.7,0.390625,9350,3.125,11.75,0.0,0,3.125,11.75,0.390625,5441,4.25,11.7,0.0,0,false,false,kOff,0.0,11.75,0.0,0,0.0,11.850000000000001,0.0,0,kReverse,kOff,
7590,11.9,17.5,208.25,1962.4975,4.875,11.7,0.390625,9350,3.0,11.75,0.0,0,3.125,11.75,0.390625,5441,4.125,11.7,0.0,0,false,false,kOff,0.0,11.75,0.0,0,0.0,11.850000000000001,0.0,0,kReverse,kOff,
7610,11.9,16.375,194.75,1966.3925,4.875,11.7,0.390625,9350,2.875,11.75,0.0,0,3.125,11.75,0.390625,5441,4.125,11.7,0.0,0,false,false,kOff,0.0,11.75,0.0,0,0.0,11.850000000000001,0.0,0,kReverse,kOff,
7630,11.95,16.375,195.625,1970.3050000000003,4.75,11.7,0.390625,9350,2.75,11.75,0.0,0,3.125,11.75,0.390625,5441,4.0,11.7,0.0,0,false,false,kOff,0.0,11.75,0.0,0,0.0,11.850000000000001,0.0,0,kReverse,kOff,
7651,11.95,16.375,195.625,1974.2175,4.75,11.7,0.390625,9350,2.75,11.8,0.0,0,3.125,11.75,0.390625,5441,4.0,11.7,0.0,0,false,false,kOff,0.0,11.75,0.0,0,0.0,11.850000000000001,0.0,0,kReverse,kOff,
7671,12.0,15.75,189.0,1977.9975000000002,4.625,11.7,0.390625,9350,2.75,11.8,0.0,0,3.125,11.75,0.390625,5441,4.0,11.7,0.0,0,false,false,kOff,0.0,11.75,0.0,0,0.0,11.850000000000001,0.0,0,kReverse,kOff,
7691,11.95,15.75,188.125,1981.7600000000002,4.75,11.7,0.390625,9350,2.625,11.8,0.0,0,3.125,11.75,0.390625,5441,4.0,11.7,0.0,0,false,false,kOff,0.0,11.75,0.0,0,0.0,11.850000000000001,0.0,0,kReverse,kOff,
7712,11.95,15.75,188.125,1985.5225,4.625,11.8,0.390625,9629,2.75,11.8,0.0,0,3.125,11.8,0.390625,5696,4.0,11.75,0.0,0,false,false,kOff,0.0,11.75,0.0,0,0.0,11.9,0.0,0,kReverse,kOff,
7734,11.95,15.75,188.125,1989.285,4.625,11.8,0.390625,9629,2.625,11.8,0.0,0,3.125,11.8,0.390625,5696,3.875,11.75,0.0,0,false,false,kOff,0.0,11.75,0.0,0,0.0,11.9,0.0,0,kReverse,kOff,
7770,11.95,15.25,182.125,1996.5700000000002,4.375,11.8,0.390625,9629,2.5,11.8,0.0,0,2.875,11.8,0.390625,5696,3.75,11.75,0.0,0,false,false,kOff,0.0,11.75,0.0,0,0.0,11.9,0.0,0,kReverse,kOff,
7792,12.0,15.25,183.75,2000.2450000000001,4.25,11.8,0.33984375,9629,2.375,11.8,0.0,0,2.875,11.8,0.33984375,5696,3.625,11.75,0.0,0,false,false,kOff,0.0,11.75,0.0,0,0.0,11.9,0.0,0,kReverse,kOff,
7812,12.15,14.375,172.5,2003.6950000000002,3.625,11.8,0.3046875,9629,2.125,11.9,0.0,0,2.625,11.8,0.3046875,5696,3.375,11.75,0.0,0,false,false,kOff,0.0,11.75,0.0,0,0.0,11.9,0.0,0,kReverse,kOff,
7833,12.15,14.375,174.625,2007.1875,2.875,11.8,0.23046875,9629,1.625,11.9,0.0,0,1.875,11.8,0.23046875,5696,2.75,11.75,0.0,0,false,false,kOff,0.0,11.75,0.0,0,0.0,11.9,0.0,0,kReverse,kOff,
7856,12.15,14.375,174.625,2010.68,1.875,11.8,0.1484375,9629,1.125,11.9,0.0,0,1.25,11.8,0.1484375,5696,2.0,11.75,0.0,0,false,false,kOff,0.0,11.75,0.0,0,0.0,11.9,0.0,0,kReverse,kOff,
7890,12.3,4.125,50.5,2012.695,0.375,12.1,0.03125,9911,0.125,11.9,0.0,0,0.5,12.1,0.03125,5963,0.75,12.1,0.0,0,false,false,kOff,0.0,12.05,0.0,0,0.0,12.200000000000001,0.0,0,kReverse,kOff,
7910,12.3,4.125,50.625,2013.7075000000002,0.125,12.1,0.00390625,9911,0.125,11.9,0.0,0,0.25,12.1,0.00390625,5963,0.125,12.1,0.0,0,false,false,kOff,0.0,12.05,0.0,0,0.0,12.200000000000001,0.0,0,kReverse,kOff,
7930,12.3,0.0,0.0,2013.7075000000002,0.125,12.1,0.00390625,9911,0.125,11.9,0.0,0,0.125,12.1,0.00390625,5963,0.125,12.1,0.0,0,false,false,kOff,0.0,12.05,0.0,0,0.0,12.200000000000001,0.0,0,kReverse,kOff,
7950,12.3,0.0,0.0,2013.7075000000002,0.125,12.1,0.00390625,9911,0.0,11.9,0.0,0,0.125,12.1,0.00390625,5963,0.125,12.1,0.0,0,false,false,kOff,0.0,12.05,0.0,0,0.0,12.200000000000001,0.0,0,kReverse,kOff,
7970,12.3,0.0,0.0,2013.7075000000002,0.125,12.1,0.00390625,9911,0.125,12.200000000000001,0.0,0,0.0,12.1,0.00390625,5963,0.125,12.1,0.0,0,false,false,kOff,0.0,12.05,0.0,0,0.0,12.200000000000001,0.0,0,kReverse,kOff,
7990,12.25,0.0,0.0,2013.7075000000002,0.125,12.1,0.00390625,9911,0.125,12.200000000000001,0.0,0,0.0,12.1,0.00390625,5963,0.125,12.1,0.0,0,false,false,kOff,0.0,12.05,0.0,0,0.0,12.200000000000001,0.0,0,kReverse,kOff,
8011,12.25,0.0,0.0,2013.7075000000002,0.125,12.1,0.00390625,9911,0.125,12.200000000000001,0.0,0,0.0,12.1,0.00390625,5963,0.125,12.1,0.0,0,false,false,kOff,0.0,12.05,0.0,0,0.0,12.200000000000001,0.0,0,kReverse,kOff,
8031,12.3,0.0,0.0,2013.7075000000002,0.125,12.200000000000001,0.00390625,10120,0.125,12.200000000000001,0.0,0,0.0,12.15,0.00390625,6169,0.125,12.200000000000001,0.0,0,false,false,kOff,0.0,12.1,0.0,0,0.0,12.200000000000001,0.0,0,kReverse,kOff,
8051,12.35,0.0,0.0,2013.7075000000002,0.125,12.200000000000001,0.00390625,10120,0.125,12.200000000000001,0.0,0,0.0,12.15,0.00390625,6169,0.125,12.200000000000001,0.0,0,false,false,kOff,0.0,12.1,0.0,0,0.0,12.200000000000001,0.0,0,kReverse,kOff,
8071,12.3,0.0,0.0,2013.7075000000002,0.125,12.200000000000001,0.00390625,10120,0.125,12.200000000000001,0.0,0,0.0,12.15,0.00390625,6169,0.125,12.200000000000001,0.0,0,false,false,kOff,0.0,12.1,0.0,0,0.0,12.200000000000001,0.0,0,kReverse,kOff,
8090,12.25,0.0,0.0,2013.7075000000002,0.125,12.200000000000001,0.00390625,10120,0.125,12.200000000000001,0.0,0,0.0,12.15,0.00390625,6169,0.125,12.200000000000001,0.0,0,false,false,kOff,0.0,12.1,0.0,0,0.0,12.200000000000001,0.0,0,kReverse,kOff,
8110,12.25,0.0,0.0,2013.7075000000002,0.125,12.200000000000001,0.00390625,10120,0.125,12.200000000000001,0.0,0,0.0,12.15,0.00390625,6169,0.125,12.200000000000001,0.0,0,false,false,kOff,0.0,12.1,0.0,0,0.0,12.200000000000001,0.0,0,kReverse,kOff,
8130,12.25,0.0,0.0,2013.7075000000002,0.125,12.200000000000001,0.00390625,10120,0.125,12.200000000000001,0.0,0,0.0,12.15,0.00390625,6169,0.0,12.200000000000001,0.0,0,false,false,kOff,0.0,12.1,0.0,0,0.0,12.200000000000001,0.0,0,kReverse,kOff,
8150,12.3,0.0,0.0,2013.7075000000002,0.125,12.200000000000001,0.00390625,10120,0.125,12.200000000000001,0.0,0,0.0,12.15,0.00390625,6169,0.0,12.200000000000001,0.0,0,false,false,kOff,0.0,12.1,0.0,0,0.0,12.200000000000001,0.0,0,kReverse,kOff,
8170,12.3,0.0,0.0,2013.7075000000002,0.125,12.200000000000001,0.00390625,10120,0.125,12.200000000000001,0.0,0,0.0,12.15,0.00390625,6169,0.0,12.200000000000001,0.0,0,false,false,kOff,0.0,12.1,0.0,0,0.0,12.200000000000001,0.0,0,kReverse,kOff,
8193,12.25,0.0,0.0,2013.7075000000002,0.125,12.200000000000001,0.00390625,10355,0.125,12.200000000000001,0.0,0,0.0,12.15,0.00390625,6393,0.0,12.200000000000001,0.0,0,false,false,kOff,0.0,12.1,0.0,0,0.0,12.25,0.0,0,kReverse,kOff,
8216,12.25,0.0,0.0,2013.7075000000002,0.125,12.200000000000001,0.00390625,10355,0.125,12.200000000000001,0.0,0,0.0,12.15,0.00390625,6393,0.125,12.200000000000001,0.0,0,false,false,kOff,0.0,12.1,0.0,0,0.0,12.25,0.0,0,kReverse,kOff,
8250,12.3,0.0,0.0,2013.7075000000002,0.125,12.200000000000001,0.00390625,10355,0.125,12.200000000000001,0.0,0,0.0,12.15,0.00390625,6393,0.125,12.200000000000001,0.0,0,false,false,kOff,0.0,12.1,0.0,0,0.0,12.25,0.0,0,kReverse,kOff,
8270,12.3,0.0,0.0,2013.7075000000002,0.125,12.200000000000001,0.00390625,10355,0.125,12.200000000000001,0.0,0,0.0,12.15,0.00390625,6393,0.125,12.200000000000001,0.0,0,false,false,kOff,0.0,12.1,0.0,0,0.0,12.25,0.0,0,kReverse,kOff,
8290,12.3,0.0,0.0,2013.7075000000002,0.125,12.200000000000001,0.00390625,10355,0.125,12.200000000000001,0.0,0,0.0,12.15,0.00390625,6393,0.125,12.200000000000001,0.0,0,false,false,kOff,0.0,12.1,0.0,0,0.0,12.25,0.0,0,kReverse,kOff,
8310,12.3,0.0,0.0,2013.7075000000002,0.125,12.200000000000001,0.00390625,10355,0.125,12.200000000000001,0.0,0,0.0,12.15,0.00390625,6393,0.125,12.200000000000001,0.0,0,false,false,kOff,0.0,12.1,0.0,0,0.0,12.25,0.0,0,kReverse,kOff,
8330,12.25,0.0,0.0,2013.7075000000002,0.125,12.200000000000001,0.00390625,10355,0.125,12.200000000000001,0.0,0,0.0,12.15,0.00390625,6393,0.125,12.200000000000001,0.0,0,false,false,kOff,0.0,12.1,0.0,0,0.0,12.25,0.0,0,kReverse,kOff,
8350,12.25,0.0,0.0,2013.7075000000002,0.125,12.200000000000001,0.00390625,10557,0.125,12.200000000000001,0.0,0,0.0,12.15,0.00390625,6596,0.125,12.200000000000001,0.0,0,false,false,kOff,0.0,12.1,0.0,0,0.0,12.25,0.0,0,kReverse,kOff,
8371,12.3,0.0,0.0,2013.7075000000002,0.125,12.200000000000001,0.00390625,10557,0.125,12.200000000000001,0.0,0,0.0,12.15,0.00390625,6596,0.125,12.200000000000001,0.0,0,false,false,kOff,0.0,12.1,0.0,0,0.0,12.25,0.0,0,kReverse,kOff,
8392,12.3,0.0,0.0,2013.7075000000002,0.125,12.200000000000001,0.00390625,10557,0.125,12.200000000000001,0.0,0,0.0,12.15,0.00390625,6596,0.125,12.200000000000001,0.0,0,false,false,kOff,0.0,12.1,0.0,0,0.0,12.25,0.0,0,kReverse,kOff,
8412,12.3,0.0,0.0,2013.7075000000002,0.125,12.200000000000001,0.00390625,10557,0.125,12.200000000000001,0.0,0,0.0,12.15,0.00390625,6596,0.125,12.200000000000001,0.0,0,false,false,kOff,0.0,12.1,0.0,0,0.0,12.25,0.0,0,kReverse,kOff,
8434,12.3,0.0,0.0,2013.7075000000002,0.125,12.200000000000001,0.0,10557,0.125,12.200000000000001,0.0,0,0.0,12.15,-0.0,6596,0.125,12.200000000000001,0.0,0,false,false,kOff,0.0,12.1,0.0,0,0.0,12.25,0.0,0,kReverse,kOff,
8471,12.25,0.0,0.0,2013.7075000000002,0.125,12.200000000000001,-0.035433072596788406,10557,0.125,12.200000000000001,0.0,0,0.0,12.15,-0.035433072596788406,6596,0.125,12.200000000000001,0.0,0,false,false,kOff,0.0,12.1,0.0,0,0.0,12.25,0.0,0,kReverse,kOff,
8491,12.3,0.0,0.0,2013.7075000000002,0.375,12.200000000000001,-0.05511811003088951,10557,0.125,12.200000000000001,0.0,0,0.0,12.15,-0.05511811003088951,6596,0.125,12.200000000000001,0.0,0,false,false,kOff,0.0,12.1,0.0,0,0.0,12.25,0.0,0,kReverse,kOff,
8512,12.25,0.0,0.0,2013.7075000000002,0.5,12.200000000000001,-0.07874015718698502,10742,0.125,12.200000000000001,0.0,0,0.25,12.15,-0.07874015718698502,6785,0.0,12.200000000000001,0.0,0,false,false,kOff,0.0,12.1,0.0,0,0.0,12.25,0.0,0,kReverse,kOff,
8534,12.25,0.0,0.0,2013.7075000000002,0.75,12.200000000000001,-0.09448818862438202,10742,0.25,12.200000000000001,0.0,0,0.25,12.15,-0.09448818862438202,6785,0.25,12.200000000000001,0.0,0,false,false,kOff,0.0,12.1,0.0,0,0.0,12.25,0.0,0,kReverse,kOff,
8570,12.15,3.375,41.0,2014.5275000000001,1.625,12.200000000000001,-0.11023622006177902,10742,1.125,12.200000000000001,0.0,0,0.75,12.15,-0.11023622006177902,6785,1.125,12.200000000000001,0.0,0,false,false,kOff,0.0,12.1,0.0,0,0.0,12.25,0.0,0,kReverse,kOff,
8591,12.15,3.375,41.0,2015.3475,2.0,12.200000000000001,-0.12598425149917603,10742,1.375,12.200000000000001,0.0,0,1.0,12.15,-0.12598425149917603,6785,1.5,12.200000000000001,0.0,0,false,false,kOff,0.0,12.1,0.0,0,0.0,12.25,0.0,0,kReverse,kOff,
8612,12.15,3.375,41.0,2016.1675,2.125,12.200000000000001,-0.13385826349258423,10742,1.5,12.05,0.0,0,1.0,12.15,-0.13385826349258423,6785,1.75,12.200000000000001,0.0,0,false,false,kOff,0.0,12.1,0.0,0,0.0,12.25,0.0,0,kReverse,kOff,
8633,12.15,4.875,59.125,2017.3500000000001,2.375,12.200000000000001,-0.14173229038715363,10742,1.625,12.05,0.0,0,1.125,12.15,-0.14173229038715363,6785,2.0,12.200000000000001,0.0,0,false,false,kOff,0.0,12.1,0.0,0,0.0,12.25,0.0,0,kReverse,kOff,
8653,12.05,4.875,58.625,2018.5225,2.625,12.200000000000001,-0.14960630238056183,10742,1.75,12.05,0.0,0,1.25,12.15,-0.14960630238056183,6785,2.125,12.200000000000001,0.0,0,false,false,kOff,0.0,12.1,0.0,0,0.0,12.25,0.0,0,kReverse,kOff,
8677,12.05,4.875,58.625,2019.6950000000002,2.875,11.95,-0.16141732037067413,10830,2.0,12.05,0.0,0,1.375,11.9,-0.16141732037067413,6878,2.25,11.95,0.0,0,false,false,kOff,0.0,11.9,0.0,0,0.0,12.05,0.0,0,kReverse,kOff,
8711,12.1,8.25,99.75,2022.8675,3.125,11.95,-0.19291338324546814,10830,2.125,12.05,0.0,0,1.5,11.9,-0.19291338324546814,6878,2.5,11.95,0.0,0,false,false,kOff,0.0,11.9,0.0,0,0.0,12.05,0.0,0,kReverse,kOff,
8732,12.05,8.25,99.75,2024.8625000000002,3.5,11.95,-0.19685038924217224,10830,2.375,12.05,0.0,0,1.75,11.9,-0.19685038924217224,6878,2.625,11.95,0.0,0,false,false,kOff,0.0,11.9,0.0,0,0.0,12.05,0.0,0,kReverse,kOff,
8753,12.05,8.25,99.375,2026.85,3.75,11.95,-0.20472441613674164,10830,2.875,12.05,0.0,0,1.75,11.9,-0.20472441613674164,6878,2.875,11.95,0.0,0,false,false,kOff,0.0,11.9,0.0,0,0.0,12.05,0.0,0,kReverse,kOff,
8776,12.1,12.25,148.125,2029.8125000000002,3.875,11.95,-0.21259842813014984,10830,3.0,11.9,0.0,0,1.875,11.9,-0.21259842813014984,6878,3.0,11.95,0.0,0,false,false,kOff,0.0,11.9,0.0,0,0.0,12.05,0.0,0,kReverse,kOff,
8810,12.1,12.25,147.0,2035.7150000000001,4.0,11.95,-0.24409449100494385,10830,2.75,11.9,0.0,0,1.875,11.9,-0.24409449100494385,6878,3.0,11.95,0.0,0,false,false,kOff,0.0,11.9,0.0,0,0.0,12.05,0.0,0,kReverse,kOff,
8831,12.0,12.375,148.5,2038.6850000000002,4.625,11.850000000000001,-0.25196850299835205,10828,3.0,11.9,0.0,0,2.125,11.850000000000001,-0.25196850299835205,6877,3.125,11.75,0.0,0,false,false,kOff,0.0,11.850000000000001,0.0,0,0.0,11.95,0.0,0,kReverse,kOff,
8852,11.95,12.375,147.875,2041.6425000000002,5.0,11.850000000000001,-0.25984251499176025,10828,3.375,11.9,0.0,0,2.25,11.850000000000001,-0.25984251499176025,6877,3.5,11.75,0.0,0,false,false,kOff,0.0,11.850000000000001,0.0,0,0.0,11.95,0.0,0,kReverse,kOff,
8873,11.95,12.375,147.875,2044.6000000000001,5.375,11.850000000000001,-0.26771652698516846,10828,3.75,11.9,0.0,0,2.375,11.850000000000001,-0.26771652698516846,6877,3.75,11.75,0.0,0,false,false,kOff,0.0,11.850000000000001,0.0,0,0.0,11.95,0.0,0,kReverse,kOff,
8896,12.0,17.5,210.0,2048.8,5.625,11.850000000000001,-0.27559053897857666,10828,4.25,11.9,0.0,0,2.625,11.850000000000001,-0.27559053897857666,6877,4.125,11.75,0.0,0,false,false,kOff,0.0,11.850000000000001,0.0,0,0.0,11.95,0.0,0,kReverse,kOff,
8919,11.850000000000001,17.5,208.25,2052.965,5.875,11.850000000000001,-0.28346458077430725,10828,4.25,11.9,0.0,0,2.625,11.850000000000001,-0.28346458077430725,6877,4.375,11.75,0.0,0,false,false,kOff,0.0,11.850000000000001,0.0,0,0.0,11.95,0.0,0,kReverse,kOff,
8950,11.850000000000001,18.625,220.625,2061.525,6.0,11.850000000000001,-0.31496062874794006,10828,4.375,11.75,0.0,0,2.625,11.850000000000001,-0.31496062874794006,6877,4.75,11.75,0.0,0,false,false,kOff,0.0,11.850000000000001,0.0,0,0.0,11.95,0.0,0,kReverse,kOff,
8991,11.75,18.625,219.75,2070.3325,7.0,11.600000000000001,-0.35826772451400757,10758,4.75,11.75,0.0,0,3.25,11.600000000000001,-0.35826772451400757,6809,5.125,11.55,0.0,0,false,false,kOff,0.0,11.65,0.0,0,0.0,11.75,0.0,0,kReverse,kOff,
9011,11.75,18.625,220.625,2074.745,7.75,11.600000000000001,-0.374015748500824,10758,5.125,11.75,0.0,0,3.625,11.600000000000001,-0.374015748500824,6809,5.5,11.55,0.0,0,false,false,kOff,0.0,11.65,0.0,0,0.0,11.75,0.0,0,kReverse,kOff,
9031,11.7,23.0,269.0,2080.125,8.5,11.600000000000001,-0.3858267664909363,10758,6.125,11.75,0.0,0,4.375,11.600000000000001,-0.3858267664909363,6809,6.25,11.55,0.0,0,false,false,kOff,0.0,11.65,0.0,0,0.0,11.75,0.0,0,kReverse,kOff,
9053,11.7,23.0,269.0,2085.505,9.25,11.600000000000001,-0.3976377844810486,10758,6.625,11.75,0.0,0,4.75,11.600000000000001,-0.3976377844810486,6809,7.0,11.55,0.0,0,false,false,kOff,0.0,11.65,0.0,0,0.0,11.75,0.0,0,kReverse,kOff,
9074,11.65,23.0,267.875,2090.8625,10.0,11.600000000000001,-0.4015747904777527,10758,7.25,11.75,0.0,0,5.125,11.600000000000001,-0.4015747904777527,6809,7.875,11.55,0.0,0,false,false,kOff,0.0,11.65,0.0,0,0.0,11.75,0.0,0,kReverse,kOff,
9097,11.65,31.875,368.125,2098.225,10.25,11.600000000000001,-0.4133858382701874,10758,7.375,11.4,0.0,0,5.0,11.600000000000001,-0.4133858382701874,6809,8.375,11.55,0.0,0,false,false,kOff,0.0,11.65,0.0,0,0.0,11.75,0.0,0,kReverse,kOff,
9130,11.600000000000001,31.875,368.125,2112.9500000000003,10.25,11.600000000000001,-0.4291338622570038,10758,7.625,11.4,0.0,0,5.25,11.600000000000001,-0.4291338622570038,6809,8.375,11.55,0.0,0,false,false,kOff,0.0,11.65,0.0,0,0.0,11.75,0.0,0,kReverse,kOff,
9154,11.600000000000001,32.625,376.75,2120.485,10.375,11.350000000000001,-0.4330708682537079,10612,7.625,11.4,0.0,0,5.125,11.4,-0.4330708682537079,6675,8.5,11.3,0.0,0,false,false,kOff,0.0,11.4,0.0,0,0.0,11.5,0.0,0,kReverse,kOff,
9176,11.5,32.625,375.125,2127.9875,10.625,11.350000000000001,-0.437007874250412,10612,7.75,11.4,0.0,0,5.25,11.4,-0.437007874250412,6675,8.5,11.3,0.0,0,false,false,kOff,0.0,11.4,0.0,0,0.0,11.5,0.0,0,kReverse,kOff,
9211,11.5,33.5,385.25,2143.2275,10.625,11.350000000000001,-0.4409448802471161,10612,7.875,11.4,0.0,0,5.25,11.4,-0.4409448802471161,6675,8.5,11.3,0.0,0,false,false,kOff,0.0,11.4,0.0,0,0.0,11.5,0.0,0,kReverse,kOff,
9232,11.5,33.5,386.875,2150.965,10.5,11.350000000000001,-0.4409448802471161,10612,7.75,11.4,0.0,0,5.0,11.4,-0.4409448802471161,6675,8.5,11.3,0.0,0,false,false,kOff,0.0,11.4,0.0,0,0.0,11.5,0.0,0,kReverse,kOff,
9253,11.55,33.5,386.875,2158.7025,10.125,11.350000000000001,-0.4409448802471161,10612,7.625,11.45,0.0,0,4.75,11.4,-0.4409448802471161,6675,8.25,11.3,0.0,0,false,false,kOff,0.0,11.4,0.0,0,0.0,11.5,0.0,0,kReverse,kOff,
9290,11.65,30.875,358.125,2172.995,9.625,11.350000000000001,-0.4409448802471161,10612,7.125,11.45,0.0,0,4.5,11.4,-0.4409448802471161,6675,7.875,11.3,0.0,0,false,false,kOff,0.0,11.4,0.0,0,0.0,11.5,0.0,0,kReverse,kOff,
9312,11.65,30.875,359.625,2180.1875,9.375,11.4,-0.4409448802471161,10393,6.875,11.45,0.0,0,4.5,11.45,-0.4409448802471161,6468,7.625,11.45,0.0,0,false,false,kOff,0.0,11.5,0.0,0,0.0,11.55,0.0,0,kReverse,kOff,
9332,11.7,30.875,361.125,2187.4100000000003,9.125,11.4,-0.4409448802471161,10393,6.5,11.45,0.0,0,4.375,11.45,-0.4409448802471161,6468,7.5,11.45,0.0,0,false,false,kOff,0.0,11.5,0.0,0,0.0,11.55,0.0,0,kReverse,kOff,
9351,11.7,27.75,324.625,2193.9025,9.0,11.4,-0.4409448802471161,10393,6.5,11.45,0.0,0,4.25,11.45,-0.4409448802471161,6468,7.25,11.45,0.0,0,false,false,kOff,0.0,11.5,0.0,0,0.0,11.55,0.0,0,kReverse,kOff,
9371,11.65,27.75,324.625,2200.395,8.75,11.4,-0.4409448802471161,10393,6.25,11.45,0.0,0,4.25,11.45,-0.4409448802471161,6468,7.125,11.45,0.0,0,false,false,kOff,0.0,11.5,0.0,0,0.0,11.55,0.0,0,kReverse,kOff,
9390,11.75,27.75,326.0,2206.915,8.5,11.4,-0.4409448802471161,10393,6.0,11.45,0.0,0,4.0,11.45,-0.4409448802471161,6468,6.875,11.45,0.0,0,false,false,kOff,0.0,11.5,0.0,0,0.0,11.55,0.0,0,kReverse,kOff,
9410,11.75,25.875,302.625,2212.9675,8.375,11.4,-0.4409448802471161,10393,6.0,11.55,0.0,0,4.0,11.45,-0.4409448802471161,6468,6.625,11.45,0.0,0,false,false,kOff,0.0,11.5,0.0,0,0.0,11.55,0.0,0,kReverse,kOff,
9430,11.7,25.875,302.625,2219.02,8.25,11.4,-0.4409448802471161,10393,5.75,11.55,0.0,0,3.875,11.45,-0.4409448802471161,6468,6.625,11.45,0.0,0,false,false,kOff,0.0,11.5,0.0,0,0.0,11.55,0.0,0,kReverse,kOff,
9450,11.7,25.875,302.625,2225.0725,8.0,11.4,-0.4409448802471161,10393,5.75,11.55,0.0,0,3.875,11.45,-0.4409448802471161,6468,6.5,11.45,0.0,0,false,false,kOff,0.0,11.5,0.0,0,0.0,11.55,0.0,0,kReverse,kOff,
9471,11.7,23.875,279.25,2230.6575000000003,8.0,11.5,-0.4409448802471161,10131,5.5,11.55,0.0,0,3.875,11.55,-0.4409448802471161,6213,6.375,11.5,0.0,0,false,false,kOff,0.0,11.55,0.0,0,0.0,11.7,0.0,0,kReverse,kOff,
9491,11.75,23.875,280.5,2236.2675,7.625,11.5,-0.4409448802471161,10131,5.25,11.55,0.0,0,3.875,11.55,-0.4409448802471161,6213,6.25,11.5,0.0,0,false,false,kOff,0.0,11.55,0.0,0,0.0,11.7,0.0,0,kReverse,kOff,
9510,11.75,23.875,279.25,2241.8525,7.375,11.5,-0.4409448802471161,10131,4.875,11.55,0.0,0,3.875,11.55,-0.4409448802471161,6213,6.125,11.5,0.0,0,false,false,kOff,0.0,11.55,0.0,0,0.0,11.7,0.0,0,kReverse,kOff,
9531,11.7,21.75,256.625,2246.985,7.125,11.5,-0.4409448802471161,10131,4.75,11.55,0.0,0,3.875,11.55,-0.4409448802471161,6213,6.125,11.5,0.0,0,false,false,kOff,0.0,11.55,0.0,0,0.0,11.7,0.0,0,kReverse,kOff,
9550,11.8,21.75,256.625,2252.1175,6.875,11.5,-0.4409448802471161,10131,4.5,11.55,0.0,0,4.0,11.55,-0.4409448802471161,6213,5.875,11.5,0.0,0,false,false,kOff,0.0,11.55,0.0,0,0.0,11.7,0.0,0,kReverse,kOff,
9570,11.850000000000001,21.75,257.625,2257.27,6.75,11.5,-0.4409448802471161,10131,4.5,11.7,0.0,0,3.75,11.55,-0.4409448802471161,6213,5.75,11.5,0.0,0,false,false,kOff,0.0,11.55,0.0,0,0.0,11.7,0.0,0,kReverse,kOff,
9590,11.8,20.0,236.0,2261.9900000000002,6.625,11.5,-0.4409448802471161,10131,4.625,11.7,0.0,0,3.125,11.55,-0.4409448802471161,6213,5.5,11.5,0.0,0,false,false,kOff,0.0,11.55,0.0,0,0.0,11.7,0.0,0,kReverse,kOff,
9610,11.8,20.0,235.0,2266.69,6.625,11.5,-0.4409448802471161,10131,4.75,11.7,0.0,0,3.125,11.55,-0.4409448802471161,6213,5.375,11.5,0.0,0,false,false,kOff,0.0,11.55,0.0,0,0.0,11.7,0.0,0,kReverse,kOff,
9631,11.75,20.0,236.0,2271.41,6.625,11.55,-0.4409448802471161,9829,4.75,11.7,0.0,0,3.125,11.600000000000001,-0.4409448802471161,5932,5.5,11.55,0.0,0,false,false,kOff,0.0,11.65,0.0,0,0.0,11.75,0.0,0,kReverse,kOff,
9650,11.850000000000001,20.0,237.0,2276.15,6.375,11.55,-0.3976377844810486,9829,4.375,11.7,0.0,0,3.125,11.600000000000001,-0.3976377844810486,5932,5.25,11.55,0.0,0,false,false,kOff,0.0,11.65,0.0,0,0.0,11.75,0.0,0,kReverse,kOff,
9671,11.9,19.375,230.5,2280.7599999999998,5.625,11.55,-0.3818897604942322,9829,3.875,11.7,0.0,0,2.875,11.600000000000001,-0.3818897604942322,5932,5.25,11.55,0.0,0,false,false,kOff,0.0,11.65,0.0,0,0.0,11.75,0.0,0,kReverse,kOff,
9692,12.0,19.375,232.5,2285.41,4.75,11.55,-0.36614173650741577,9829,3.375,11.7,0.0,0,2.375,11.600000000000001,-0.36614173650741577,5932,4.5,11.55,0.0,0,false,false,kOff,0.0,11.65,0.0,0,0.0,11.75,0.0,0,kReverse,kOff,
9713,12.05,19.375,233.375,2290.0775000000003,3.875,11.55,-0.36614173650741577,9829,2.625,11.7,0.0,0,1.875,11.600000000000001,-0.36614173650741577,5932,4.0,11.55,0.0,0,false,false,kOff,0.0,11.65,0.0,0,0.0,11.75,0.0,0,kReverse,kOff,
9734,12.05,12.375,149.625,2293.07,3.375,11.55,-0.3425196707248688,9829,2.0,11.9,0.0,0,1.0,11.600000000000001,-0.3425196707248688,5932,3.375,11.55,0.0,0,false,false,kOff,0.0,11.65,0.0,0,0.0,11.75,0.0,0,kReverse,kOff,
9756,12.1,12.375,149.625,2296.0625,2.75,11.55,-0.29527559876441956,9829,1.5,11.9,0.0,0,0.75,11.600000000000001,-0.29527559876441956,5932,3.125,11.55,0.0,0,false,false,kOff,0.0,11.65,0.0,0,0.0,11.75,0.0,0,kReverse,kOff,
9792,12.15,4.375,53.125,2300.1175000000003,1.5,12.05,-0.18110236525535583,9527,1.0,11.9,0.0,0,0.5,12.0,-0.18110236525535583,5640,1.625,12.05,0.0,0,false,false,kOff,0.0,12.0,0.0,0,0.0,12.1,0.0,0,kReverse,kOff,
9812,12.25,4.375,53.375,2301.185,0.875,12.05,-0.08661417663097382,9527,0.625,11.9,0.0,0,0.25,12.0,-0.08661417663097382,5640,0.75,12.05,0.0,0,false,false,kOff,0.0,12.0,0.0,0,0.0,12.1,0.0,0,kReverse,kOff,
9835,12.25,4.375,53.75,2302.26,0.375,12.05,-0.04330708831548691,9527,0.375,11.9,0.0,0,0.0,12.0,-0.04330708831548691,5640,0.25,12.05,0.0,0,false,false,kOff,0.0,12.0,0.0,0,0.0,12.1,0.0,0,kReverse,kOff,
9870,12.3,0.0,0.0,2302.26,0.375,12.05,0.00390625,9527,0.125,11.9,0.0,0,0.0,12.0,0.00390625,5640,0.0,12.05,0.0,0,false,false,kOff,0.0,12.0,0.0,0,0.0,12.1,0.0,0,kReverse,kOff,
9890,12.25,0.0,0.0,2302.26,0.125,12.05,0.00390625,9527,0.125,12.15,0.0,0,0.0,12.0,0.00390625,5640,0.0,12.05,0.0,0,false,false,kOff,0.0,12.0,0.0,0,0.0,12.1,0.0,0,kReverse,kOff,
9913,12.25,0.0,0.0,2302.26,0.125,12.05,0.00390625,9527,0.125,12.15,0.0,0,0.0,12.0,0.00390625,5640,0.0,12.05,0.0,0,false,false,kOff,0.0,12.0,0.0,0,0.0,12.1,0.0,0,kReverse,kOff,
9934,12.25,0.0,0.0,2302.26,0.125,12.05,0.00390625,9527,0.125,12.15,0.0,0,0.0,12.0,0.00390625,5640,0.0,12.05,0.0,0,false,false,kOff,0.0,12.0,0.0,0,0.0,12.1,0.0,0,kReverse,kOff,
9970,12.3,0.0,0.0,2302.26,0.125,12.15,0.00390625,9308,0.125,12.15,0.0,0,0.0,12.1,0.00390625,5401,0.125,12.200000000000001,0.0,0,false,false,kOff,0.0,12.1,0.0,0,0.0,12.200000000000001,0.0,0,kReverse,kOff,
9990,12.3,0.0,0.0,2302.26,0.125,12.15,0.00390625,9308,0.125,12.15,0.0,0,0.0,12.1,0.00390625,5401,0.125,12.200000000000001,0.0,0,false,false,kOff,0.0,12.1,0.0,0,0.0,12.200000000000001,0.0,0,kReverse,kOff,
10010,12.3,0.0,0.0,2302.26,0.125,12.15,0.00390625,9308,0.125,12.15,0.0,0,0.0,12.1,0.00390625,5401,0.125,12.200000000000001,0.0,0,false,false,kOff,0.0,12.1,0.0,0,0.0,12.200000000000001,0.0,0,kReverse,kOff,
10031,12.25,0.0,0.0,2302.26,0.125,12.15,0.00390625,9308,0.125,12.15,0.0,0,0.0,12.1,0.00390625,5401,0.125,12.200000000000001,0.0,0,false,false,kOff,0.0,12.1,0.0,0,0.0,12.200000000000001,0.0,0,kReverse,kOff,
10051,12.25,0.0,0.0,2302.26,0.125,12.15,0.00390625,9308,0.125,12.200000000000001,0.0,0,0.0,12.1,0.00390625,5401,0.125,12.200000000000001,0.0,0,false,false,kOff,0.0,12.1,0.0,0,0.0,12.200000000000001,0.0,0,kReverse,kOff,
10071,12.25,0.0,0.0,2302.26,0.125,12.15,0.00390625,9308,0.125,12.200000000000001,0.0,0,0.0,12.1,0.00390625,5401,0.125,12.200000000000001,0.0,0,false,false,kOff,0.0,12.1,0.0,0,0.0,12.200000000000001,0.0,0,kReverse,kOff,
10091,12.3,0.0,0.0,2302.26,0.125,12.15,0.00390625,9308,0.125,12.200000000000001,0.0,0,0.0,12.1,0.00390625,5401,0.125,12.200000000000001,0.0,0,false,false,kOff,0.0,12.1,0.0,0,0.0,12.200000000000001,0.0,0,kReverse,kOff,
10110,12.3,0.0,0.0,2302.26,0.125,12.15,0.00390625,9075,0.125,12.200000000000001,0.0,0,0.0,12.15,0.00390625,5153,0.125,12.200000000000001,0.0,0,false,false,kOff,0.0,12.1,0.0,0,0.0,12.200000000000001,0.0,0,kReverse,kOff,
10131,12.25,0.0,0.0,2302.26,0.125,12.15,0.00390625,9075,0.125,12.200000000000001,0.0,0,0.0,12.15,0.00390625,5153,0.125,12.200000000000001,0.0,0,false,false,kOff,0.0,12.1,0.0,0,0.0,12.200000000000001,0.0,0,kReverse,kOff,
10151,12.200000000000001,0.0,0.0,2302.26,0.125,12.15,0.00390625,9075,0.125,12.200000000000001,0.0,0,0.0,12.15,0.00390625,5153,0.125,12.200000000000001,0.0,0,false,false,kOff,0.0,12.1,0.0,0,0.0,12.200000000000001,0.0,0,kReverse,kOff,
10171,12.200000000000001,0.0,0.0,2302.26,0.125,12.15,0.00390625,9075,0.125,12.200000000000001,0.0,0,0.0,12.15,0.00390625,5153,0.125,12.200000000000001,0.0,0,false,false,kOff,0.0,12.1,0.0,0,0.0,12.200000000000001,0.0,0,kReverse,kOff,
10191,12.25,0.0,0.0,2302.26,0.125,12.15,0.00390625,9075,0.125,12.200000000000001,0.0,0,0.0,12.15,0.00390625,5153,0.125,12.200000000000001,0.0,0,false,false,kOff,0.0,12.1,0.0,0,0.0,12.200000000000001,0.0,0,kReverse,kOff,
10212,12.3,0.0,0.0,2302.26,0.125,12.15,0.00390625,9075,0.125,12.200000000000001,0.0,0,0.0,12.15,0.00390625,5153,0.125,12.200000000000001,0.0,0,false,false,kOff,0.0,12.1,0.0,0,0.0,12.200000000000001,0.0,0,kReverse,kOff,
10232,12.3,0.0,0.0,2302.26,0.125,12.15,0.00390625,9075,0.125,12.200000000000001,0.0,0,0.0,12.15,0.00390625,5153,0.125,12.200000000000001,0.0,0,false,false,kOff,0.0,12.1,0.0,0,0.0,12.200000000000001,0.0,0,kReverse,kOff,
10253,12.25,0.0,0.0,2302.26,0.125,12.15,0.00390625,9075,0.125,12.200000000000001,0.0,0,0.0,12.15,0.00390625,5153,0.125,12.200000000000001,0.0,0,false,false,kOff,0.0,12.1,0.0,0,0.0,12.200000000000001,0.0,0,kReverse,kOff,
10273,12.200000000000001,0.0,0.0,2302.26,0.125,12.200000000000001,0.00390625,8850,0.125,12.200000000000001,0.0,0,0.0,12.15,0.00390625,4929,0.125,12.200000000000001,0.0,0,false,false,kOff,0.0,12.1,0.0,0,0.0,12.200000000000001,0.0,0,kReverse,kOff,
10294,12.25,0.0,0.0,2302.26,0.125,12.200000000000001,0.00390625,8850,0.125,12.200000000000001,0.0,0,0.0,12.15,0.00390625,4929,0.125,12.200000000000001,0.0,0,false,false,kOff,0.0,12.1,0.0,0,0.0,12.200000000000001,0.0,0,kReverse,kOff,
10314,12.25,0.0,0.0,2302.26,0.125,12.200000000000001,0.00390625,8850,0.125,12.200000000000001,0.0,0,0.0,12.15,0.00390625,4929,0.0,12.200000000000001,0.0,0,false,false,kOff,0.0,12.1,0.0,0,0.0,12.200000000000001,0.0,0,kReverse,kOff,
10337,12.3,0.0,0.0,2302.26,0.125,12.200000000000001,0.00390625,8850,0.125,12.200000000000001,0.0,0,0.0,12.15,0.00390625,4929,0.0,12.200000000000001,0.0,0,false,false,kOff,0.0,12.1,0.0,0,0.0,12.200000000000001,0.0,0,kReverse,kOff,
10370,12.3,0.0,0.0,2302.26,0.125,12.200000000000001,0.00390625,8850,0.125,12.200000000000001,0.0,0,0.0,12.15,0.00390625,4929,0.125,12.200000000000001,0.0,0,false,false,kOff,0.0,12.1,0.0,0,0.0,12.200000000000001,0.0,0,kReverse,kOff,
10390,12.25,0.0,0.0,2302.26,0.125,12.200000000000001,0.00390625,8850,0.125,12.200000000000001,0.0,0,0.0,12.15,0.00390625,4929,0.125,12.200000000000001,0.0,0,false,false,kOff,0.0,12.1,0.0,0,0.0,12.200000000000001,0.0,0,kReverse,kOff,
10410,12.25,0.0,0.0,2302.26,0.125,12.200000000000001,0.00390625,8850,0.125,12.200000000000001,0.0,0,0.0,12.15,0.00390625,4929,0.125,12.200000000000001,0.0,0,false,false,kOff,0.0,12.1,0.0,0,0.0,12.200000000000001,0.0,0,kReverse,kOff,
10430,12.25,0.0,0.0,2302.26,0.125,12.200000000000001,0.00390625,8656,0.125,12.200000000000001,0.0,0,0.0,12.15,0.00390625,4728,0.125,12.200000000000001,0.0,0,false,false,kOff,0.0,12.1,0.0,0,0.0,12.200000000000001,0.0,0,kReverse,kOff,
10453,12.3,0.0,0.0,2302.26,0.125,12.200000000000001,0.00390625,8656,0.125,12.200000000000001,0.0,0,0.0,12.15,0.00390625,4728,0.125,12.200000000000001,0.0,0,false,false,kOff,0.0,12.1,0.0,0,0.0,12.200000000000001,0.0,0,kReverse,kOff,
10473,12.3,0.0,0.0,2302.26,0.125,12.200000000000001,0.00390625,8656,0.125,12.200000000000001,0.0,0,0.0,12.15,0.00390625,4728,0.125,12.200000000000001,0.0,0,false,false,kOff,0.0,12.1,0.0,0,0.0,12.200000000000001,0.0,0,kReverse,kOff,
10495,12.25,0.0,0.0,2302.26,0.125,12.200000000000001,0.00390625,8656,0.125,12.200000000000001,0.0,0,0.0,12.15,0.00390625,4728,0.125,12.200000000000001,0.0,0,false,false,kOff,0.0,12.1,0.0,0,0.0,12.200000000000001,0.0,0,kReverse,kOff,
10517,12.25,0.0,0.0,2302.26,0.125,12.200000000000001,0.00390625,8656,0.125,12.200000000000001,0.0,0,0.0,12.15,0.00390625,4728,0.125,12.200000000000001,0.0,0,false,false,kOff,0.0,12.1,0.0,0,0.0,12.200000000000001,0.0,0,kReverse,kOff,
10550,12.25,0.0,0.0,2302.26,0.125,12.200000000000001,0.00390625,8656,0.125,12.200000000000001,0.0,0,0.0,12.15,0.00390625,4728,0.125,12.200000000000001,0.0,0,false,false,kOff,0.0,12.1,0.0,0,0.0,12.200000000000001,0.0,0,kReverse,kOff,
10571,12.3,0.0,0.0,2302.26,0.125,12.200000000000001,0.00390625,8656,0.125,12.200000000000001,0.0,0,0.0,12.15,0.00390625,4728,0.125,12.200000000000001,0.0,0,false,false,kOff,0.0,12.1,0.0,0,0.0,12.200000000000001,0.0,0,kReverse,kOff,
10592,12.25,0.0,0.0,2302.26,0.125,12.200000000000001,0.00390625,8487,0.125,12.200000000000001,0.0,0,0.0,12.15,0.00390625,4552,0.125,12.200000000000001,0.0,0,false,false,kOff,0.0,12.1,0.0,0,0.0,12.200000000000001,0.0,0,kReverse,kOff,
10613,12.25,0.0,0.0,2302.26,0.125,12.200000000000001,0.00390625,8487,0.125,12.200000000000001,0.0,0,0.0,12.15,0.00390625,4552,0.125,12.200000000000001,0.0,0,false,false,kOff,0.0,12.1,0.0,0,0.0,12.200000000000001,0.0,0,kReverse,kOff,
10650,12.25,0.0,0.0,2302.26,0.125,12.200000000000001,0.00390625,8487,0.125,12.200000000000001,0.0,0,0.0,12.15,0.00390625,4552,0.0,12.200000000000001,0.0,0,false,false,kOff,0.0,12.1,0.0,0,0.0,12.200000000000001,0.0,0,kReverse,kOff,
10670,12.25,0.0,0.0,2302.26,0.125,12.200000000000001,0.00390625,8487,0.125,12.200000000000001,0.0,0,0.0,12.15,0.00390625,4552,0.0,12.200000000000001,0.0,0,false,false,kOff,0.0,12.1,0.0,0,0.0,12.200000000000001,0.0,0,kReverse,kOff,
10690,12.25,0.0,0.0,2302.26,0.125,12.200000000000001,0.00390625,8487,0.125,12.200000000000001,0.0,0,0.0,12.15,0.00390625,4552,0.0,12.200000000000001,0.0,0,false,false,kOff,0.0,12.1,0.0,0,0.0,12.200000000000001,0.0,0,kReverse,kOff,
10710,12.35,0.0,0.0,2302.26,0.125,12.200000000000001,0.00390625,8487,0.125,12.200000000000001,0.0,0,0.0,12.15,0.00390625,4552,0.125,12.200000000000001,0.0,0,false,false,kOff,0.0,12.1,0.0,0,0.0,12.200000000000001,0.0,0,kReverse,kOff,
10731,12.3,0.0,0.0,2302.26,0.125,12.200000000000001,0.00390625,8487,0.125,12.200000000000001,0.0,0,0.0,12.15,0.00390625,4552,0.125,12.200000000000001,0.0,0,false,false,kOff,0.0,12.1,0.0,0,0.0,12.200000000000001,0.0,0,kReverse,kOff,
10751,12.3,0.0,0.0,2302.26,0.125,12.200000000000001,0.00390625,8347,0.125,12.200000000000001,0.0,0,0.0,12.15,0.00390625,4406,0.125,12.200000000000001,0.0,0,false,false,kOff,0.0,12.1,0.0,0,0.0,12.200000000000001,0.0,0,kReverse,kOff,
10771,12.3,0.0,0.0,2302.26,0.125,12.200000000000001,0.00390625,8347,0.125,12.200000000000001,0.0,0,0.0,12.15,0.00390625,4406,0.125,12.200000000000001,0.0,0,false,false,kOff,0.0,12.1,0.0,0,0.0,12.200000000000001,0.0,0,kReverse,kOff,
10791,12.3,0.0,0.0,2302.26,0.125,12.200000000000001,0.00390625,8347,0.125,12.200000000000001,0.0,0,0.0,12.15,0.00390625,4406,0.125,12.200000000000001,0.0,0,false,false,kOff,0.0,12.1,0.0,0,0.0,12.200000000000001,0.0,0,kReverse,kOff,
10811,12.25,0.0,0.0,2302.26,0.125,12.200000000000001,0.00390625,8347,0.125,12.200000000000001,0.0,0,0.0,12.15,0.00390625,4406,0.125,12.200000000000001,0.0,0,false,false,kOff,0.0,12.1,0.0,0,0.0,12.200000000000001,0.0,0,kReverse,kOff,
10831,12.3,0.0,0.0,2302.26,0.125,12.200000000000001,0.00390625,8347,0.125,12.200000000000001,0.0,0,0.0,12.15,0.00390625,4406,0.125,12.200000000000001,0.0,0,false,false,kOff,0.0,12.1,0.0,0,0.0,12.200000000000001,0.0,0,kReverse,kOff,
10851,12.3,0.0,0.0,2302.26,0.125,12.200000000000001,0.00390625,8347,0.125,12.200000000000001,0.0,0,0.0,12.15,0.00390625,4406,0.125,12.200000000000001,0.0,0,false,false,kOff,0.0,12.1,0.0,0,0.0,12.200000000000001,0.0,0,kReverse,kOff,
10872,12.3,0.0,0.0,2302.26,0.125,12.200000000000001,0.00390625,8347,0.125,12.200000000000001,0.0,0,0.0,12.15,0.00390625,4406,0.125,12.200000000000001,0.0,0,false,false,kOff,0.0,12.1,0.0,0,0.0,12.200000000000001,0.0,0,kReverse,kOff,
10891,12.3,0.0,0.0,2302.26,0.125,12.200000000000001,0.00390625,8347,0.125,12.200000000000001,0.0,0,0.0,12.15,0.00390625,4406,0.0,12.200000000000001,0.0,0,false,false,kOff,0.0,12.1,0.0,0,0.0,12.200000000000001,0.0,0,kReverse,kOff,
10912,12.25,0.0,0.0,2302.26,0.125,12.200000000000001,0.00390625,8233,0.125,12.200000000000001,0.0,0,0.0,12.15,0.00390625,4289,0.0,12.200000000000001,0.0,0,false,false,kOff,0.0,12.1,0.0,0,0.0,12.25,0.0,0,kReverse,kOff,
10933,12.3,0.0,0.0,2302.26,0.125,12.200000000000001,0.00390625,8233,0.125,12.200000000000001,0.0,0,0.0,12.15,0.00390625,4289,0.0,12.200000000000001,0.0,0,false,false,kOff,0.0,12.1,0.0,0,0.0,12.25,0.0,0,kReverse,kOff,
10953,12.3,0.0,0.0,2302.26,0.125,12.200000000000001,0.00390625,8233,0.125,12.200000000000001,0.0,0,0.0,12.15,0.00390625,4289,0.0,12.200000000000001,0.0,0,false,false,kOff,0.0,12.1,0.0,0,0.0,12.25,0.0,0,kReverse,kOff,
10974,12.3,0.0,0.0,2302.26,0.125,12.200000000000001,0.00390625,8233,0.125,12.200000000000001,0.0,0,0.0,12.15,0.00390625,4289,0.0,12.200000000000001,0.0,0,false,false,kOff,0.0,12.1,0.0,0,0.0,12.25,0.0,0,kReverse,kOff,
10995,12.3,0.0,0.0,2302.26,0.125,12.200000000000001,0.00390625,8233,0.125,12.200000000000001,0.0,0,0.0,12.15,0.00390625,4289,0.125,12.200000000000001,0.0,0,false,false,kOff,0.0,12.1,0.0,0,0.0,12.25,0.0,0,kReverse,kOff,
11018,12.3,0.0,0.0,2302.26,0.125,12.200000000000001,0.00390625,8233,0.125,12.200000000000001,0.0,0,0.0,12.15,0.00390625,4289,0.125,12.200000000000001,0.0,0,false,false,kOff,0.0,12.1,0.0,0,0.0,12.25,0.0,0,kReverse,kOff,
11053,12.3,0.0,0.0,2302.26,0.125,12.200000000000001,0.00390625,8233,0.125,12.200000000000001,0.0,0,0.0,12.15,0.00390625,4289,0.0,12.200000000000001,0.0,0,false,false,kOff,0.0,12.1,0.0,0,0.0,12.25,0.0,0,kReverse,kOff,
11075,12.3,0.0,0.0,2302.26,0.125,12.200000000000001,0.00390625,8144,0.125,12.200000000000001,0.0,0,0.0,12.15,0.00390625,4199,0.0,12.200000000000001,0.0,0,false,false,kOff,0.0,12.1,0.0,0,0.0,12.25,0.0,0,kReverse,kOff,
11110,12.35,0.0,0.0,2302.26,0.125,12.200000000000001,0.00390625,8144,0.125,12.200000000000001,0.0,0,0.0,12.15,0.00390625,4199,0.125,12.200000000000001,0.0,0,false,false,kOff,0.0,12.1,0.0,0,0.0,12.25,0.0,0,kReverse,kOff,
11130,12.3,0.0,0.0,2302.26,0.125,12.200000000000001,0.00390625,8144,0.125,12.200000000000001,0.0,0,0.0,12.15,0.00390625,4199,0.125,12.200000000000001,0.0,0,false,false,kOff,0.0,12.1,0.0,0,0.0,12.25,0.0,0,kReverse,kOff,
11150,12.25,0.0,0.0,2302.26,0.125,12.200000000000001,0.00390625,8144,0.125,12.200000000000001,0.0,0,0.0,12.15,0.00390625,4199,0.125,12.200000000000001,0.0,0,false,false,kOff,0.0,12.1,0.0,0,0.0,12.25,0.0,0,kReverse,kOff,
11170,12.3,0.0,0.0,2302.26,0.125,12.200000000000001,0.00390625,8144,0.125,12.200000000000001,0.0,0,0.0,12.15,0.00390625,4199,0.125,12.200000000000001,0.0,0,false,false,kOff,0.0,12.1,0.0,0,0.0,12.25,0.0,0,kReverse,kOff,
11191,12.3,0.0,0.0,2302.26,0.125,12.200000000000001,0.00390625,8144,0.125,12.200000000000001,0.0,0,0.0,12.15,0.00390625,4199,0.125,12.200000000000001,0.0,0,false,false,kOff,0.0,12.1,0.0,0,0.0,12.25,0.0,0,kReverse,kOff,
11211,12.3,0.0,0.0,2302.26,0.125,12.200000000000001,0.00390625,8144,0.125,12.200000000000001,0.0,0,0.0,12.15,0.00390625,4199,0.125,12.200000000000001,0.0,0,false,false,kOff,0.0,12.1,0.0,0,0.0,12.25,0.0,0,kReverse,kOff,
11232,12.3,0.0,0.0,2302.26,0.125,12.200000000000001,0.00390625,8080,0.125,12.200000000000001,0.0,0,0.0,12.15,0.00390625,4132,0.125,12.200000000000001,0.0,0,false,false,kOff,0.0,12.1,0.0,0,0.0,12.25,0.0,0,kReverse,kOff,
11254,12.25,0.0,0.0,2302.26,0.125,12.200000000000001,0.00390625,8080,0.125,12.200000000000001,0.0,0,0.0,12.15,0.00390625,4132,0.125,12.200000000000001,0.0,0,false,false,kOff,0.0,12.1,0.0,0,0.0,12.25,0.0,0,kReverse,kOff,
11290,12.25,0.0,0.0,2302.26,0.125,12.200000000000001,0.00390625,8080,0.125,12.200000000000001,0.0,0,0.0,12.15,0.00390625,4132,0.125,12.200000000000001,0.0,0,false,false,kOff,0.0,12.1,0.0,0,0.0,12.25,0.0,0,kReverse,kOff,
11310,12.3,0.0,0.0,2302.26,0.125,12.200000000000001,0.00390625,8080,0.125,12.200000000000001,0.0,0,0.0,12.15,0.00390625,4132,0.125,12.200000000000001,0.0,0,false,false,kOff,0.0,12.1,0.0,0,0.0,12.25,0.0,0,kReverse,kOff,
11330,12.3,0.0,0.0,2302.26,0.125,12.200000000000001,0.00390625,8080,0.125,12.25,0.0,0,0.0,12.15,0.00390625,4132,0.125,12.200000000000001,0.0,0,false,false,kOff,0.0,12.1,0.0,0,0.0,12.25,0.0,0,kReverse,kOff,
11350,12.25,0.0,0.0,2302.26,0.125,12.200000000000001,0.00390625,8080,0.125,12.25,0.0,0,0.0,12.15,0.00390625,4132,0.125,12.200000000000001,0.0,0,false,false,kOff,0.0,12.1,0.0,0,0.0,12.25,0.0,0,kReverse,kOff,
11371,12.25,0.0,0.0,2302.26,0.125,12.200000000000001,0.00390625,8080,0.125,12.25,0.0,0,0.0,12.15,0.00390625,4132,0.125,12.200000000000001,0.0,0,false,false,kOff,0.0,12.1,0.0,0,0.0,12.25,0.0,0,kReverse,kOff,
11391,12.25,0.0,0.0,2302.26,0.125,12.200000000000001,0.00390625,8039,0.125,12.25,0.0,0,0.0,12.15,0.00390625,4091,0.125,12.200000000000001,0.0,0,false,false,kOff,0.0,12.1,0.0,0,0.0,12.25,0.0,0,kReverse,kOff,
11410,12.25,0.0,0.0,2302.26,0.125,12.200000000000001,0.00390625,8039,0.125,12.25,0.0,0,0.0,12.15,0.00390625,4091,0.0,12.200000000000001,0.0,0,false,false,kOff,0.0,12.1,0.0,0,0.0,12.25,0.0,0,kReverse,kOff,
11430,12.3,0.0,0.0,2302.26,0.125,12.200000000000001,0.00390625,8039,0.125,12.25,0.0,0,0.0,12.15,0.00390625,4091,0.0,12.200000000000001,0.0,0,false,false,kOff,0.0,12.1,0.0,0,0.0,12.25,0.0,0,kReverse,kOff,
11450,12.3,0.0,0.0,2302.26,0.125,12.200000000000001,0.00390625,8039,0.125,12.25,0.0,0,0.0,12.15,0.00390625,4091,0.0,12.200000000000001,0.0,0,false,false,kOff,0.0,12.1,0.0,0,0.0,12.25,0.0,0,kReverse,kOff,
11471,12.25,0.0,0.0,2302.26,0.125,12.200000000000001,0.00390625,8039,0.125,12.25,0.0,0,0.0,12.15,0.00390625,4091,0.125,12.200000000000001,0.0,0,false,false,kOff,0.0,12.1,0.0,0,0.0,12.25,0.0,0,kReverse,kOff,
11492,12.25,0.0,0.0,2302.26,0.125,12.200000000000001,0.00390625,8039,0.125,12.200000000000001,0.0,0,0.0,12.15,0.00390625,4091,0.125,12.200000000000001,0.0,0,false,false,kOff,0.0,12.1,0.0,0,0.0,12.25,0.0,0,kReverse,kOff,
11512,12.25,0.0,0.0,2302.26,0.125,12.200000000000001,0.00390625,8039,0.125,12.200000000000001,0.0,0,0.0,12.15,0.00390625,4091,0.125,12.200000000000001,0.0,0,false,false,kOff,0.0,12.1,0.0,0,0.0,12.25,0.0,0,kReverse,kOff,
11533,12.3,0.0,0.0,2302.26,0.125,12.200000000000001,0.00390625,8039,0.125,12.200000000000001,0.0,0,0.0,12.15,0.00390625,4091,0.125,12.200000000000001,0.0,0,false,false,kOff,0.0,12.1,0.0,0,0.0,12.25,0.0,0,kReverse,kOff,
11554,12.25,0.0,0.0,2302.26,0.125,12.200000000000001,0.00390625,8023,0.125,12.200000000000001,0.0,0,0.0,12.200000000000001,0.00390625,4075,0.125,12.200000000000001,0.0,0,false,false,kOff,0.0,12.1,0.0,0,0.0,12.25,0.0,0,kReverse,kOff,
11589,12.3,0.0,0.0,2302.26,0.125,12.200000000000001,0.00390625,8023,0.125,12.200000000000001,0.0,0,0.0,12.200000000000001,0.00390625,4075,0.125,12.200000000000001,0.0,0,false,false,kOff,0.0,12.1,0.0,0,0.0,12.25,0.0,0,kReverse,kOff,
11610,12.200000000000001,0.0,0.0,2302.26,0.125,12.200000000000001,0.00390625,8023,0.125,12.200000000000001,0.0,0,0.0,12.200000000000001,0.00390625,4075,0.125,12.200000000000001,0.0,0,false,false,kOff,0.0,12.1,0.0,0,0.0,12.25,0.0,0,kReverse,kOff,
11630,12.25,0.0,0.0,2302.26,0.125,12.200000000000001,0.00390625,8023,0.125,12.200000000000001,0.0,0,0.0,12.200000000000001,0.00390625,4075,0.125,12.200000000000001,0.0,0,false,false,kOff,0.0,12.1,0.0,0,0.0,12.25,0.0,0,kReverse,kOff,
11650,12.3,0.0,0.0,2302.26,0.125,12.200000000000001,0.00390625,8023,0.125,12.25,0.0,0,0.0,12.200000000000001,0.00390625,4075,0.125,12.200000000000001,0.0,0,false,false,kOff,0.0,12.1,0.0,0,0.0,12.25,0.0,0,kReverse,kOff,
11671,12.35,0.0,0.0,2302.26,0.125,12.200000000000001,0.00390625,8023,0.125,12.25,0.0,0,0.0,12.200000000000001,0.00390625,4075,0.125,12.200000000000001,0.0,0,false,false,kOff,0.0,12.1,0.0,0,0.0,12.25,0.0,0,kReverse,kOff,
11692,12.35,0.0,0.0,2302.26,0.125,12.200000000000001,0.00390625,8023,0.125,12.25,0.0,0,0.0,12.200000000000001,0.00390625,4075,0.125,12.200000000000001,0.0,0,false,false,kOff,0.0,12.1,0.0,0,0.0,12.25,0.0,0,kReverse,kOff,
11712,12.3,0.0,0.0,2302.26,0.125,12.200000000000001,0.00390625,8022,0.125,12.25,0.0,0,0.0,12.15,0.00390625,4075,0.125,12.200000000000001,0.0,0,false,false,kOff,0.0,12.1,0.0,0,0.0,12.25,0.0,0,kReverse,kOff,
11733,12.3,0.0,0.0,2302.26,0.125,12.200000000000001,0.00390625,8022,0.125,12.25,0.0,0,0.0,12.15,0.00390625,4075,0.125,12.200000000000001,0.0,0,false,false,kOff,0.0,12.1,0.0,0,0.0,12.25,0.0,0,kReverse,kOff,
11753,12.3,0.0,0.0,2302.26,0.125,12.200000000000001,0.00390625,8022,0.125,12.25,0.0,0,0.0,12.15,0.00390625,4075,0.125,12.200000000000001,0.0,0,false,false,kOff,0.0,12.1,0.0,0,0.0,12.25,0.0,0,kReverse,kOff,
11773,12.3,0.0,0.0,2302.26,0.125,12.200000000000001,0.00390625,8022,0.125,12.25,0.0,0,0.0,12.15,0.00390625,4075,0.125,12.200000000000001,0.0,0,false,false,kOff,0.0,12.1,0.0,0,0.0,12.25,0.0,0,kReverse,kOff,
11797,12.35,0.0,0.0,2302.26,0.125,12.200000000000001,0.00390625,8022,0.125,12.25,0.0,0,0.0,12.15,0.00390625,4075,0.125,12.200000000000001,0.0,0,false,false,kOff,0.0,12.1,0.0,0,0.0,12.25,0.0,0,kReverse,kOff,
11830,12.3,0.0,0.0,2302.26,0.125,12.200000000000001,0.00390625,8022,0.125,12.200000000000001,0.0,0,0.0,12.15,0.00390625,4075,0.125,12.200000000000001,0.0,0,false,false,kOff,0.0,12.1,0.0,0,0.0,12.25,0.0,0,kReverse,kOff,
11851,12.3,0.0,0.0,2302.26,0.125,12.200000000000001,0.00390625,8022,0.125,12.200000000000001,0.0,0,0.0,12.15,0.00390625,4075,0.125,12.200000000000001,0.0,0,false,false,kOff,0.0,12.1,0.0,0,0.0,12.25,0.0,0,kReverse,kOff,
11872,12.3,0.0,0.0,2302.26,0.125,12.200000000000001,0.00390625,8022,0.125,12.200000000000001,0.0,0,0.0,12.200000000000001,0.00390625,4075,0.125,12.200000000000001,0.0,0,false,false,kOff,0.0,12.1,0.0,0,0.0,12.25,0.0,0,kReverse,kOff,
11893,12.35,0.0,0.0,2302.26,0.125,12.200000000000001,0.00390625,8022,0.125,12.200000000000001,0.0,0,0.0,12.200000000000001,0.00390625,4075,0.125,12.200000000000001,0.0,0,false,false,kOff,0.0,12.1,0.0,0,0.0,12.25,0.0,0,kReverse,kOff,
11930,12.35,0.0,0.0,2302.26,0.125,12.200000000000001,0.00390625,8022,0.125,12.200000000000001,0.0,0,0.0,12.200000000000001,0.00390625,4075,0.125,12.200000000000001,0.0,0,false,false,kOff,0.0,12.1,0.0,0,0.0,12.25,0.0,0,kReverse,kOff,
