talon_4_current,talon_4_voltage,talon_4_value,talon_4_position,talon_5_current,talon_5_voltage,talon_5_value,talon_5_position,talon_2_current,talon_2_voltage,talon_2_value,talon_2_position,talon_3_current,talon_3_voltage,talon_3_value,talon_3_position,solenoid_6_state,solenoid_4_state,doublesolenoid_2-7_state,talon_1_current,talon_1_voltage,talon_1_value,talon_1_position,
0.125,12.6,0.00390625,33707,0.0,12.65,0.0,0,0.0,12.6,0.00390625,34626,0.0,12.65,0.0,0,false,false,kOff,0.0,12.55,0.0,-4798,
0.125,12.6,0.00390625,33707,0.0,12.65,0.0,0,0.0,12.6,0.00390625,34626,0.0,12.65,0.0,0,false,false,kOff,0.0,12.55,0.0,-4798,
0.125,12.6,0.00390625,33707,0.0,12.65,0.0,0,0.0,12.05,0.00390625,34626,0.0,12.65,0.0,0,false,false,kOff,0.0,11.95,0.0,-4798,
0.125,11.850000000000001,0.00390625,33707,0.0,12.65,0.0,0,0.0,12.05,0.00390625,34626,0.0,11.9,0.0,0,false,false,kOff,0.0,11.95,0.0,-4798,
0.125,11.850000000000001,0.00390625,33707,0.0,12.65,0.0,0,0.0,12.05,0.00390625,34626,0.0,11.9,0.0,0,false,false,kOff,0.0,11.95,0.0,-4798,
0.125,11.850000000000001,0.00390625,33707,0.0,12.65,0.0,0,0.0,12.05,0.00390625,34626,0.0,11.9,0.0,0,false,false,kOff,0.0,11.95,0.0,-4798,
0.125,11.850000000000001,0.00390625,33707,0.0,12.65,0.0,0,0.0,12.05,0.00390625,34626,0.0,11.9,0.0,0,false,false,kOff,0.0,11.95,0.0,-4798,
0.125,11.850000000000001,0.00390625,33707,0.0,12.65,0.0,0,0.0,12.05,0.00390625,34626,0.0,11.9,0.0,0,false,false,kOff,0.0,11.95,0.0,-4798,
0.125,11.850000000000001,0.00390625,33707,0.0,12.3,0.0,0,0.0,12.05,0.00390625,34626,0.0,11.9,0.0,0,false,false,kOff,0.0,11.95,0.0,-4798,
0.125,11.850000000000001,0.00390625,33707,0.0,12.3,0.0,0,0.0,12.05,0.00390625,34626,0.0,11.9,0.0,0,false,false,kOff,0.0,11.95,0.0,-4798,
0.125,11.850000000000001,0.00390625,33707,0.0,12.3,0.0,0,0.0,12.25,0.00390625,34626,0.0,11.9,0.0,0,false,false,kOff,0.0,12.200000000000001,0.0,-4794,
0.125,12.25,0.00390625,33707,0.0,12.3,0.0,0,0.0,12.25,0.00390625,34626,0.0,12.25,0.0,0,false,false,kOff,0.0,12.200000000000001,0.0,-4794,
0.125,12.25,0.00390625,33707,0.0,12.3,0.0,0,0.0,12.25,0.00390625,34626,0.0,12.25,0.0,0,false,false,kOff,0.0,12.200000000000001,0.0,-4794,
0.125,12.25,0.00390625,33707,0.0,12.3,0.0,0,0.0,12.25,0.00390625,34626,0.0,12.25,0.0,0,false,false,kOff,0.0,12.200000000000001,0.0,-4794,
0.125,12.25,0.00390625,33707,0.0,12.3,0.0,0,0.0,12.25,0.00390625,34626,0.0,12.25,0.0,0,false,false,kOff,0.0,12.200000000000001,0.0,-4794,
0.125,12.25,0.00390625,33707,0.0,12.3,0.0,0,0.0,12.25,0.00390625,34626,0.0,12.25,0.0,0,false,false,kOff,0.0,12.200000000000001,0.0,-4794,
0.125,12.25,0.00390625,33707,0.0,12.25,0.0,0,0.0,12.25,0.00390625,34626,0.0,12.25,0.0,0,false,false,kOff,0.0,12.200000000000001,0.0,-4794,
0.125,12.25,0.00390625,33707,0.0,12.25,0.0,0,0.0,12.25,0.00390625,34626,0.0,12.25,0.0,0,false,false,kOff,0.0,12.200000000000001,0.0,-4794,
0.125,12.25,0.00390625,33707,0.0,12.25,0.0,0,0.0,12.25,0.00390625,34626,0.0,12.25,0.0,0,false,false,kOff,0.0,12.200000000000001,0.0,-4792,
0.125,12.25,0.00390625,33707,0.0,12.25,0.0,0,0.0,12.25,0.00390625,34626,0.0,12.25,0.0,0,false,false,kOff,0.0,12.200000000000001,0.0,-4792,
0.125,12.25,0.00390625,33707,0.0,12.25,0.0,0,0.0,12.25,0.00390625,34626,0.0,12.25,0.0,0,false,false,kOff,0.0,12.200000000000001,0.0,-4792,
0.125,12.25,0.00390625,33707,0.0,12.25,0.0,0,0.0,12.25,0.00390625,34626,0.0,12.25,0.0,0,false,false,kOff,0.0,12.200000000000001,0.0,-4792,
0.125,12.25,0.00390625,33707,0.0,12.25,0.0,0,0.0,12.25,0.00390625,34626,0.0,12.25,0.0,0,false,false,kOff,0.0,12.200000000000001,0.0,-4792,
0.125,12.25,0.00390625,33707,0.0,12.25,0.0,0,0.0,12.25,0.00390625,34626,0.0,12.25,0.0,0,false,false,kOff,0.0,12.200000000000001,0.0,-4792,
0.125,12.25,0.00390625,33707,0.0,12.25,0.0,0,0.0,12.25,0.00390625,34626,0.0,12.25,0.0,0,false,false,kOff,0.0,12.200000000000001,0.0,-4792,
0.125,12.25,0.00390625,33707,0.0,12.25,0.0,0,0.0,12.200000000000001,0.00390625,34626,0.0,12.25,0.0,0,false,false,kOff,0.0,12.200000000000001,0.0,-4792,
0.125,12.25,0.00390625,33707,0.0,12.25,0.0,0,0.0,12.200000000000001,0.00390625,34626,0.0,12.25,0.0,0,false,false,kOff,0.0,12.200000000000001,0.0,-4792,
0.125,12.25,0.00390625,33707,0.0,12.25,0.0,0,0.0,12.200000000000001,0.00390625,34626,0.0,12.25,0.0,0,false,false,kOff,0.0,12.200000000000001,0.0,-4792,
0.125,12.25,0.00390625,33707,0.0,12.25,0.0,0,0.0,12.200000000000001,0.00390625,34626,0.0,12.25,0.0,0,false,false,kOff,0.0,12.200000000000001,0.0,-4792,
0.125,12.25,0.00390625,33707,0.0,12.25,0.0,0,0.0,12.200000000000001,0.00390625,34626,0.0,12.25,0.0,0,false,false,kOff,0.0,12.200000000000001,0.0,-4792,
0.125,12.25,0.00390625,33707,0.0,12.25,0.0,0,0.0,12.200000000000001,0.00390625,34626,0.0,12.25,0.0,0,false,false,kOff,0.0,12.200000000000001,0.0,-4792,
0.125,12.25,0.00390625,33707,0.0,12.25,0.0,0,0.0,12.200000000000001,0.00390625,34626,0.0,12.25,0.0,0,false,false,kOff,0.0,12.200000000000001,0.0,-4792,
0.125,12.25,0.00390625,33707,0.0,12.25,0.0,0,0.0,12.200000000000001,0.00390625,34626,0.0,12.25,0.0,0,false,false,kOff,0.0,12.15,0.0,-4791,
0.125,12.25,0.00390625,33707,0.0,12.25,0.0,0,0.0,12.200000000000001,0.00390625,34626,0.0,12.25,0.0,0,false,false,kOff,0.0,12.15,0.0,-4791,
0.125,12.25,0.00390625,33707,0.0,12.25,0.0,0,0.0,12.200000000000001,0.00390625,34626,0.0,12.25,0.0,0,false,false,kOff,0.0,12.15,0.0,-4791,
0.125,12.25,0.00390625,33707,0.0,12.25,0.0,0,0.0,12.200000000000001,0.00390625,34626,0.0,12.25,0.0,0,false,false,kOff,0.0,12.15,0.0,-4791,
0.125,12.25,0.00390625,33707,0.0,12.25,0.0,0,0.0,12.200000000000001,0.00390625,34626,0.0,12.25,0.0,0,false,false,kOff,0.0,12.15,0.0,-4791,
0.125,12.25,0.00390625,33707,0.0,12.25,0.0,0,0.0,12.200000000000001,0.00390625,34626,0.0,12.25,0.0,0,false,false,kOff,0.0,12.15,0.0,-4791,
0.125,12.25,0.00390625,33707,0.0,12.25,0.0,0,0.0,12.200000000000001,0.00390625,34626,0.0,12.25,0.0,0,false,false,kOff,0.0,12.15,0.0,-4791,
0.125,12.25,0.00390625,33707,0.0,12.25,0.0,0,0.0,12.200000000000001,0.00390625,34626,0.0,12.25,0.0,0,false,false,kOff,0.0,12.15,0.0,-4791,
0.125,12.25,0.00390625,33707,0.0,12.25,0.0,0,0.0,12.200000000000001,0.00390625,34626,0.0,12.25,0.0,0,false,false,kOff,0.0,12.15,0.0,-4791,
0.125,12.200000000000001,0.00390625,33707,0.0,12.25,0.0,0,0.0,12.200000000000001,0.00390625,34626,0.0,12.25,0.0,0,false,false,kOff,0.0,12.15,0.0,-4791,
0.125,12.200000000000001,0.00390625,33707,0.0,12.25,0.0,0,0.0,12.200000000000001,0.00390625,34626,0.0,12.25,0.0,0,false,false,kOff,0.0,12.15,0.0,-4791,
0.125,12.200000000000001,0.00390625,33707,0.0,12.25,0.0,0,0.0,12.200000000000001,0.00390625,34626,0.0,12.25,0.0,0,false,false,kOff,0.0,12.15,0.0,-4791,
0.125,12.200000000000001,0.00390625,33707,0.0,12.25,0.0,0,0.0,12.200000000000001,0.00390625,34626,0.0,12.25,0.0,0,false,false,kOff,0.0,12.15,0.0,-4791,
0.125,12.200000000000001,0.00390625,33707,0.0,12.25,0.0,0,0.0,12.200000000000001,0.00390625,34626,0.0,12.25,0.0,0,false,false,kOff,0.0,12.15,0.0,-4791,
0.125,12.200000000000001,0.00390625,33707,0.0,12.25,0.0,0,0.0,12.200000000000001,0.00390625,34626,0.0,12.25,0.0,0,false,false,kOff,0.0,12.1,0.0,-4791,
0.125,12.200000000000001,0.00390625,33707,0.0,12.25,0.0,0,0.0,12.200000000000001,0.00390625,34626,0.0,12.200000000000001,0.0,0,false,false,kOff,0.0,12.1,0.0,-4791,
0.125,12.200000000000001,0.00390625,33707,0.0,12.25,0.0,0,0.0,12.200000000000001,0.00390625,34626,0.0,12.200000000000001,0.0,0,false,false,kOff,0.0,12.1,0.0,-4791,
0.125,12.200000000000001,0.00390625,33707,0.0,12.25,0.0,0,0.0,12.200000000000001,0.00390625,34626,0.0,12.200000000000001,0.0,0,false,false,kOff,0.0,12.1,0.0,-4791,
0.125,12.200000000000001,0.00390625,33707,0.0,12.25,0.0,0,0.0,12.200000000000001,0.00390625,34626,0.0,12.200000000000001,0.0,0,false,false,kOff,0.0,12.1,0.0,-4791,
0.125,12.200000000000001,0.00390625,33707,0.0,12.25,0.0,0,0.0,12.200000000000001,0.00390625,34626,0.0,12.200000000000001,0.0,0,false,false,kOff,0.0,12.1,0.0,-4791,
0.125,12.200000000000001,0.00390625,33707,0.0,12.200000000000001,0.0,0,0.0,12.200000000000001,0.00390625,34626,0.0,12.200000000000001,0.0,0,false,false,kOff,0.0,12.1,0.0,-4791,
0.125,12.200000000000001,0.00390625,33707,0.0,12.200000000000001,0.0,0,0.0,12.200000000000001,0.00390625,34626,0.0,12.200000000000001,0.0,0,false,false,kOff,0.0,12.1,0.0,-4791,
0.125,12.200000000000001,0.00390625,33707,0.0,12.200000000000001,0.0,0,0.0,12.15,0.00390625,34626,0.0,12.200000000000001,0.0,0,false,false,kOff,0.0,12.1,0.0,-4791,
0.125,12.200000000000001,0.00390625,33707,0.0,12.200000000000001,0.0,0,0.0,12.15,0.00390625,34626,0.0,12.200000000000001,0.0,0,false,false,kOff,0.0,12.1,0.0,-4791,
0.125,12.200000000000001,0.00390625,33707,0.0,12.200000000000001,0.0,0,0.0,12.15,0.00390625,34626,0.0,12.200000000000001,0.0,0,false,false,kOff,0.0,12.1,0.0,-4791,
0.125,12.200000000000001,0.00390625,33707,0.0,12.200000000000001,0.0,0,0.0,12.15,0.00390625,34626,0.0,12.200000000000001,0.0,0,false,false,kOff,0.0,12.1,0.0,-4791,
0.125,12.200000000000001,0.00390625,33707,0.0,12.200000000000001,0.0,0,0.0,12.15,0.00390625,34626,0.0,12.200000000000001,0.0,0,false,false,kOff,0.0,12.1,0.0,-4791,
0.125,12.200000000000001,0.00390625,33707,0.0,12.200000000000001,0.0,0,0.0,12.15,0.00390625,34626,0.0,12.200000000000001,0.0,0,false,false,kOff,0.0,12.1,0.0,-4791,
0.125,12.200000000000001,0.00390625,33707,0.0,12.200000000000001,0.0,0,0.0,12.15,0.00390625,34626,0.0,12.200000000000001,0.0,0,false,false,kOff,0.0,12.1,0.0,-4791,
0.125,12.200000000000001,0.00390625,33707,0.0,12.200000000000001,0.0,0,0.0,12.15,0.00390625,34626,0.0,12.200000000000001,0.0,0,false,false,kOff,0.0,12.1,0.0,-4791,
0.125,12.200000000000001,0.00390625,33707,0.0,12.200000000000001,0.0,0,0.0,12.15,0.00390625,34626,0.0,12.200000000000001,0.0,0,false,false,kOff,0.0,12.1,0.0,-4791,
0.125,12.200000000000001,0.00390625,33707,0.0,12.200000000000001,0.0,0,0.0,12.15,0.00390625,34626,0.0,12.200000000000001,0.0,0,false,false,kOff,0.0,12.1,0.0,-4791,
0.125,12.200000000000001,0.00390625,33707,0.0,12.200000000000001,0.0,0,0.0,12.15,0.00390625,34626,0.0,12.200000000000001,0.0,0,false,false,kOff,0.0,12.1,0.0,-4791,
0.125,12.200000000000001,0.00390625,33707,0.0,12.200000000000001,0.0,0,0.0,12.15,0.00390625,34626,0.0,12.200000000000001,0.0,0,false,false,kOff,0.0,12.1,0.0,-4791,
0.125,12.200000000000001,0.00390625,33707,0.0,12.200000000000001,0.0,0,0.0,12.15,0.00390625,34626,0.0,12.200000000000001,0.0,0,false,false,kOff,0.0,12.1,0.0,-4791,
0.125,12.200000000000001,0.00390625,33707,0.0,12.200000000000001,0.0,0,0.0,12.15,0.00390625,34626,0.0,12.200000000000001,0.0,0,false,false,kOff,0.0,12.1,0.0,-4791,
0.125,12.200000000000001,0.00390625,33707,0.0,12.200000000000001,0.0,0,0.0,12.15,0.00390625,34626,0.0,12.200000000000001,0.0,0,false,false,kOff,0.0,12.1,0.0,-4791,
0.125,12.200000000000001,0.00390625,33707,0.0,12.200000000000001,0.0,0,0.0,12.15,0.00390625,34626,0.0,12.200000000000001,0.0,0,false,false,kOff,0.0,12.1,0.0,-4791,
0.125,12.200000000000001,0.00390625,33707,0.0,12.200000000000001,0.0,0,0.0,12.15,0.00390625,34626,0.0,12.200000000000001,0.0,0,false,false,kOff,0.0,12.1,0.0,-4791,
0.125,12.200000000000001,0.00390625,33707,0.0,12.200000000000001,0.0,0,0.0,12.15,0.00390625,34626,0.0,12.200000000000001,0.0,0,false,false,kOff,0.0,12.1,0.0,-4791,
0.125,12.200000000000001,0.00390625,33707,0.0,12.200000000000001,0.0,0,0.0,12.15,0.00390625,34626,0.0,12.200000000000001,0.0,0,false,false,kOff,0.0,12.1,0.0,-4791,
0.125,12.200000000000001,0.00390625,33707,0.0,12.200000000000001,0.0,0,0.0,12.15,0.00390625,34626,0.0,12.200000000000001,0.0,0,false,false,kOff,0.0,12.1,0.0,-4791,
0.125,12.200000000000001,0.00390625,33707,0.0,12.200000000000001,0.0,0,0.0,12.15,0.00390625,34626,0.0,12.200000000000001,0.0,0,false,false,kOff,0.0,12.1,0.0,-4791,
0.125,12.200000000000001,0.00390625,33707,0.0,12.200000000000001,0.0,0,0.0,12.15,0.00390625,34626,0.0,12.200000000000001,0.0,0,false,false,kOff,0.0,12.1,0.0,-4791,
0.125,12.200000000000001,0.00390625,33707,0.0,12.200000000000001,0.0,0,0.0,12.15,0.00390625,34626,0.0,12.200000000000001,0.0,0,false,false,kOff,0.0,12.1,0.0,-4791,
0.125,12.200000000000001,0.00390625,33707,0.0,12.200000000000001,0.0,0,0.0,12.15,0.00390625,34626,0.0,12.200000000000001,0.0,0,false,false,kOff,0.0,12.1,0.0,-4791,
0.125,12.200000000000001,0.00390625,33707,0.0,12.200000000000001,0.0,0,0.0,12.15,0.00390625,34626,0.0,12.200000000000001,0.0,0,false,false,kOff,0.0,12.1,0.0,-4790,
0.125,12.15,0.00390625,33707,0.0,12.200000000000001,0.0,0,0.0,12.15,0.00390625,34626,0.0,12.200000000000001,0.0,0,false,false,kOff,0.0,12.1,0.0,-4790,
0.125,12.15,0.00390625,33707,0.0,12.200000000000001,0.0,0,0.0,12.15,0.00390625,34626,0.0,12.200000000000001,0.0,0,false,false,kOff,0.0,12.1,0.0,-4790,
0.125,12.15,0.00390625,33707,0.0,12.200000000000001,0.0,0,0.0,12.15,0.00390625,34626,0.0,12.200000000000001,0.0,0,false,false,kOff,0.0,12.1,0.0,-4790,
0.125,12.15,0.00390625,33707,0.0,12.200000000000001,0.0,0,0.0,12.15,0.00390625,34626,0.0,12.200000000000001,0.0,0,false,false,kOff,0.0,12.1,0.0,-4790,
0.125,12.15,0.00390625,33707,0.0,12.200000000000001,0.0,0,0.0,12.15,0.00390625,34626,0.0,12.200000000000001,0.0,0,false,false,kOff,0.0,12.1,0.0,-4790,
0.125,12.15,0.00390625,33707,0.0,12.200000000000001,0.0,0,0.0,12.15,0.00390625,34626,0.0,12.200000000000001,0.0,0,false,false,kOff,0.0,12.1,0.0,-4790,
0.125,12.15,0.00390625,33707,0.0,12.200000000000001,0.0,0,0.0,12.15,0.00390625,34626,0.0,12.200000000000001,0.0,0,false,false,kOff,0.0,12.1,0.0,-4790,
0.125,12.15,0.00390625,33707,0.0,12.200000000000001,0.0,0,0.0,12.1,0.00390625,34626,0.0,12.200000000000001,0.0,0,false,false,kOff,0.0,12.1,0.0,-4790,
0.125,12.15,0.00390625,33707,0.0,12.200000000000001,0.0,0,0.0,12.1,0.00390625,34626,0.0,12.200000000000001,0.0,0,false,false,kOff,0.0,12.1,0.0,-4790,
0.125,12.15,0.00390625,33707,0.0,12.200000000000001,0.0,0,0.0,12.1,0.00390625,34626,0.0,12.200000000000001,0.0,0,false,false,kOff,0.0,12.1,0.0,-4790,
0.125,12.15,0.00390625,33707,0.0,12.200000000000001,0.0,0,0.0,12.1,0.00390625,34626,0.0,12.200000000000001,0.0,0,false,false,kOff,0.0,12.1,0.0,-4790,
0.125,12.15,0.00390625,33707,0.0,12.200000000000001,0.0,0,0.0,12.1,0.00390625,34626,0.0,12.200000000000001,0.0,0,false,false,kOff,0.0,12.1,0.0,-4790,
0.125,12.15,0.00390625,33707,0.0,12.200000000000001,0.0,0,0.0,12.1,0.00390625,34626,0.0,12.200000000000001,0.0,0,false,false,kOff,0.0,12.1,0.0,-4790,
0.125,12.15,0.00390625,33707,0.0,12.200000000000001,0.0,0,0.0,12.1,0.00390625,34626,0.0,12.200000000000001,0.0,0,false,false,kOff,0.0,12.1,0.0,-4790,
0.125,12.15,0.00390625,33707,0.0,12.200000000000001,0.0,0,0.0,12.1,0.00390625,34626,0.0,12.200000000000001,0.0,0,false,false,kOff,0.0,12.1,0.0,-4790,
0.125,12.15,0.00390625,33707,0.0,12.200000000000001,0.0,0,0.0,12.1,0.00390625,34626,0.0,12.200000000000001,0.0,0,false,false,kOff,0.0,12.1,0.0,-4790,
0.125,12.15,0.00390625,33707,0.0,12.200000000000001,0.0,0,0.0,12.1,0.00390625,34626,0.0,12.15,0.0,0,false,false,kOff,0.0,12.1,0.0,-4790,
0.125,12.15,0.00390625,33707,0.0,12.200000000000001,0.0,0,0.0,12.1,0.00390625,34626,0.0,12.15,0.0,0,false,false,kOff,0.0,12.1,0.0,-4790,
0.125,12.15,0.00390625,33707,0.0,12.200000000000001,0.0,0,0.0,12.1,0.00390625,34626,0.0,12.15,0.0,0,false,false,kOff,0.0,12.1,0.0,-4790,
0.125,12.15,0.00390625,33707,0.0,12.200000000000001,0.0,0,0.0,12.1,0.00390625,34626,0.0,12.15,0.0,0,false,false,kOff,0.0,12.1,0.0,-4790,
0.125,12.15,0.00390625,33707,0.0,12.200000000000001,0.0,0,0.0,12.1,0.00390625,34626,0.0,12.15,0.0,0,false,false,kOff,0.0,12.1,0.0,-4790,
0.125,12.15,0.00390625,33707,0.0,12.200000000000001,0.0,0,0.0,12.1,0.00390625,34626,0.0,12.15,0.0,0,false,false,kOff,0.0,12.1,0.0,-4790,
0.125,12.15,0.00390625,33707,0.0,12.200000000000001,0.0,0,0.0,12.1,0.00390625,34626,0.0,12.15,0.0,0,false,false,kOff,0.0,12.1,0.0,-4790,
0.125,12.15,0.00390625,33707,0.0,12.200000000000001,0.0,0,0.0,12.1,0.00390625,34626,0.0,12.15,0.0,0,false,false,kOff,0.0,12.05,0.0,-4790,
0.125,12.15,0.00390625,33707,0.0,12.200000000000001,0.0,0,0.0,12.1,0.00390625,34626,0.0,12.15,0.0,0,false,false,kOff,0.0,12.05,0.0,-4790,
0.125,12.15,0.00390625,33707,0.0,12.200000000000001,0.0,0,0.0,12.1,0.00390625,34626,0.0,12.15,0.0,0,false,false,kOff,0.0,12.05,0.0,-4790,
0.125,12.15,0.00390625,33707,0.0,12.200000000000001,0.0,0,0.0,12.1,0.00390625,34626,0.0,12.15,0.0,0,false,false,kOff,0.0,12.05,0.0,-4790,
0.125,12.15,0.00390625,33707,0.0,12.200000000000001,0.0,0,0.0,12.1,0.00390625,34626,0.0,12.15,0.0,0,false,false,kOff,0.0,12.05,0.0,-4790,
0.125,12.15,0.00390625,33707,0.0,12.200000000000001,0.0,0,0.0,12.1,0.00390625,34626,0.0,12.15,0.0,0,false,false,kOff,0.0,12.05,0.0,-4790,
0.125,12.15,0.00390625,33707,0.0,12.15,0.0,0,0.0,12.1,0.00390625,34626,0.0,12.15,0.0,0,false,false,kOff,0.0,12.05,0.0,-4790,
0.125,12.15,0.00390625,33707,0.0,12.15,0.0,0,0.0,12.1,0.00390625,34626,0.0,12.15,0.0,0,false,false,kOff,0.0,12.05,0.0,-4790,
0.125,12.15,0.00390625,33707,0.0,12.15,0.0,0,0.0,12.1,0.00390625,34626,0.0,12.15,0.0,0,false,false,kOff,0.0,12.05,0.0,-4790,
0.125,12.15,0.00390625,33707,0.0,12.15,0.0,0,0.0,12.1,0.00390625,34626,0.0,12.15,0.0,0,false,false,kOff,0.0,12.05,0.0,-4790,
0.125,12.15,0.00390625,33707,0.0,12.15,0.0,0,0.0,12.1,0.00390625,34626,0.0,12.15,0.0,0,false,false,kOff,0.0,12.05,0.0,-4790,
0.125,12.15,0.00390625,33707,0.0,12.15,0.0,0,0.0,12.1,0.00390625,34626,0.0,12.15,0.0,0,false,false,kOff,0.0,12.05,0.0,-4790,
0.125,12.15,0.00390625,33707,0.0,12.15,0.0,0,0.0,12.1,0.00390625,34626,0.0,12.15,0.0,0,false,false,kOff,0.0,12.05,0.0,-4790,
0.125,12.15,0.00390625,33707,0.0,12.15,0.0,0,0.0,12.1,0.00390625,34626,0.0,12.15,0.0,0,false,false,kOff,0.0,12.05,0.0,-4790,
0.125,12.15,0.00390625,33707,0.0,12.15,0.0,0,0.0,12.1,0.00390625,34626,0.0,12.15,0.0,0,false,false,kOff,0.0,12.05,0.0,-4790,
0.125,12.15,0.00390625,33707,0.0,12.15,0.0,0,0.0,12.1,0.00390625,34626,0.0,12.15,0.0,0,false,false,kOff,0.0,12.05,0.0,-4790,
0.125,12.1,0.00390625,33707,0.0,12.15,0.0,0,0.0,12.1,0.00390625,34626,0.0,12.15,0.0,0,false,false,kOff,0.0,12.05,0.0,-4790,
0.125,12.1,0.00390625,33707,0.0,12.15,0.0,0,0.0,12.1,0.00390625,34626,0.0,12.15,0.0,0,false,false,kOff,0.0,12.05,0.0,-4790,
0.125,12.1,0.00390625,33707,0.0,12.15,0.0,0,0.0,12.1,0.00390625,34626,0.0,12.15,0.0,0,false,false,kOff,0.0,12.05,0.0,-4790,
0.125,12.1,0.00390625,33707,0.0,12.15,0.0,0,0.0,12.1,0.00390625,34626,0.0,12.15,0.0,0,false,false,kOff,0.0,12.05,0.0,-4790,
0.125,12.1,0.00390625,33707,0.0,12.15,0.0,0,0.0,12.1,0.00390625,34626,0.0,12.15,0.0,0,false,false,kOff,0.0,12.05,0.0,-4790,
0.125,12.1,0.00390625,33707,0.0,12.15,0.0,0,0.0,12.1,0.00390625,34626,0.0,12.15,0.0,0,false,false,kOff,0.0,12.05,0.0,-4790,
0.125,12.1,0.00390625,33707,0.0,12.15,0.0,0,0.0,12.1,0.00390625,34626,0.0,12.15,0.0,0,false,false,kOff,0.0,12.05,0.0,-4790,
0.125,12.1,0.00390625,33707,0.0,12.15,0.0,0,0.0,12.1,0.00390625,34626,0.0,12.1,0.0,0,false,false,kOff,0.0,12.05,0.0,-4790,
0.125,12.1,0.00390625,33707,0.0,12.15,0.0,0,0.0,12.1,0.00390625,34626,0.0,12.1,0.0,0,false,false,kOff,0.0,12.05,0.0,-4790,
0.125,12.1,0.00390625,33707,0.0,12.15,0.0,0,0.0,12.1,0.00390625,34626,0.0,12.1,0.0,0,false,false,kOff,0.0,12.05,0.0,-4790,
0.125,12.1,0.00390625,33707,0.0,12.15,0.0,0,0.0,12.1,0.00390625,34626,0.0,12.1,0.0,0,false,false,kOff,0.0,12.05,0.0,-4790,
0.125,12.1,0.00390625,33707,0.0,12.15,0.0,0,0.0,12.1,0.00390625,34626,0.0,12.1,0.0,0,false,false,kOff,0.0,12.05,0.0,-4790,
0.125,12.1,0.00390625,33707,0.0,12.15,0.0,0,0.0,12.1,0.00390625,34626,0.0,12.1,0.0,0,false,false,kOff,0.0,12.05,0.0,-4790,
0.125,12.1,0.00390625,33707,0.0,12.15,0.0,0,0.0,12.1,0.00390625,34626,0.0,12.1,0.0,0,false,false,kOff,0.0,12.05,0.0,-4789,
0.125,12.1,0.00390625,33707,0.0,12.15,0.0,0,0.0,12.1,0.00390625,34626,0.0,12.15,0.0,0,false,false,kOff,0.0,12.05,0.0,-4789,
0.125,12.1,0.00390625,33707,0.0,12.15,0.0,0,0.0,12.1,0.00390625,34626,0.0,12.15,0.0,0,false,false,kOff,0.0,12.05,0.0,-4789,
0.125,12.1,0.00390625,33707,0.0,12.15,0.0,0,0.0,12.1,0.00390625,34626,0.0,12.15,0.0,0,false,false,kOff,0.0,12.05,0.0,-4789,
0.125,12.1,0.00390625,33707,0.0,12.15,0.0,0,0.0,12.1,0.00390625,34626,0.0,12.15,0.0,0,false,false,kOff,0.0,12.05,0.0,-4789,
0.125,12.1,0.00390625,33707,0.0,12.15,0.0,0,0.0,12.1,0.00390625,34626,0.0,12.15,0.0,0,false,false,kOff,0.0,12.05,0.0,-4789,
0.125,12.1,0.00390625,33707,0.0,12.1,0.0,0,0.0,12.1,0.00390625,34626,0.0,12.15,0.0,0,false,false,kOff,0.0,12.05,0.0,-4789,
0.125,12.1,0.00390625,33707,0.0,12.1,0.0,0,0.0,12.1,0.00390625,34626,0.0,12.15,0.0,0,false,false,kOff,0.0,12.05,0.0,-4789,
0.125,12.1,0.00390625,33707,0.0,12.1,0.0,0,0.0,12.1,0.00390625,34626,0.0,12.15,0.0,0,false,false,kOff,0.0,12.05,0.0,-4787,
0.125,12.1,0.00390625,33707,0.0,12.1,0.0,0,0.0,12.1,0.00390625,34626,0.0,12.1,0.0,0,false,false,kOff,0.0,12.05,0.0,-4787,
0.125,12.1,0.00390625,33707,0.0,12.1,0.0,0,0.0,12.1,0.00390625,34626,0.0,12.1,0.0,0,false,false,kOff,0.0,12.05,0.0,-4787,
0.125,12.1,0.00390625,33707,0.0,12.1,0.0,0,0.0,12.1,0.00390625,34626,0.0,12.1,0.0,0,false,false,kOff,0.0,12.05,0.0,-4787,
0.125,12.1,0.00390625,33707,0.0,12.1,0.0,0,0.0,12.1,0.00390625,34626,0.0,12.1,0.0,0,false,false,kOff,0.0,12.05,0.0,-4787,
0.125,12.1,0.00390625,33707,0.0,12.1,0.0,0,0.0,12.1,0.00390625,34626,0.0,12.1,0.0,0,false,false,kOff,0.0,12.05,0.0,-4787,
0.125,12.1,0.00390625,33707,0.0,12.1,0.0,0,0.0,12.1,0.00390625,34626,0.0,12.1,0.0,0,false,false,kOff,0.0,12.05,0.0,-4787,
0.125,12.1,0.00390625,33707,0.0,12.1,0.0,0,0.0,12.1,0.00390625,34626,0.0,12.1,0.0,0,false,false,kOff,0.0,12.05,0.0,-4787,
0.125,12.1,0.00390625,33707,0.0,12.1,0.0,0,0.0,12.1,0.00390625,34626,0.0,12.1,0.0,0,false,false,kOff,0.0,12.05,0.0,-4787,
0.125,12.1,0.00390625,33707,0.0,12.1,0.0,0,0.0,12.1,0.00390625,34626,0.0,12.1,0.0,0,false,false,kOff,0.0,12.05,0.0,-4787,
0.125,12.1,0.00390625,33707,0.0,12.1,0.0,0,0.0,12.1,0.00390625,34626,0.0,12.1,0.0,0,false,false,kOff,0.0,12.05,0.0,-4787,
0.125,12.1,0.00390625,33707,0.0,12.1,0.0,0,0.0,12.1,0.00390625,34626,0.0,12.1,0.0,0,false,false,kOff,0.0,12.05,0.0,-4787,
0.125,12.1,0.00390625,33707,0.0,12.1,0.0,0,0.0,12.1,0.00390625,34626,0.0,12.1,0.0,0,false,false,kOff,0.0,12.05,0.0,-4787,
0.125,12.1,0.00390625,33707,0.0,12.1,0.0,0,0.0,12.1,0.00390625,34626,0.0,12.1,0.0,0,false,false,kOff,0.0,12.05,0.0,-4787,
0.125,12.1,0.00390625,33707,0.0,12.1,0.0,0,0.0,12.1,0.00390625,34626,0.0,12.1,0.0,0,false,false,kOff,0.0,12.05,0.0,-4787,
0.125,12.1,0.00390625,33707,0.0,12.1,0.0,0,0.0,12.1,0.00390625,34626,0.0,12.1,0.0,0,false,false,kOff,0.0,12.05,0.0,-4787,
0.125,12.1,0.00390625,33707,0.0,12.1,0.0,0,0.0,12.05,0.00390625,34626,0.0,12.1,0.0,0,false,false,kOff,0.0,12.05,0.0,-4787,
0.125,12.1,0.00390625,33707,0.0,12.1,0.0,0,0.0,12.05,0.00390625,34626,0.0,12.1,0.0,0,false,false,kOff,0.0,12.05,0.0,-4787,
0.125,12.1,0.00390625,33707,0.0,12.1,0.0,0,0.0,12.05,0.00390625,34626,0.0,12.1,0.0,0,false,false,kOff,0.0,12.05,0.0,-4787,
0.125,12.1,0.00390625,33707,0.0,12.1,0.0,0,0.0,12.05,0.00390625,34626,0.0,12.1,0.0,0,false,false,kOff,0.0,12.05,0.0,-4787,
0.125,12.1,0.00390625,33707,0.0,12.1,0.0,0,0.0,12.05,0.00390625,34626,0.0,12.1,0.0,0,false,false,kOff,0.0,12.05,0.0,-4787,
0.125,12.1,0.00390625,33707,0.0,12.1,0.0,0,0.0,12.05,0.00390625,34626,0.0,12.1,0.0,0,false,false,kOff,0.0,12.05,0.0,-4787,
0.125,12.1,0.00390625,33707,0.0,12.1,0.0,0,0.0,12.05,0.00390625,34626,0.0,12.1,0.0,0,false,false,kOff,0.0,12.05,0.0,-4787,
0.125,12.1,0.00390625,33707,0.0,12.1,0.0,0,0.0,12.05,0.00390625,34626,0.0,12.1,0.0,0,false,false,kOff,0.0,12.05,0.0,-4787,
0.125,12.1,0.00390625,33707,0.0,12.1,0.0,0,0.0,12.05,0.00390625,34626,0.0,12.1,0.0,0,false,false,kOff,0.0,12.05,0.0,-4787,
0.125,12.1,0.00390625,33707,0.0,12.1,0.0,0,0.0,12.05,0.00390625,34626,0.0,12.1,0.0,0,false,false,kOff,0.0,12.05,0.0,-4787,
0.125,12.1,0.00390625,33707,0.0,12.1,0.0,0,0.0,12.05,0.00390625,34626,0.0,12.1,0.0,0,false,false,kOff,0.0,12.05,0.0,-4787,
0.125,12.1,0.00390625,33707,0.0,12.1,0.0,0,0.0,12.05,0.00390625,34626,0.0,12.1,0.0,0,false,false,kOff,0.0,12.05,0.0,-4787,
0.125,12.1,0.00390625,33707,0.0,12.1,0.0,0,0.0,12.05,0.00390625,34626,0.0,12.1,0.0,0,false,false,kOff,0.0,12.05,0.0,-4787,
0.125,12.1,0.00390625,33707,0.0,12.1,0.0,0,0.0,12.05,0.00390625,34626,0.0,12.1,0.0,0,false,false,kOff,0.0,12.05,0.0,-4787,
0.125,12.1,0.00390625,33707,0.0,12.1,0.0,0,0.0,12.05,0.00390625,34626,0.0,12.1,0.0,0,false,false,kOff,0.0,12.05,0.0,-4787,
0.125,12.1,0.00390625,33707,0.0,12.1,0.0,0,0.0,12.05,0.00390625,34626,0.0,12.1,0.0,0,false,false,kOff,0.0,12.05,0.0,-4787,
0.125,12.1,0.00390625,33707,0.0,12.1,0.0,0,0.0,12.05,0.00390625,34626,0.0,12.1,0.0,0,false,false,kOff,0.0,12.05,0.0,-4787,
0.125,12.1,0.00390625,33707,0.0,12.1,0.0,0,0.0,12.05,0.00390625,34626,0.0,12.1,0.0,0,false,false,kOff,0.0,12.05,0.0,-4787,
0.125,12.1,0.00390625,33707,0.0,12.1,0.0,0,0.0,12.05,0.00390625,34626,0.0,12.1,0.0,0,false,false,kOff,0.0,12.05,0.0,-4787,
0.125,12.1,0.00390625,33707,0.0,12.1,0.0,0,0.0,12.05,0.00390625,34626,0.0,12.1,0.0,0,false,false,kOff,0.0,12.05,0.0,-4787,
0.125,12.1,0.00390625,33707,0.0,12.1,0.0,0,0.0,12.05,0.00390625,34626,0.0,12.1,0.0,0,false,false,kOff,0.0,12.05,0.0,-4787,
0.125,12.1,0.00390625,33707,0.0,12.1,0.0,0,0.0,12.05,0.00390625,34626,0.0,12.1,0.0,0,false,false,kOff,0.0,12.05,0.0,-4787,
0.125,12.1,0.00390625,33707,0.0,12.1,0.0,0,0.0,12.05,0.00390625,34626,0.0,12.1,0.0,0,false,false,kOff,0.0,12.05,0.0,-4787,
0.125,12.1,0.00390625,33707,0.0,12.1,0.0,0,0.0,12.05,0.00390625,34626,0.0,12.1,0.0,0,false,false,kOff,0.0,12.05,0.0,-4787,
0.125,12.1,0.00390625,33707,0.0,12.1,0.0,0,0.0,12.05,0.00390625,34626,0.0,12.1,0.0,0,false,false,kOff,0.0,12.05,0.0,-4787,
0.125,12.1,0.00390625,33707,0.0,12.1,0.0,0,0.0,12.05,0.00390625,34626,0.0,12.1,0.0,0,false,false,kOff,0.0,12.05,0.0,-4787,
0.125,12.1,0.00390625,33707,0.0,12.1,0.0,0,0.0,12.05,0.00390625,34626,0.0,12.1,0.0,0,false,false,kOff,0.0,12.05,0.0,-4787,
0.125,12.1,0.00390625,33707,0.0,12.1,0.0,0,0.0,12.05,0.00390625,34626,0.0,12.1,0.0,0,false,false,kOff,0.0,12.05,0.0,-4787,
0.125,12.1,0.00390625,33707,0.0,12.1,0.0,0,0.0,12.05,0.00390625,34626,0.0,12.1,0.0,0,false,false,kOff,0.0,12.05,0.0,-4787,
0.125,12.1,0.00390625,33707,0.0,12.1,0.0,0,0.0,12.05,0.00390625,34626,0.0,12.1,0.0,0,false,false,kOff,0.0,12.05,0.0,-4787,
0.125,12.1,0.00390625,33707,0.0,12.1,0.0,0,0.0,12.05,0.00390625,34626,0.0,12.1,0.0,0,false,false,kOff,0.0,12.05,0.0,-4787,
0.125,12.1,0.00390625,33707,0.0,12.1,0.0,0,0.0,12.05,0.00390625,34626,0.0,12.1,0.0,0,false,false,kOff,0.0,12.05,0.0,-4787,
0.125,12.1,0.00390625,33707,0.0,12.1,0.0,0,0.0,12.05,0.00390625,34626,0.0,12.1,0.0,0,false,false,kOff,0.0,12.05,0.0,-4787,
0.125,12.1,0.00390625,33707,0.0,12.1,0.0,0,0.0,12.05,0.00390625,34626,0.0,12.1,0.0,0,false,false,kOff,0.0,12.05,0.0,-4787,
0.125,12.1,0.00390625,33707,0.0,12.1,0.0,0,0.0,12.05,0.00390625,34626,0.0,12.1,0.0,0,false,false,kOff,0.0,12.05,0.0,-4787,
0.125,12.1,0.00390625,33707,0.0,12.1,0.0,0,0.0,12.05,0.00390625,34626,0.0,12.1,0.0,0,false,false,kOff,0.0,12.05,0.0,-4787,
0.125,12.1,0.00390625,33707,0.0,12.1,0.0,0,0.0,12.05,0.00390625,34626,0.0,12.1,0.0,0,false,false,kOff,0.0,12.05,0.0,-4787,
0.125,12.1,0.00390625,33707,0.0,12.1,0.0,0,0.0,12.05,0.00390625,34626,0.0,12.1,0.0,0,false,false,kOff,0.0,12.05,0.0,-4787,
0.125,12.1,0.00390625,33707,0.0,12.1,0.0,0,0.0,12.05,0.00390625,34626,0.0,12.1,0.0,0,false,false,kOff,0.0,12.05,0.0,-4787,
0.125,12.1,0.00390625,33707,0.0,12.1,0.0,0,0.0,12.05,0.00390625,34626,0.0,12.1,0.0,0,false,false,kOff,0.0,12.05,0.0,-4787,
0.125,12.1,0.00390625,33707,0.0,12.1,0.0,0,0.0,12.05,0.00390625,34626,0.0,12.1,0.0,0,false,false,kOff,0.0,12.0,0.0,-4787,
0.125,12.1,0.00390625,33707,0.0,12.1,0.0,0,0.0,12.05,0.00390625,34626,0.0,12.1,0.0,0,false,false,kOff,0.0,12.0,0.0,-4787,
0.125,12.1,0.00390625,33707,0.0,12.1,0.0,0,0.0,12.05,0.00390625,34626,0.0,12.1,0.0,0,false,false,kOff,0.0,12.0,0.0,-4787,
0.125,12.1,0.00390625,33707,0.0,12.1,0.0,0,0.0,12.05,0.00390625,34626,0.0,12.1,0.0,0,false,false,kOff,0.0,12.0,0.0,-4787,
0.125,12.1,0.00390625,33707,0.0,12.1,0.0,0,0.0,12.05,0.00390625,34626,0.0,12.1,0.0,0,false,false,kOff,0.0,12.0,0.0,-4787,
0.125,12.1,0.00390625,33707,0.0,12.1,0.0,0,0.0,12.05,0.00390625,34626,0.0,12.1,0.0,0,false,false,kOff,0.0,12.0,0.0,-4787,
0.125,12.1,0.00390625,33707,0.0,12.1,0.0,0,0.0,12.05,0.00390625,34626,0.0,12.1,0.0,0,false,false,kOff,0.0,12.0,0.0,-4787,
0.125,12.1,0.00390625,33707,0.0,12.1,0.0,0,0.0,12.05,0.00390625,34626,0.0,12.1,0.0,0,false,false,kOff,0.0,12.0,0.0,-4787,
0.125,12.1,0.00390625,33707,0.0,12.1,0.0,0,0.0,12.05,0.00390625,34626,0.0,12.1,0.0,0,false,false,kOff,0.0,12.0,0.0,-4787,
0.125,12.1,0.00390625,33707,0.0,12.1,0.0,0,0.0,12.05,0.00390625,34626,0.0,12.1,0.0,0,false,false,kOff,0.0,12.0,0.0,-4787,
0.125,12.1,0.00390625,33707,0.0,12.1,0.0,0,0.0,12.05,0.00390625,34626,0.0,12.1,0.0,0,false,false,kOff,0.0,12.0,0.0,-4787,
0.125,12.1,0.00390625,33707,0.0,12.1,0.0,0,0.0,12.05,0.00390625,34626,0.0,12.1,0.0,0,false,false,kOff,0.0,12.0,0.0,-4787,
0.125,12.1,0.00390625,33707,0.0,12.1,0.0,0,0.0,12.05,0.00390625,34626,0.0,12.1,0.0,0,false,false,kOff,0.0,12.0,0.0,-4787,
0.125,12.1,0.00390625,33707,0.0,12.1,0.0,0,0.0,12.05,0.00390625,34626,0.0,12.1,0.0,0,false,false,kOff,0.0,12.0,0.0,-4787,
0.125,12.1,0.00390625,33707,0.0,12.1,0.0,0,0.0,12.05,0.00390625,34626,0.0,12.1,0.0,0,false,false,kOff,0.0,12.0,0.0,-4787,
0.125,12.1,0.00390625,33707,0.0,12.1,0.0,0,0.0,12.05,0.00390625,34626,0.0,12.1,0.0,0,false,false,kOff,0.0,12.0,0.0,-4787,
0.125,12.1,0.00390625,33707,0.0,12.1,0.0,0,0.0,12.05,0.00390625,34626,0.0,12.1,0.0,0,false,false,kOff,0.0,12.0,0.0,-4787,
0.125,12.1,0.00390625,33707,0.0,12.1,0.0,0,0.0,12.05,0.00390625,34626,0.0,12.1,0.0,0,false,false,kOff,0.0,12.0,0.0,-4787,
0.125,12.1,0.00390625,33707,0.0,12.1,0.0,0,0.0,12.05,0.00390625,34626,0.0,12.1,0.0,0,false,false,kOff,0.0,12.0,0.0,-4787,
0.125,12.1,0.00390625,33707,0.0,12.1,0.0,0,0.0,12.05,0.00390625,34626,0.0,12.1,0.0,0,false,false,kOff,0.0,12.0,0.0,-4787,
0.125,12.1,0.00390625,33707,0.0,12.1,0.0,0,0.0,12.05,0.00390625,34626,0.0,12.1,0.0,0,false,false,kOff,0.0,12.0,0.0,-4787,
0.125,12.1,0.00390625,33707,0.0,12.1,0.0,0,0.0,12.05,0.00390625,34626,0.0,12.1,0.0,0,false,false,kOff,0.0,12.0,0.0,-4787,
0.125,12.1,0.00390625,33707,0.0,12.1,0.0,0,0.0,12.05,0.00390625,34626,0.0,12.1,0.0,0,false,false,kOff,0.0,12.0,0.0,-4787,
0.125,12.1,0.00390625,33707,0.0,12.1,0.0,0,0.0,12.05,0.00390625,34626,0.0,12.1,0.0,0,false,false,kOff,0.0,12.0,0.0,-4787,
0.125,12.05,0.00390625,33707,0.0,12.1,0.0,0,0.0,12.05,0.00390625,34626,0.0,12.1,0.0,0,false,false,kOff,0.0,12.0,0.0,-4787,
0.125,12.05,0.00390625,33707,0.0,12.1,0.0,0,0.0,12.05,0.00390625,34626,0.0,12.1,0.0,0,false,false,kOff,0.0,12.0,0.0,-4787,
0.125,12.05,0.00390625,33707,0.0,12.1,0.0,0,0.0,12.05,0.00390625,34626,0.0,12.1,0.0,0,false,false,kOff,0.0,12.0,0.0,-4787,
0.125,12.05,0.00390625,33707,0.0,12.1,0.0,0,0.0,12.05,0.00390625,34626,0.0,12.1,0.0,0,false,false,kOff,0.0,12.0,0.0,-4787,
0.125,12.05,0.00390625,33707,0.0,12.1,0.0,0,0.0,12.05,0.00390625,34626,0.0,12.1,0.0,0,false,false,kOff,0.0,12.0,0.0,-4787,
0.125,12.05,0.00390625,33707,0.0,12.1,0.0,0,0.0,12.05,0.00390625,34626,0.0,12.1,0.0,0,false,false,kOff,0.0,12.0,0.0,-4787,
0.125,12.05,0.00390625,33707,0.0,12.1,0.0,0,0.0,12.05,0.00390625,34626,0.0,12.1,0.0,0,false,false,kOff,0.0,12.0,0.0,-4787,
0.125,12.05,0.00390625,33707,0.0,12.1,0.0,0,0.0,12.05,0.00390625,34626,0.0,12.1,0.0,0,false,false,kOff,0.0,12.0,0.0,-4787,
0.125,12.05,0.00390625,33707,0.0,12.1,0.0,0,0.0,12.05,0.00390625,34626,0.0,12.1,0.0,0,false,false,kOff,0.0,12.0,0.0,-4787,
0.125,12.05,0.00390625,33707,0.0,12.1,0.0,0,0.0,12.05,0.00390625,34626,0.0,12.1,0.0,0,false,false,kOff,0.0,12.0,0.0,-4787,
0.125,12.05,0.00390625,33707,0.0,12.1,0.0,0,0.0,12.05,0.00390625,34626,0.0,12.1,0.0,0,false,false,kOff,0.0,12.0,0.0,-4787,
0.125,12.05,0.00390625,33707,0.0,12.1,0.0,0,0.0,12.05,0.00390625,34626,0.0,12.1,0.0,0,false,false,kOff,0.0,12.0,0.0,-4787,
0.125,12.05,0.00390625,33707,0.0,12.1,0.0,0,0.0,12.05,0.00390625,34626,0.0,12.1,0.0,0,false,false,kOff,0.0,12.0,0.0,-4787,
0.125,12.05,0.00390625,33707,0.0,12.1,0.0,0,0.0,12.05,0.00390625,34626,0.0,12.1,0.0,0,false,false,kOff,0.0,12.0,0.0,-4787,
0.125,12.05,0.00390625,33707,0.0,12.1,0.0,0,0.0,12.05,0.00390625,34626,0.0,12.1,0.0,0,false,false,kOff,0.0,12.0,0.0,-4787,
0.125,12.05,0.00390625,33707,0.0,12.1,0.0,0,0.0,12.05,0.00390625,34626,0.0,12.1,0.0,0,false,false,kOff,0.0,12.0,0.0,-4787,
0.125,12.05,0.00390625,33707,0.0,12.1,0.0,0,0.0,12.05,0.00390625,34626,0.0,12.1,0.0,0,false,false,kOff,0.0,12.0,0.0,-4787,
0.125,12.05,0.00390625,33707,0.0,12.1,0.0,0,0.0,12.05,0.00390625,34626,0.0,12.1,0.0,0,false,false,kOff,0.0,12.0,0.0,-4787,
0.125,12.05,0.00390625,33707,0.0,12.1,0.0,0,0.0,12.05,0.00390625,34626,0.0,12.1,0.0,0,false,false,kOff,0.0,12.0,0.0,-4787,
0.125,12.05,0.00390625,33707,0.0,12.1,0.0,0,0.0,12.05,0.00390625,34626,0.0,12.1,0.0,0,false,false,kOff,0.0,12.0,0.0,-4787,
0.125,12.05,0.00390625,33707,0.0,12.1,0.0,0,0.0,12.05,0.00390625,34626,0.0,12.1,0.0,0,false,false,kOff,0.0,12.0,0.0,-4787,
0.125,12.05,0.00390625,33707,0.0,12.1,0.0,0,0.0,12.05,0.00390625,34626,0.0,12.1,0.0,0,false,false,kOff,0.0,12.0,0.0,-4787,
0.125,12.05,0.00390625,33707,0.0,12.1,0.0,0,0.0,12.05,0.00390625,34626,0.0,12.1,0.0,0,false,false,kOff,0.0,12.0,0.0,-4787,
0.125,12.05,0.00390625,33707,0.0,12.1,0.0,0,0.0,12.05,0.00390625,34626,0.0,12.1,0.0,0,false,false,kOff,0.0,12.0,0.0,-4787,
0.125,12.05,0.00390625,33707,0.0,12.1,0.0,0,0.0,12.05,0.00390625,34626,0.0,12.1,0.0,0,false,false,kOff,0.0,12.0,0.0,-4787,
0.125,12.05,0.00390625,33707,0.0,12.1,0.0,0,0.0,12.05,0.00390625,34626,0.0,12.1,0.0,0,false,false,kOff,0.0,12.0,0.0,-4787,
0.125,12.05,0.00390625,33707,0.0,12.1,0.0,0,0.0,12.05,0.00390625,34626,0.0,12.1,0.0,0,false,false,kOff,0.0,12.0,0.0,-4787,
0.125,12.05,0.00390625,33707,0.0,12.1,0.0,0,0.0,12.05,0.00390625,34626,0.0,12.1,0.0,0,false,false,kOff,0.0,12.0,0.0,-4787,
0.125,12.05,0.00390625,33707,0.0,12.1,0.0,0,0.0,12.05,0.00390625,34626,0.0,12.1,0.0,0,false,false,kOff,0.0,12.0,0.0,-4787,
0.125,12.05,0.00390625,33707,0.0,12.1,0.0,0,0.0,12.05,0.00390625,34626,0.0,12.1,0.0,0,false,false,kOff,0.0,12.0,0.0,-4787,
0.125,12.05,0.00390625,33707,0.0,12.1,0.0,0,0.0,12.05,0.00390625,34626,0.0,12.1,0.0,0,false,false,kOff,0.0,12.0,0.0,-4787,
0.125,12.05,0.00390625,33707,0.0,12.1,0.0,0,0.0,12.05,0.00390625,34626,0.0,12.1,0.0,0,false,false,kOff,0.0,12.0,0.0,-4787,
0.125,12.05,0.00390625,33707,0.0,12.1,0.0,0,0.0,12.05,0.00390625,34626,0.0,12.1,0.0,0,false,false,kOff,0.0,12.0,0.0,-4787,
0.125,12.05,0.00390625,33707,0.0,12.1,0.0,0,0.0,12.05,0.00390625,34626,0.0,12.1,0.0,0,false,false,kOff,0.0,12.0,0.0,-4787,
0.125,12.05,0.00390625,33707,0.0,12.1,0.0,0,0.0,12.05,0.00390625,34626,0.0,12.1,0.0,0,false,false,kOff,0.0,12.0,0.0,-4787,
0.125,12.05,0.00390625,33707,0.0,12.1,0.0,0,0.0,12.05,0.00390625,34626,0.0,12.1,0.0,0,false,false,kOff,0.0,12.0,0.0,-4787,
0.125,12.05,0.00390625,33707,0.0,12.1,0.0,0,0.0,12.05,0.00390625,34626,0.0,12.1,0.0,0,false,false,kOff,0.0,12.0,0.0,-4787,
0.125,12.05,0.00390625,33707,0.0,12.1,0.0,0,0.0,12.05,0.00390625,34626,0.0,12.1,0.0,0,false,false,kOff,0.0,12.0,0.0,-4787,
0.125,12.05,0.00390625,33707,0.0,12.1,0.0,0,0.0,12.05,0.00390625,34626,0.0,12.1,0.0,0,false,false,kOff,0.0,12.0,0.0,-4787,
0.125,12.05,0.00390625,33707,0.0,12.1,0.0,0,0.0,12.05,0.00390625,34626,0.0,12.1,0.0,0,false,false,kOff,0.0,12.0,0.0,-4787,
0.125,12.05,0.00390625,33707,0.0,12.1,0.0,0,0.0,12.05,0.00390625,34626,0.0,12.1,0.0,0,false,false,kOff,0.0,12.0,0.0,-4787,
0.125,12.05,0.00390625,33707,0.0,12.1,0.0,0,0.0,12.05,0.00390625,34626,0.0,12.1,0.0,0,false,false,kOff,0.0,12.0,0.0,-4787,
0.125,12.05,0.00390625,33707,0.0,12.1,0.0,0,0.0,12.05,0.00390625,34626,0.0,12.1,0.0,0,false,false,kOff,0.0,12.0,0.0,-4787,
0.125,12.05,0.00390625,33707,0.0,12.1,0.0,0,0.0,12.05,0.00390625,34626,0.0,12.1,0.0,0,false,false,kOff,0.0,12.0,0.0,-4787,
0.125,12.05,0.00390625,33707,0.0,12.1,0.0,0,0.0,12.05,0.00390625,34626,0.0,12.1,0.0,0,false,false,kOff,0.0,12.0,0.0,-4787,
0.125,12.05,0.00390625,33707,0.0,12.1,0.0,0,0.0,12.05,0.00390625,34626,0.0,12.1,0.0,0,false,false,kOff,0.0,12.0,0.0,-4787,
0.125,12.05,0.00390625,33707,0.0,12.1,0.0,0,0.0,12.05,0.00390625,34626,0.0,12.1,0.0,0,false,false,kOff,0.0,12.0,0.0,-4787,
0.125,12.05,0.00390625,33707,0.0,12.1,0.0,0,0.0,12.05,0.00390625,34626,0.0,12.1,0.0,0,false,false,kOff,0.0,12.0,0.0,-4787,
0.125,12.05,0.00390625,33707,0.0,12.1,0.0,0,0.0,12.05,0.00390625,34626,0.0,12.1,0.0,0,false,false,kOff,0.0,12.0,0.0,-4787,
0.125,12.05,0.00390625,33707,0.0,12.1,0.0,0,0.0,12.05,0.00390625,34626,0.0,12.1,0.0,0,false,false,kOff,0.0,12.0,0.0,-4787,
0.125,12.05,0.00390625,33707,0.0,12.1,0.0,0,0.0,12.05,0.00390625,34626,0.0,12.1,0.0,0,false,false,kOff,0.0,12.0,0.0,-4787,
0.125,12.05,0.00390625,33707,0.0,12.1,0.0,0,0.0,12.05,0.00390625,34626,0.0,12.1,0.0,0,false,false,kOff,0.0,12.0,0.0,-4787,
0.125,12.05,0.00390625,33707,0.0,12.1,0.0,0,0.0,12.05,0.00390625,34626,0.0,12.1,0.0,0,false,false,kOff,0.0,12.0,0.0,-4787,
0.125,12.05,0.00390625,33707,0.0,12.1,0.0,0,0.0,12.05,0.00390625,34626,0.0,12.1,0.0,0,false,false,kOff,0.0,12.0,0.0,-4787,
0.125,12.05,0.00390625,33707,0.0,12.1,0.0,0,0.0,12.05,0.00390625,34626,0.0,12.1,0.0,0,false,false,kOff,0.0,12.0,0.0,-4787,
0.125,12.05,0.00390625,33707,0.0,12.1,0.0,0,0.0,12.05,0.00390625,34626,0.0,12.1,0.0,0,false,false,kOff,0.0,12.0,0.0,-4787,
0.125,12.05,0.00390625,33707,0.0,12.1,0.0,0,0.0,12.05,0.00390625,34626,0.0,12.1,0.0,0,false,false,kOff,0.0,12.0,0.0,-4787,
0.125,12.05,0.00390625,33707,0.0,12.1,0.0,0,0.0,12.05,0.00390625,34626,0.0,12.1,0.0,0,false,false,kOff,0.0,12.0,0.0,-4787,
0.125,12.05,0.00390625,33707,0.0,12.1,0.0,0,0.0,12.05,0.00390625,34626,0.0,12.1,0.0,0,false,false,kOff,0.0,12.0,0.0,-4787,
0.125,12.05,0.00390625,33707,0.0,12.1,0.0,0,0.0,12.05,0.00390625,34626,0.0,12.05,0.0,0,false,false,kOff,0.0,12.0,0.0,-4787,
0.125,12.05,0.00390625,33707,0.0,12.1,0.0,0,0.0,12.05,0.00390625,34626,0.0,12.05,0.0,0,false,false,kOff,0.0,12.0,0.0,-4787,
0.125,12.05,0.00390625,33707,0.0,12.1,0.0,0,0.0,12.05,0.00390625,34626,0.0,12.05,0.0,0,false,false,kOff,0.0,12.0,0.0,-4787,
0.125,12.05,0.00390625,33707,0.0,12.1,0.0,0,0.0,12.05,0.00390625,34626,0.0,12.05,0.0,0,false,false,kOff,0.0,12.0,0.0,-4787,
0.125,12.05,0.00390625,33707,0.0,12.1,0.0,0,0.0,12.05,0.00390625,34626,0.0,12.05,0.0,0,false,false,kOff,0.0,12.0,0.0,-4787,
0.125,12.05,0.00390625,33707,0.0,12.1,0.0,0,0.0,12.05,0.00390625,34626,0.0,12.05,0.0,0,false,false,kOff,0.0,12.0,0.0,-4787,
0.125,12.05,0.00390625,33707,0.0,12.1,0.0,0,0.0,12.05,0.00390625,34626,0.0,12.05,0.0,0,false,false,kOff,0.0,12.0,0.0,-4787,
0.125,12.05,0.00390625,33707,0.0,12.1,0.0,0,0.0,12.05,0.00390625,34626,0.0,12.05,0.0,0,false,false,kOff,0.0,12.0,0.0,-4787,
0.125,12.05,0.00390625,33707,0.0,12.1,0.0,0,0.0,12.05,0.00390625,34626,0.0,12.05,0.0,0,false,false,kOff,0.0,12.0,0.0,-4787,
0.125,12.05,0.00390625,33707,0.0,12.1,0.0,0,0.0,12.05,0.00390625,34626,0.0,12.05,0.0,0,false,false,kOff,0.0,12.0,0.0,-4787,
0.125,12.05,0.00390625,33707,0.0,12.1,0.0,0,0.0,12.05,0.00390625,34626,0.0,12.05,0.0,0,false,false,kOff,0.0,12.0,0.0,-4787,
0.125,12.05,0.00390625,33707,0.0,12.1,0.0,0,0.0,12.05,0.00390625,34626,0.0,12.05,0.0,0,false,false,kOff,0.0,12.0,0.0,-4787,
0.125,12.05,0.00390625,33707,0.0,12.1,0.0,0,0.0,12.05,0.00390625,34626,0.0,12.1,0.0,0,false,false,kOff,0.0,12.0,0.0,-4787,
0.125,12.05,0.00390625,33707,0.0,12.1,0.0,0,0.0,12.05,0.00390625,34626,0.0,12.1,0.0,0,false,false,kOff,0.0,12.0,0.0,-4787,
0.125,12.05,0.00390625,33707,0.0,12.1,0.0,0,0.0,12.05,0.00390625,34626,0.0,12.1,0.0,0,false,false,kOff,0.0,12.0,0.0,-4787,
0.125,12.05,0.00390625,33707,0.0,12.1,0.0,0,0.0,12.05,0.00390625,34626,0.0,12.1,0.0,0,false,false,kOff,0.0,12.0,0.0,-4787,
0.125,12.05,0.00390625,33707,0.0,12.1,0.0,0,0.0,12.05,0.00390625,34626,0.0,12.1,0.0,0,false,false,kOff,0.0,12.0,0.0,-4787,
0.125,12.05,0.00390625,33707,0.0,12.1,0.0,0,0.0,12.05,0.00390625,34626,0.0,12.1,0.0,0,false,false,kOff,0.0,12.0,0.0,-4787,
0.125,12.05,0.00390625,33707,0.0,12.1,0.0,0,0.0,12.05,0.00390625,34626,0.0,12.1,0.0,0,false,false,kOff,0.0,12.0,0.0,-4787,
0.125,12.05,0.00390625,33707,0.0,12.1,0.0,0,0.0,12.05,0.00390625,34626,0.0,12.1,0.0,0,false,false,kOff,0.0,12.0,0.0,-4787,
0.125,12.05,0.00390625,33707,0.0,12.1,0.0,0,0.0,12.05,0.00390625,34626,0.0,12.1,0.0,0,false,false,kOff,0.0,12.0,0.0,-4787,
0.125,12.05,0.00390625,33707,0.0,12.1,0.0,0,0.0,12.05,0.00390625,34626,0.0,12.1,0.0,0,false,false,kOff,0.0,12.0,0.0,-4787,
0.125,12.05,0.00390625,33707,0.0,12.1,0.0,0,0.0,12.05,0.00390625,34626,0.0,12.1,0.0,0,false,false,kOff,0.0,12.0,0.0,-4787,
0.125,12.05,0.00390625,33707,0.0,12.1,0.0,0,0.0,12.05,0.00390625,34626,0.0,12.1,0.0,0,false,false,kOff,0.0,12.0,0.0,-4787,
0.125,12.05,0.00390625,33707,0.0,12.1,0.0,0,0.0,12.05,0.00390625,34626,0.0,12.1,0.0,0,false,false,kOff,0.0,12.0,0.0,-4787,
0.125,12.05,0.00390625,33707,0.0,12.1,0.0,0,0.0,12.05,0.00390625,34626,0.0,12.1,0.0,0,false,false,kOff,0.0,12.0,0.0,-4787,
0.125,12.05,0.00390625,33707,0.0,12.1,0.0,0,0.0,12.05,0.00390625,34626,0.0,12.1,0.0,0,false,false,kOff,0.0,12.0,0.0,-4787,
0.125,12.05,0.00390625,33707,0.0,12.1,0.0,0,0.0,12.05,0.00390625,34626,0.0,12.05,0.0,0,false,false,kOff,0.0,12.0,0.0,-4787,
0.125,12.05,0.00390625,33707,0.0,12.1,0.0,0,0.0,12.05,0.00390625,34626,0.0,12.05,0.0,0,false,false,kOff,0.0,12.0,0.0,-4787,
0.125,12.05,0.00390625,33707,0.0,12.1,0.0,0,0.0,12.05,0.00390625,34626,0.0,12.05,0.0,0,false,false,kOff,0.0,12.0,0.0,-4787,
0.125,12.05,0.00390625,33707,0.0,12.1,0.0,0,0.0,12.05,0.00390625,34626,0.0,12.05,0.0,0,false,false,kOff,0.0,12.0,0.0,-4787,
0.125,12.05,0.00390625,33707,0.0,12.1,0.0,0,0.0,12.05,0.00390625,34626,0.0,12.05,0.0,0,false,false,kOff,0.0,12.0,0.0,-4787,
0.125,12.05,0.00390625,33707,0.0,12.1,0.0,0,0.0,12.05,0.00390625,34626,0.0,12.05,0.0,0,false,false,kOff,0.0,12.0,0.0,-4787,
0.125,12.05,0.00390625,33707,0.0,12.1,0.0,0,0.0,12.05,0.00390625,34626,0.0,12.05,0.0,0,false,false,kOff,0.0,12.0,0.0,-4787,
0.125,12.05,0.00390625,33707,0.0,12.1,0.0,0,0.0,12.05,0.00390625,34626,0.0,12.05,0.0,0,false,false,kOff,0.0,12.0,0.0,-4787,
0.125,12.05,0.00390625,33707,0.0,12.1,0.0,0,0.0,12.05,0.00390625,34626,0.0,12.05,0.0,0,false,false,kOff,0.0,12.0,0.0,-4787,
0.125,12.05,0.00390625,33707,0.0,12.1,0.0,0,0.0,12.05,0.00390625,34626,0.0,12.05,0.0,0,false,false,kOff,0.0,12.0,0.0,-4787,
0.125,12.05,0.00390625,33707,0.0,12.1,0.0,0,0.0,12.05,0.00390625,34626,0.0,12.05,0.0,0,false,false,kOff,0.0,12.0,0.0,-4787,
0.125,12.05,0.00390625,33707,0.0,12.1,0.0,0,0.0,12.05,0.00390625,34626,0.0,12.05,0.0,0,false,false,kOff,0.0,12.0,0.0,-4787,
0.125,12.05,0.00390625,33707,0.0,12.1,0.0,0,0.0,12.05,0.00390625,34626,0.0,12.05,0.0,0,false,false,kOff,0.0,12.0,0.0,-4787,
0.125,12.05,0.00390625,33707,0.0,12.05,0.0,0,0.0,12.05,0.00390625,34626,0.0,12.05,0.0,0,false,false,kOff,0.0,12.0,0.0,-4787,
0.125,12.05,0.00390625,33707,0.0,12.05,0.0,0,0.0,12.05,0.00390625,34626,0.0,12.05,0.0,0,false,false,kOff,0.0,12.0,0.0,-4787,
0.125,12.05,0.00390625,33707,0.0,12.05,0.0,0,0.0,12.05,0.00390625,34626,0.0,12.05,0.0,0,false,false,kOff,0.0,12.0,0.0,-4787,
0.125,12.05,0.00390625,33707,0.0,12.05,0.0,0,0.0,12.05,0.00390625,34626,0.0,12.05,0.0,0,false,false,kOff,0.0,12.0,0.0,-4787,
0.125,12.05,0.00390625,33707,0.0,12.05,0.0,0,0.0,12.05,0.00390625,34626,0.0,12.05,0.0,0,false,false,kOff,0.0,12.0,0.0,-4787,
0.125,12.05,0.00390625,33707,0.0,12.05,0.0,0,0.0,12.05,0.00390625,34626,0.0,12.05,0.0,0,false,false,kOff,0.0,12.0,0.0,-4787,
0.125,12.05,0.00390625,33707,0.0,12.05,0.0,0,0.0,12.05,0.00390625,34626,0.0,12.05,0.0,0,false,false,kOff,0.0,12.0,0.0,-4787,
0.125,12.05,0.00390625,33707,0.0,12.05,0.0,0,0.0,12.05,0.00390625,34626,0.0,12.05,0.0,0,false,false,kOff,0.0,12.0,0.0,-4787,
0.125,12.05,0.00390625,33707,0.0,12.05,0.0,0,0.0,12.05,0.00390625,34626,0.0,12.05,0.0,0,false,false,kOff,0.0,12.0,0.0,-4787,
0.125,12.05,0.00390625,33707,0.0,12.05,0.0,0,0.0,12.05,0.00390625,34626,0.0,12.05,0.0,0,false,false,kOff,0.0,12.0,0.0,-4787,
0.125,12.05,0.00390625,33707,0.0,12.05,0.0,0,0.0,12.05,0.00390625,34626,0.0,12.05,0.0,0,false,false,kOff,0.0,12.0,0.0,-4787,
0.125,12.05,0.00390625,33707,0.0,12.05,0.0,0,0.0,12.05,0.00390625,34626,0.0,12.05,0.0,0,false,false,kOff,0.0,12.0,0.0,-4787,
0.125,12.05,0.00390625,33707,0.0,12.05,0.0,0,0.0,12.05,0.00390625,34626,0.0,12.05,0.0,0,false,false,kOff,0.0,12.0,0.0,-4787,
0.125,12.05,0.00390625,33707,0.0,12.05,0.0,0,0.0,12.05,0.00390625,34626,0.0,12.05,0.0,0,false,false,kOff,0.0,12.0,0.0,-4787,
0.125,12.05,0.00390625,33707,0.0,12.1,0.0,0,0.0,12.05,0.00390625,34626,0.0,12.05,0.0,0,false,false,kOff,0.0,12.0,0.0,-4787,
0.125,12.05,0.00390625,33707,0.0,12.1,0.0,0,0.0,12.05,0.00390625,34626,0.0,12.05,0.0,0,false,false,kOff,0.0,12.0,0.0,-4787,
0.125,12.05,0.00390625,33707,0.0,12.1,0.0,0,0.0,12.05,0.00390625,34626,0.0,12.05,0.0,0,false,false,kOff,0.0,12.0,0.0,-4787,
0.125,12.05,0.00390625,33707,0.0,12.1,0.0,0,0.0,12.05,0.00390625,34626,0.0,12.05,0.0,0,false,false,kOff,0.0,12.0,0.0,-4787,
0.125,12.05,0.00390625,33707,0.0,12.1,0.0,0,0.0,12.05,0.00390625,34626,0.0,12.05,0.0,0,false,false,kOff,0.0,12.0,0.0,-4787,
0.125,12.05,0.00390625,33707,0.0,12.1,0.0,0,0.0,12.05,0.00390625,34626,0.0,12.05,0.0,0,false,false,kOff,0.0,12.0,0.0,-4787,
0.125,12.05,0.00390625,33707,0.0,12.05,0.0,0,0.0,12.05,0.00390625,34626,0.0,12.05,0.0,0,false,false,kOff,0.0,12.0,0.0,-4787,
0.125,12.05,0.00390625,33707,0.0,12.05,0.0,0,0.0,12.05,0.00390625,34626,0.0,12.05,0.0,0,false,false,kOff,0.0,12.0,0.0,-4787,
0.125,12.05,0.00390625,33707,0.0,12.05,0.0,0,0.0,12.05,0.00390625,34626,0.0,12.05,0.0,0,false,false,kOff,0.0,12.0,0.0,-4787,
0.125,12.05,0.00390625,33707,0.0,12.05,0.0,0,0.0,12.05,0.00390625,34626,0.0,12.05,0.0,0,false,false,kOff,0.0,12.0,0.0,-4787,
0.125,12.05,0.00390625,33707,0.0,12.05,0.0,0,0.0,12.05,0.00390625,34626,0.0,12.05,0.0,0,false,false,kOff,0.0,12.0,0.0,-4787,
0.125,12.05,0.00390625,33707,0.0,12.05,0.0,0,0.0,12.05,0.00390625,34626,0.0,12.05,0.0,0,false,false,kOff,0.0,12.0,0.0,-4787,
0.125,12.05,0.00390625,33707,0.0,12.05,0.0,0,0.0,12.05,0.00390625,34626,0.0,12.05,0.0,0,false,false,kOff,0.0,12.0,0.0,-4787,
0.125,12.05,0.00390625,33707,0.0,12.05,0.0,0,0.0,12.05,0.00390625,34626,0.0,12.05,0.0,0,false,false,kOff,0.0,12.0,0.0,-4787,
0.125,12.05,0.00390625,33707,0.0,12.05,0.0,0,0.0,12.05,0.00390625,34626,0.0,12.05,0.0,0,false,false,kOff,0.0,12.0,0.0,-4787,
0.125,12.05,0.00390625,33707,0.0,12.05,0.0,0,0.0,12.05,0.00390625,34626,0.0,12.05,0.0,0,false,false,kOff,0.0,12.0,0.0,-4787,
0.125,12.05,0.00390625,33707,0.0,12.05,0.0,0,0.0,12.05,0.00390625,34626,0.0,12.05,0.0,0,false,false,kOff,0.0,12.0,0.0,-4787,
0.125,12.05,0.00390625,33707,0.0,12.05,0.0,0,0.0,12.05,0.00390625,34626,0.0,12.05,0.0,0,false,false,kOff,0.0,12.0,0.0,-4787,
0.125,12.05,0.00390625,33707,0.0,12.05,0.0,0,0.0,12.05,0.00390625,34626,0.0,12.05,0.0,0,false,false,kOff,0.0,12.0,0.0,-4787,
0.125,12.05,0.00390625,33707,0.0,12.05,0.0,0,0.0,12.05,0.00390625,34626,0.0,12.05,0.0,0,false,false,kOff,0.0,12.0,0.0,-4787,
0.125,12.05,0.00390625,33707,0.0,12.05,0.0,0,0.0,12.05,0.00390625,34626,0.0,12.05,0.0,0,false,false,kOff,0.0,12.0,0.0,-4787,
0.125,12.05,0.00390625,33707,0.0,12.05,0.0,0,0.0,12.05,0.00390625,34626,0.0,12.05,0.0,0,false,false,kOff,0.0,12.0,0.0,-4787,
0.125,12.05,0.00390625,33707,0.0,12.05,0.0,0,0.0,12.05,0.00390625,34626,0.0,12.05,0.0,0,false,false,kOff,0.0,12.0,0.0,-4787,
0.125,12.05,0.00390625,33707,0.0,12.05,0.0,0,0.0,12.05,0.00390625,34626,0.0,12.05,0.0,0,false,false,kOff,0.0,12.0,0.0,-4787,
0.125,12.05,0.00390625,33707,0.0,12.05,0.0,0,0.0,12.05,0.00390625,34626,0.0,12.05,0.0,0,false,false,kOff,0.0,12.0,0.0,-4787,
0.125,12.05,0.00390625,33707,0.0,12.05,0.0,0,0.0,12.05,0.00390625,34626,0.0,12.05,0.0,0,false,false,kOff,0.0,12.0,0.0,-4787,
0.125,12.05,0.00390625,33707,0.0,12.05,0.0,0,0.0,12.05,0.00390625,34626,0.0,12.05,0.0,0,false,false,kOff,0.0,12.0,0.0,-4787,
0.125,12.05,0.00390625,33707,0.0,12.05,0.0,0,0.0,12.05,0.00390625,34626,0.0,12.05,0.0,0,false,false,kOff,0.0,12.0,0.0,-4787,
0.125,12.05,0.00390625,33707,0.0,12.05,0.0,0,0.0,12.05,0.00390625,34626,0.0,12.05,0.0,0,false,false,kOff,0.0,12.0,0.0,-4787,
0.125,12.05,0.00390625,33707,0.0,12.05,0.0,0,0.0,12.05,0.00390625,34626,0.0,12.05,0.0,0,false,false,kOff,0.0,12.0,0.0,-4787,
0.125,12.05,0.00390625,33707,0.0,12.05,0.0,0,0.0,12.05,0.00390625,34626,0.0,12.05,0.0,0,false,false,kOff,0.0,12.0,0.0,-4787,
0.125,12.05,0.00390625,33707,0.0,12.05,0.0,0,0.0,12.05,0.00390625,34626,0.0,12.05,0.0,0,false,false,kOff,0.0,12.0,0.0,-4787,
0.125,12.05,0.00390625,33707,0.0,12.05,0.0,0,0.0,12.05,0.00390625,34626,0.0,12.05,0.0,0,false,false,kOff,0.0,12.0,0.0,-4787,
0.125,12.05,0.00390625,33707,0.0,12.05,0.0,0,0.0,12.05,0.00390625,34626,0.0,12.05,0.0,0,false,false,kOff,0.0,12.0,0.0,-4787,
0.125,12.05,0.00390625,33707,0.0,12.05,0.0,0,0.0,12.05,0.00390625,34626,0.0,12.05,0.0,0,false,false,kOff,0.0,12.0,0.0,-4787,
0.125,12.05,0.00390625,33707,0.0,12.05,0.0,0,0.0,12.05,0.00390625,34626,0.0,12.05,0.0,0,false,false,kOff,0.0,12.0,0.0,-4787,
0.125,12.05,0.00390625,33707,0.0,12.05,0.0,0,0.0,12.05,0.00390625,34626,0.0,12.05,0.0,0,false,false,kOff,0.0,12.0,0.0,-4787,
0.125,12.05,0.00390625,33707,0.0,12.05,0.0,0,0.0,12.05,0.00390625,34626,0.0,12.05,0.0,0,false,false,kOff,0.0,12.0,0.0,-4787,
0.125,12.05,0.00390625,33707,0.0,12.1,0.0,0,0.0,12.05,0.00390625,34626,0.0,12.05,0.0,0,false,false,kOff,0.0,12.0,0.0,-4787,
0.125,12.05,0.00390625,33707,0.0,12.1,0.0,0,0.0,12.05,0.00390625,34626,0.0,12.05,0.0,0,false,false,kOff,0.0,12.0,0.0,-4787,
0.125,12.05,0.00390625,33707,0.0,12.1,0.0,0,0.0,12.05,0.00390625,34626,0.0,12.05,0.0,0,false,false,kOff,0.0,12.0,0.0,-4787,
0.125,12.05,0.00390625,33707,0.0,12.1,0.0,0,0.0,12.05,0.00390625,34626,0.0,12.05,0.0,0,false,false,kOff,0.0,12.0,0.0,-4787,
0.125,12.05,0.00390625,33707,0.0,12.1,0.0,0,0.0,12.05,0.00390625,34626,0.0,12.05,0.0,0,false,false,kOff,0.0,12.0,0.0,-4787,
0.125,12.05,0.00390625,33707,0.0,12.05,0.0,0,0.0,12.05,0.00390625,34626,0.0,12.05,0.0,0,false,false,kOff,0.0,12.0,0.0,-4787,
0.125,12.05,0.00390625,33707,0.0,12.05,0.0,0,0.0,12.05,0.00390625,34626,0.0,12.05,0.0,0,false,false,kOff,0.0,12.0,0.0,-4787,
0.125,12.05,0.00390625,33707,0.0,12.05,0.0,0,0.0,12.05,0.00390625,34626,0.0,12.05,0.0,0,false,false,kOff,0.0,12.0,0.0,-4787,
0.125,12.05,0.00390625,33707,0.0,12.05,0.0,0,0.0,12.05,0.00390625,34626,0.0,12.05,0.0,0,false,false,kOff,0.0,12.0,0.0,-4787,
0.125,12.05,0.00390625,33707,0.0,12.05,0.0,0,0.0,12.05,0.00390625,34626,0.0,12.05,0.0,0,false,false,kOff,0.0,12.0,0.0,-4787,
0.125,12.05,0.00390625,33707,0.0,12.05,0.0,0,0.0,12.05,0.00390625,34626,0.0,12.05,0.0,0,false,false,kOff,0.0,12.0,0.0,-4787,
0.125,12.05,0.00390625,33707,0.0,12.05,0.0,0,0.0,12.05,0.00390625,34626,0.0,12.05,0.0,0,false,false,kOff,0.0,12.0,0.0,-4787,
0.125,12.05,0.00390625,33707,0.0,12.05,0.0,0,0.0,12.05,0.00390625,34626,0.0,12.05,0.0,0,false,false,kOff,0.0,12.0,0.0,-4787,
0.125,12.05,0.00390625,33707,0.0,12.05,0.0,0,0.0,12.05,0.00390625,34626,0.0,12.05,0.0,0,false,false,kOff,0.0,12.0,0.0,-4787,
0.125,12.05,0.00390625,33707,0.0,12.05,0.0,0,0.0,12.05,0.00390625,34626,0.0,12.05,0.0,0,false,false,kOff,0.0,12.0,0.0,-4787,
0.125,12.05,0.00390625,33707,0.0,12.05,0.0,0,0.0,12.05,0.00390625,34626,0.0,12.05,0.0,0,false,false,kOff,0.0,12.0,0.0,-4787,
0.125,12.05,0.00390625,33707,0.0,12.05,0.0,0,0.0,12.05,0.00390625,34626,0.0,12.05,0.0,0,false,false,kOff,0.0,12.0,0.0,-4787,
0.125,12.05,0.00390625,33707,0.0,12.05,0.0,0,0.0,12.05,0.00390625,34626,0.0,12.05,0.0,0,false,false,kOff,0.0,12.0,0.0,-4787,
0.125,12.05,0.00390625,33707,0.0,12.05,0.0,0,0.0,12.05,0.00390625,34626,0.0,12.05,0.0,0,false,false,kOff,0.0,12.0,0.0,-4787,
0.125,12.05,0.00390625,33707,0.0,12.05,0.0,0,0.0,12.05,0.00390625,34626,0.0,12.05,0.0,0,false,false,kOff,0.0,12.0,0.0,-4787,
0.125,12.05,0.00390625,33707,0.0,12.05,0.0,0,0.0,12.05,0.00390625,34626,0.0,12.05,0.0,0,false,false,kOff,0.0,12.0,0.0,-4787,
0.125,12.05,0.00390625,33707,0.0,12.05,0.0,0,0.0,12.05,0.00390625,34626,0.0,12.05,0.0,0,false,false,kOff,0.0,12.0,0.0,-4787,
0.125,12.05,0.00390625,33707,0.0,12.05,0.0,0,0.0,12.05,0.00390625,34626,0.0,12.05,0.0,0,false,false,kOff,0.0,12.0,0.0,-4787,
0.125,12.05,0.00390625,33707,0.0,12.05,0.0,0,0.0,12.05,0.00390625,34626,0.0,12.05,0.0,0,false,false,kOff,0.0,12.0,0.0,-4787,
0.125,12.05,0.00390625,33707,0.0,12.05,0.0,0,0.0,12.05,0.00390625,34626,0.0,12.05,0.0,0,false,false,kOff,0.0,12.0,0.0,-4787,
0.125,12.05,0.00390625,33707,0.0,12.05,0.0,0,0.0,12.05,0.00390625,34626,0.0,12.05,0.0,0,false,false,kOff,0.0,12.0,0.0,-4787,
0.125,12.05,0.00390625,33707,0.0,12.05,0.0,0,0.0,12.05,0.00390625,34626,0.0,12.05,0.0,0,false,false,kOff,0.0,12.0,0.0,-4787,
0.125,12.05,0.00390625,33707,0.0,12.05,0.0,0,0.0,12.05,0.00390625,34626,0.0,12.05,0.0,0,false,false,kOff,0.0,12.0,0.0,-4787,
0.125,12.05,0.00390625,33707,0.0,12.05,0.0,0,0.0,12.05,0.00390625,34626,0.0,12.05,0.0,0,false,false,kOff,0.0,12.0,0.0,-4787,
0.125,12.05,0.00390625,33707,0.0,12.05,0.0,0,0.0,12.05,0.00390625,34626,0.0,12.05,0.0,0,false,false,kOff,0.0,12.0,0.0,-4787,
0.125,12.05,0.00390625,33707,0.0,12.05,0.0,0,0.0,12.05,0.00390625,34626,0.0,12.05,0.0,0,false,false,kOff,0.0,12.0,0.0,-4787,
0.125,12.05,0.00390625,33707,0.0,12.05,0.0,0,0.0,12.05,0.00390625,34626,0.0,12.05,0.0,0,false,false,kOff,0.0,12.0,0.0,-4787,
0.125,12.05,0.00390625,33707,0.0,12.05,0.0,0,0.0,12.05,0.00390625,34626,0.0,12.05,0.0,0,false,false,kOff,0.0,12.0,0.0,-4787,
0.125,12.05,0.00390625,33707,0.0,12.05,0.0,0,0.0,12.05,0.00390625,34626,0.0,12.05,0.0,0,false,false,kOff,0.0,12.0,0.0,-4787,
0.125,12.05,0.00390625,33707,0.0,12.05,0.0,0,0.0,12.05,0.00390625,34626,0.0,12.05,0.0,0,false,false,kOff,0.0,12.0,0.0,-4787,
0.125,12.05,0.00390625,33707,0.0,12.05,0.0,0,0.0,12.05,0.00390625,34626,0.0,12.05,0.0,0,false,false,kOff,0.0,12.0,0.0,-4787,
0.125,12.05,0.00390625,33707,0.0,12.05,0.0,0,0.0,12.05,0.00390625,34626,0.0,12.05,0.0,0,false,false,kOff,0.0,12.0,0.0,-4787,
0.125,12.05,0.00390625,33707,0.0,12.05,0.0,0,0.0,12.05,0.00390625,34626,0.0,12.05,0.0,0,false,false,kOff,0.0,12.0,0.0,-4787,
0.125,12.05,0.00390625,33707,0.0,12.05,0.0,0,0.0,12.05,0.00390625,34626,0.0,12.05,0.0,0,false,false,kOff,0.0,12.0,0.0,-4787,
0.125,12.05,0.00390625,33707,0.0,12.05,0.0,0,0.0,12.05,0.00390625,34626,0.0,12.05,0.0,0,false,false,kOff,0.0,12.0,0.0,-4787,
0.125,12.05,0.00390625,33707,0.0,12.05,0.0,0,0.0,12.05,0.00390625,34626,0.0,12.05,0.0,0,false,false,kOff,0.0,12.0,0.0,-4787,
0.125,12.05,0.00390625,33707,0.0,12.05,0.0,0,0.0,12.05,0.00390625,34626,0.0,12.05,0.0,0,false,false,kOff,0.0,12.0,0.0,-4787,
0.125,12.05,0.00390625,33707,0.0,12.05,0.0,0,0.0,12.0,0.00390625,34626,0.0,12.05,0.0,0,false,false,kOff,0.0,12.0,0.0,-4787,
0.125,12.05,0.00390625,33707,0.0,12.05,0.0,0,0.0,12.0,0.00390625,34626,0.0,12.05,0.0,0,false,false,kOff,0.0,12.0,0.0,-4787,
0.125,12.05,0.00390625,33707,0.0,12.05,0.0,0,0.0,12.0,0.00390625,34626,0.0,12.05,0.0,0,false,false,kOff,0.0,12.0,0.0,-4787,
0.125,12.05,0.00390625,33707,0.0,12.05,0.0,0,0.0,12.0,0.00390625,34626,0.0,12.05,0.0,0,false,false,kOff,0.0,12.0,0.0,-4787,
0.125,12.05,0.00390625,33707,0.0,12.05,0.0,0,0.0,12.0,0.00390625,34626,0.0,12.05,0.0,0,false,false,kOff,0.0,12.0,0.0,-4787,
0.125,12.05,0.00390625,33707,0.0,12.05,0.0,0,0.0,12.0,0.00390625,34626,0.0,12.05,0.0,0,false,false,kOff,0.0,12.0,0.0,-4787,
0.125,12.05,0.00390625,33707,0.0,12.05,0.0,0,0.0,12.0,0.00390625,34626,0.0,12.05,0.0,0,false,false,kOff,0.0,12.0,0.0,-4787,
0.125,12.05,0.00390625,33707,0.0,12.05,0.0,0,0.0,12.05,0.00390625,34626,0.0,12.05,0.0,0,false,false,kOff,0.0,12.0,0.0,-4787,
0.125,12.05,0.00390625,33707,0.0,12.05,0.0,0,0.0,12.05,0.00390625,34626,0.0,12.05,0.0,0,false,false,kOff,0.0,12.0,0.0,-4787,
0.125,12.05,0.00390625,33707,0.0,12.05,0.0,0,0.0,12.05,0.00390625,34626,0.0,12.05,0.0,0,false,false,kOff,0.0,12.0,0.0,-4787,
0.125,12.05,0.00390625,33707,0.0,12.05,0.0,0,0.0,12.05,0.00390625,34626,0.0,12.05,0.0,0,false,false,kOff,0.0,12.0,0.0,-4787,
0.125,12.05,0.00390625,33707,0.0,12.05,0.0,0,0.0,12.05,0.00390625,34626,0.0,12.05,0.0,0,false,false,kOff,0.0,12.0,0.0,-4787,
0.125,12.05,0.00390625,33707,0.0,12.05,0.0,0,0.0,12.05,0.00390625,34626,0.0,12.05,0.0,0,false,false,kOff,0.0,12.0,0.0,-4787,
0.125,12.05,0.00390625,33707,0.0,12.05,0.0,0,0.0,12.05,0.00390625,34626,0.0,12.05,0.0,0,false,false,kOff,0.0,12.0,0.0,-4787,
0.125,12.05,0.00390625,33707,0.0,12.05,0.0,0,0.0,12.05,0.00390625,34626,0.0,12.05,0.0,0,false,false,kOff,0.0,12.0,0.0,-4787,
0.125,12.05,0.00390625,33707,0.0,12.05,0.0,0,0.0,12.05,0.00390625,34626,0.0,12.05,0.0,0,false,false,kOff,0.0,12.0,0.0,-4787,
0.125,12.05,0.00390625,33707,0.0,12.05,0.0,0,0.0,12.05,0.00390625,34626,0.0,12.05,0.0,0,false,false,kOff,0.0,12.0,0.0,-4787,
0.125,12.05,0.00390625,33707,0.0,12.05,0.0,0,0.0,12.05,0.00390625,34626,0.0,12.05,0.0,0,false,false,kOff,0.0,12.0,0.0,-4787,
0.125,12.05,0.00390625,33707,0.0,12.05,0.0,0,0.0,12.05,0.00390625,34626,0.0,12.05,0.0,0,false,false,kOff,0.0,12.0,0.0,-4787,
0.125,12.05,0.00390625,33707,0.0,12.05,0.0,0,0.0,12.05,0.00390625,34626,0.0,12.05,0.0,0,false,false,kOff,0.0,12.0,0.0,-4787,
0.125,12.05,0.00390625,33707,0.0,12.05,0.0,0,0.0,12.05,0.00390625,34626,0.0,12.05,0.0,0,false,false,kOff,0.0,12.0,0.0,-4787,
0.125,12.05,0.00390625,33707,0.0,12.05,0.0,0,0.0,12.05,0.00390625,34626,0.0,12.05,0.0,0,false,false,kOff,0.0,12.0,0.0,-4787,
0.125,12.05,0.00390625,33707,0.0,12.05,0.0,0,0.0,12.05,0.00390625,34626,0.0,12.05,0.0,0,false,false,kOff,0.0,12.0,0.0,-4787,
0.125,12.05,0.00390625,33707,0.0,12.05,0.0,0,0.0,12.05,0.00390625,34626,0.0,12.05,0.0,0,false,false,kOff,0.0,12.0,0.0,-4787,
0.125,12.05,0.00390625,33707,0.0,12.05,0.0,0,0.0,12.05,0.00390625,34626,0.0,12.05,0.0,0,false,false,kOff,0.0,12.0,0.0,-4787,
0.125,12.05,0.00390625,33707,0.0,12.05,0.0,0,0.0,12.05,0.00390625,34626,0.0,12.05,0.0,0,false,false,kOff,0.0,12.0,0.0,-4787,
0.125,12.05,0.00390625,33707,0.0,12.05,0.0,0,0.0,12.05,0.00390625,34626,0.0,12.05,0.0,0,false,false,kOff,0.0,12.0,0.0,-4787,
0.125,12.05,0.00390625,33707,0.0,12.05,0.0,0,0.0,12.05,0.00390625,34626,0.0,12.05,0.0,0,false,false,kOff,0.0,12.0,0.0,-4787,
0.125,12.05,0.00390625,33707,0.0,12.05,0.0,0,0.0,12.05,0.00390625,34626,0.0,12.05,0.0,0,false,false,kOff,0.0,12.0,0.0,-4787,
0.125,12.05,0.00390625,33707,0.0,12.1,0.0,0,0.0,12.05,0.00390625,34626,0.0,12.05,0.0,0,false,false,kOff,0.0,12.0,0.0,-4787,
0.125,12.05,0.00390625,33707,0.0,12.1,0.0,0,0.0,12.05,0.00390625,34626,0.0,12.05,0.0,0,false,false,kOff,0.0,12.0,0.0,-4787,
0.125,12.05,0.00390625,33707,0.0,12.1,0.0,0,0.0,12.05,0.00390625,34626,0.0,12.05,0.0,0,false,false,kOff,0.0,12.0,0.0,-4787,
0.125,12.05,0.00390625,33707,0.0,12.1,0.0,0,0.0,12.05,0.00390625,34626,0.0,12.05,0.0,0,false,false,kOff,0.0,12.0,0.0,-4787,
0.125,12.05,0.00390625,33707,0.0,12.1,0.0,0,0.0,12.05,0.00390625,34626,0.0,12.05,0.0,0,false,false,kOff,0.0,12.0,0.0,-4787,
0.125,12.05,0.00390625,33707,0.0,12.1,0.0,0,0.0,12.05,0.00390625,34626,0.0,12.05,0.0,0,false,false,kOff,0.0,12.0,0.0,-4787,
0.125,12.05,0.00390625,33707,0.0,12.1,0.0,0,0.0,12.05,0.00390625,34626,0.0,12.05,0.0,0,false,false,kOff,0.0,12.0,0.0,-4787,
0.125,12.05,0.00390625,33707,0.0,12.05,0.0,0,0.0,12.05,0.00390625,34626,0.0,12.05,0.0,0,false,false,kOff,0.0,12.0,0.0,-4787,
0.125,12.05,0.00390625,33707,0.0,12.05,0.0,0,0.0,12.0,0.00390625,34626,0.0,12.05,0.0,0,false,false,kOff,0.0,12.0,0.0,-4787,
0.125,12.05,0.00390625,33707,0.0,12.05,0.0,0,0.0,12.0,0.00390625,34626,0.0,12.05,0.0,0,false,false,kOff,0.0,12.0,0.0,-4787,
0.125,12.05,0.00390625,33707,0.0,12.05,0.0,0,0.0,12.0,0.00390625,34626,0.0,12.05,0.0,0,false,false,kOff,0.0,12.0,0.0,-4787,
0.125,12.05,0.00390625,33707,0.0,12.05,0.0,0,0.0,12.0,0.00390625,34626,0.0,12.05,0.0,0,false,false,kOff,0.0,12.0,0.0,-4787,
0.125,12.05,0.00390625,33707,0.0,12.05,0.0,0,0.0,12.0,0.00390625,34626,0.0,12.05,0.0,0,false,false,kOff,0.0,12.0,0.0,-4787,
0.125,12.05,0.00390625,33707,0.0,12.05,0.0,0,0.0,12.0,0.00390625,34626,0.0,12.05,0.0,0,false,false,kOff,0.0,12.0,0.0,-4787,
0.125,12.05,0.00390625,33707,0.0,12.05,0.0,0,0.0,12.0,0.00390625,34626,0.0,12.05,0.0,0,false,false,kOff,0.0,12.0,0.0,-4787,
0.125,12.05,0.00390625,33707,0.0,12.05,0.0,0,0.0,12.0,0.00390625,34626,0.0,12.05,0.0,0,false,false,kOff,0.0,12.0,0.0,-4787,
0.125,12.05,0.00390625,33707,0.0,12.05,0.0,0,0.0,12.0,0.00390625,34626,0.0,12.05,0.0,0,false,false,kOff,0.0,12.0,0.0,-4787,
0.125,12.05,0.00390625,33707,0.0,12.05,0.0,0,0.0,12.0,0.00390625,34626,0.0,12.05,0.0,0,false,false,kOff,0.0,12.0,0.0,-4787,
0.125,12.05,0.00390625,33707,0.0,12.05,0.0,0,0.0,12.0,0.00390625,34626,0.0,12.05,0.0,0,false,false,kOff,0.0,12.0,0.0,-4787,
0.125,12.05,0.00390625,33707,0.0,12.05,0.0,0,0.0,12.0,0.00390625,34626,0.0,12.05,0.0,0,false,false,kOff,0.0,12.0,0.0,-4787,
0.125,12.05,0.00390625,33707,0.0,12.05,0.0,0,0.0,12.0,0.00390625,34626,0.0,12.05,0.0,0,false,false,kOff,0.0,12.0,0.0,-4787,
0.125,12.05,0.00390625,33707,0.0,12.05,0.0,0,0.0,12.0,0.00390625,34626,0.0,12.05,0.0,0,false,false,kOff,0.0,12.0,0.0,-4787,
0.125,12.05,0.00390625,33707,0.0,12.05,0.0,0,0.0,12.0,0.00390625,34626,0.0,12.05,0.0,0,false,false,kOff,0.0,12.0,0.0,-4787,
0.125,12.05,0.00390625,33707,0.0,12.05,0.0,0,0.0,12.0,0.00390625,34626,0.0,12.05,0.0,0,false,false,kOff,0.0,12.0,0.0,-4787,
0.125,12.05,0.00390625,33707,0.0,12.05,0.0,0,0.0,12.0,0.00390625,34626,0.0,12.05,0.0,0,false,false,kOff,0.0,12.0,0.0,-4787,
0.125,12.05,0.00390625,33707,0.0,12.05,0.0,0,0.0,12.0,0.00390625,34626,0.0,12.05,0.0,0,false,false,kOff,0.0,12.0,0.0,-4787,
0.125,12.05,0.00390625,33707,0.0,12.05,0.0,0,0.0,12.0,0.00390625,34626,0.0,12.05,0.0,0,false,false,kOff,0.0,12.0,0.0,-4787,
0.125,12.05,0.00390625,33707,0.0,12.05,0.0,0,0.0,12.0,0.00390625,34626,0.0,12.05,0.0,0,false,false,kOff,0.0,12.0,0.0,-4787,
0.125,12.05,0.00390625,33707,0.0,12.05,0.0,0,0.0,12.0,0.00390625,34626,0.0,12.05,0.0,0,false,false,kOff,0.0,12.0,0.0,-4787,
0.125,12.05,0.00390625,33707,0.0,12.05,0.0,0,0.0,12.0,0.00390625,34626,0.0,12.05,0.0,0,false,false,kOff,0.0,12.0,0.0,-4787,
0.125,12.05,0.00390625,33707,0.0,12.05,0.0,0,0.0,12.0,0.00390625,34626,0.0,12.05,0.0,0,false,false,kOff,0.0,12.0,0.0,-4787,
0.125,12.05,0.00390625,33707,0.0,12.05,0.0,0,0.0,12.05,0.00390625,34626,0.0,12.05,0.0,0,false,false,kOff,0.0,12.0,0.0,-4787,
0.125,12.05,0.00390625,33707,0.0,12.05,0.0,0,0.0,12.05,0.00390625,34626,0.0,12.05,0.0,0,false,false,kOff,0.0,12.0,0.0,-4787,
0.125,12.05,0.00390625,33707,0.0,12.05,0.0,0,0.0,12.05,0.00390625,34626,0.0,12.05,0.0,0,false,false,kOff,0.0,12.0,0.0,-4787,
0.125,12.05,0.00390625,33707,0.0,12.05,0.0,0,0.0,12.05,0.00390625,34626,0.0,12.05,0.0,0,false,false,kOff,0.0,12.0,0.0,-4787,
0.125,12.05,0.00390625,33707,0.0,12.05,0.0,0,0.0,12.05,0.00390625,34626,0.0,12.05,0.0,0,false,false,kOff,0.0,12.0,0.0,-4787,
0.125,12.05,0.00390625,33707,0.0,12.05,0.0,0,0.0,12.05,0.00390625,34626,0.0,12.05,0.0,0,false,false,kOff,0.0,12.0,0.0,-4787,
0.125,12.05,0.00390625,33707,0.0,12.05,0.0,0,0.0,12.05,0.00390625,34626,0.0,12.05,0.0,0,false,false,kOff,0.0,12.0,0.0,-4787,
0.125,12.05,0.00390625,33707,0.0,12.05,0.0,0,0.0,12.05,0.00390625,34626,0.0,12.05,0.0,0,false,false,kOff,0.0,12.0,0.0,-4787,
0.125,12.05,0.00390625,33707,0.0,12.05,0.0,0,0.0,12.05,0.00390625,34626,0.0,12.05,0.0,0,false,false,kOff,0.0,12.0,0.0,-4787,
0.125,12.05,0.00390625,33707,0.0,12.05,0.0,0,0.0,12.05,0.00390625,34626,0.0,12.05,0.0,0,false,false,kOff,0.0,12.0,0.0,-4787,
0.125,12.05,0.00390625,33707,0.0,12.05,0.0,0,0.0,12.05,0.00390625,34626,0.0,12.05,0.0,0,false,false,kOff,0.0,12.0,0.0,-4787,
0.125,12.05,0.00390625,33707,0.0,12.05,0.0,0,0.0,12.05,0.00390625,34626,0.0,12.05,0.0,0,false,false,kOff,0.0,12.0,0.0,-4787,
0.125,12.05,0.00390625,33707,0.0,12.05,0.0,0,0.0,12.05,0.00390625,34626,0.0,12.05,0.0,0,false,false,kOff,0.0,12.0,0.0,-4787,
0.125,12.05,0.00390625,33707,0.0,12.05,0.0,0,0.0,12.05,0.00390625,34626,0.0,12.05,0.0,0,false,false,kOff,0.0,12.0,0.0,-4787,
0.125,12.05,0.00390625,33707,0.0,12.05,0.0,0,0.0,12.05,0.00390625,34626,0.0,12.05,0.0,0,false,false,kOff,0.0,12.0,0.0,-4787,
0.125,12.05,0.00390625,33707,0.0,12.05,0.0,0,0.0,12.05,0.00390625,34626,0.0,12.05,0.0,0,false,false,kOff,0.0,12.0,0.0,-4787,
0.125,12.05,0.00390625,33707,0.0,12.05,0.0,0,0.0,12.0,0.00390625,34626,0.0,12.05,0.0,0,false,false,kOff,0.0,12.0,0.0,-4787,
0.125,12.05,0.00390625,33707,0.0,12.05,0.0,0,0.0,12.0,0.00390625,34626,0.0,12.05,0.0,0,false,false,kOff,0.0,12.0,0.0,-4787,
0.125,12.05,0.00390625,33707,0.0,12.05,0.0,0,0.0,12.0,0.00390625,34626,0.0,12.05,0.0,0,false,false,kOff,0.0,12.0,0.0,-4787,
0.125,12.05,0.00390625,33707,0.0,12.05,0.0,0,0.0,12.0,0.00390625,34626,0.0,12.05,0.0,0,false,false,kOff,0.0,12.0,0.0,-4787,
0.125,12.05,0.00390625,33707,0.0,12.05,0.0,0,0.0,12.0,0.00390625,34626,0.0,12.05,0.0,0,false,false,kOff,0.0,12.0,0.0,-4787,
0.125,12.05,0.00390625,33707,0.0,12.05,0.0,0,0.0,12.0,0.00390625,34626,0.0,12.05,0.0,0,false,false,kOff,0.0,12.0,0.0,-4787,
0.125,12.05,0.00390625,33707,0.0,12.05,0.0,0,0.0,12.0,0.00390625,34626,0.0,12.05,0.0,0,false,false,kOff,0.0,12.0,0.0,-4787,
0.125,12.05,0.00390625,33707,0.0,12.05,0.0,0,0.0,12.0,0.00390625,34626,0.0,12.05,0.0,0,false,false,kOff,0.0,12.0,0.0,-4787,
0.125,12.05,0.00390625,33707,0.0,12.05,0.0,0,0.0,12.0,0.00390625,34626,0.0,12.05,0.0,0,false,false,kOff,0.0,12.0,0.0,-4787,
0.125,12.05,0.00390625,33707,0.0,12.05,0.0,0,0.0,12.0,0.00390625,34626,0.0,12.05,0.0,0,false,false,kOff,0.0,12.0,0.0,-4787,
0.125,12.05,0.00390625,33707,0.0,12.05,0.0,0,0.0,12.0,0.00390625,34626,0.0,12.05,0.0,0,false,false,kOff,0.0,12.0,0.0,-4787,
0.125,12.05,0.00390625,33707,0.0,12.05,0.0,0,0.0,12.0,0.00390625,34626,0.0,12.05,0.0,0,false,false,kOff,0.0,12.0,0.0,-4787,
0.125,12.05,0.00390625,33707,0.0,12.05,0.0,0,0.0,12.0,0.00390625,34626,0.0,12.05,0.0,0,false,false,kOff,0.0,12.0,0.0,-4787,
0.125,12.05,0.00390625,33707,0.0,12.05,0.0,0,0.0,12.0,0.00390625,34626,0.0,12.05,0.0,0,false,false,kOff,0.0,12.0,0.0,-4787,
0.125,12.05,0.00390625,33707,0.0,12.05,0.0,0,0.0,12.0,0.00390625,34626,0.0,12.05,0.0,0,false,false,kOff,0.0,12.0,0.0,-4787,
0.125,12.05,0.00390625,33707,0.0,12.05,0.0,0,0.0,12.0,0.00390625,34626,0.0,12.05,0.0,0,false,false,kOff,0.0,12.0,0.0,-4787,
0.125,12.05,0.00390625,33707,0.0,12.05,0.0,0,0.0,12.0,0.00390625,34626,0.0,12.05,0.0,0,false,false,kOff,0.0,12.0,0.0,-4787,
0.125,12.05,0.00390625,33707,0.0,12.05,0.0,0,0.0,12.0,0.00390625,34626,0.0,12.05,0.0,0,false,false,kOff,0.0,12.0,0.0,-4787,
0.125,12.05,0.00390625,33707,0.0,12.05,0.0,0,0.0,12.0,0.00390625,34626,0.0,12.05,0.0,0,false,false,kOff,0.0,12.0,0.0,-4787,
0.125,12.05,0.00390625,33707,0.0,12.05,0.0,0,0.0,12.0,0.00390625,34626,0.0,12.05,0.0,0,false,false,kOff,0.0,12.0,0.0,-4787,
0.125,12.05,0.00390625,33707,0.0,12.05,0.0,0,0.0,12.0,0.00390625,34626,0.0,12.05,0.0,0,false,false,kOff,0.0,12.0,0.0,-4787,
0.125,12.05,0.00390625,33707,0.0,12.05,0.0,0,0.0,12.0,0.00390625,34626,0.0,12.05,0.0,0,false,false,kOff,0.0,12.0,0.0,-4787,
0.125,12.05,0.00390625,33707,0.0,12.05,0.0,0,0.0,12.0,0.00390625,34626,0.0,12.05,0.0,0,false,false,kOff,0.0,12.0,0.0,-4787,
0.125,12.05,0.00390625,33707,0.0,12.05,0.0,0,0.0,12.0,0.00390625,34626,0.0,12.05,0.0,0,false,false,kOff,0.0,12.0,0.0,-4787,
0.125,12.05,0.00390625,33707,0.0,12.05,0.0,0,0.0,12.0,0.00390625,34626,0.0,12.05,0.0,0,false,false,kOff,0.0,12.0,0.0,-4787,
0.125,12.05,0.00390625,33707,0.0,12.05,0.0,0,0.0,12.0,0.00390625,34626,0.0,12.05,0.0,0,false,false,kOff,0.0,12.0,0.0,-4787,
0.125,12.05,0.00390625,33707,0.0,12.05,0.0,0,0.0,12.0,0.00390625,34626,0.0,12.05,0.0,0,false,false,kOff,0.0,12.0,0.0,-4787,
0.125,12.05,0.00390625,33707,0.0,12.05,0.0,0,0.0,12.0,0.00390625,34626,0.0,12.05,0.0,0,false,false,kOff,0.0,12.0,0.0,-4787,
0.125,12.05,0.00390625,33707,0.0,12.05,0.0,0,0.0,12.0,0.00390625,34626,0.0,12.05,0.0,0,false,false,kOff,0.0,12.0,0.0,-4787,
0.125,12.05,0.00390625,33707,0.0,12.05,0.0,0,0.0,12.0,0.00390625,34626,0.0,12.05,0.0,0,false,false,kOff,0.0,12.0,0.0,-4787,
0.125,12.05,0.00390625,33707,0.0,12.05,0.0,0,0.0,12.0,0.00390625,34626,0.0,12.05,0.0,0,false,false,kOff,0.0,12.0,0.0,-4787,
0.125,12.05,0.00390625,33707,0.0,12.05,0.0,0,0.0,12.0,0.00390625,34626,0.0,12.05,0.0,0,false,false,kOff,0.0,12.0,0.0,-4787,
0.125,12.05,0.00390625,33707,0.0,12.05,0.0,0,0.0,12.0,0.00390625,34626,0.0,12.05,0.0,0,false,false,kOff,0.0,12.0,0.0,-4787,
0.125,12.05,0.00390625,33707,0.0,12.05,0.0,0,0.0,12.0,0.00390625,34626,0.0,12.05,0.0,0,false,false,kOff,0.0,12.0,0.0,-4787,
0.125,12.05,0.00390625,33707,0.0,12.05,0.0,0,0.0,12.0,0.00390625,34626,0.0,12.05,0.0,0,false,false,kOff,0.0,12.0,0.0,-4787,
0.125,12.05,0.00390625,33707,0.0,12.05,0.0,0,0.0,12.0,0.00390625,34626,0.0,12.05,0.0,0,false,false,kOff,0.0,12.0,0.0,-4787,
0.125,12.05,0.00390625,33707,0.0,12.05,0.0,0,0.0,12.0,0.00390625,34626,0.0,12.05,0.0,0,false,false,kOff,0.0,12.0,0.0,-4787,
0.125,12.05,0.00390625,33707,0.0,12.05,0.0,0,0.0,12.0,0.00390625,34626,0.0,12.05,0.0,0,false,false,kOff,0.0,12.0,0.0,-4787,
0.125,12.05,0.00390625,33707,0.0,12.05,0.0,0,0.0,12.0,0.00390625,34626,0.0,12.05,0.0,0,false,false,kOff,0.0,12.0,0.0,-4787,
0.125,12.05,0.00390625,33707,0.0,12.05,0.0,0,0.0,12.0,0.00390625,34626,0.0,12.05,0.0,0,false,false,kOff,0.0,12.0,0.0,-4787,
0.125,12.05,0.00390625,33707,0.0,12.05,0.0,0,0.0,12.0,0.00390625,34626,0.0,12.05,0.0,0,false,false,kOff,0.0,12.0,0.0,-4787,
0.125,12.05,0.00390625,33707,0.0,12.05,0.0,0,0.0,12.0,0.00390625,34626,0.0,12.05,0.0,0,false,false,kOff,0.0,12.0,0.0,-4787,
0.125,12.05,0.00390625,33707,0.0,12.05,0.0,0,0.0,12.0,0.00390625,34626,0.0,12.05,0.0,0,false,false,kOff,0.0,12.0,0.0,-4787,
0.125,12.05,0.00390625,33707,0.0,12.05,0.0,0,0.0,12.0,0.00390625,34626,0.0,12.05,0.0,0,false,false,kOff,0.0,12.0,0.0,-4787,
0.125,12.05,0.00390625,33707,0.0,12.05,0.0,0,0.0,12.0,0.00390625,34626,0.0,12.05,0.0,0,false,false,kOff,0.0,12.0,0.0,-4787,
0.125,12.05,0.00390625,33707,0.0,12.05,0.0,0,0.0,12.0,0.00390625,34626,0.0,12.05,0.0,0,false,false,kOff,0.0,12.0,0.0,-4787,
0.125,12.05,0.00390625,33707,0.0,12.05,0.0,0,0.0,12.05,0.00390625,34626,0.0,12.05,0.0,0,false,false,kOff,0.0,12.0,0.0,-4787,
0.125,12.05,0.00390625,33707,0.0,12.05,0.0,0,0.0,12.05,0.00390625,34626,0.0,12.05,0.0,0,false,false,kOff,0.0,12.0,0.0,-4787,
0.125,12.05,0.00390625,33707,0.0,12.05,0.0,0,0.0,12.05,0.00390625,34626,0.0,12.05,0.0,0,false,false,kOff,0.0,12.0,0.0,-4787,
0.125,12.05,0.00390625,33707,0.0,12.05,0.0,0,0.0,12.05,0.00390625,34626,0.0,12.05,0.0,0,false,false,kOff,0.0,12.0,0.0,-4787,
0.125,12.05,0.00390625,33707,0.0,12.05,0.0,0,0.0,12.05,0.00390625,34626,0.0,12.05,0.0,0,false,false,kOff,0.0,12.0,0.0,-4787,
0.125,12.05,0.00390625,33707,0.0,12.05,0.0,0,0.0,12.05,0.00390625,34626,0.0,12.05,0.0,0,false,false,kOff,0.0,12.0,0.0,-4787,
0.125,12.05,0.00390625,33707,0.0,12.05,0.0,0,0.0,12.05,0.00390625,34626,0.0,12.05,0.0,0,false,false,kOff,0.0,12.0,0.0,-4787,
0.125,12.05,0.00390625,33707,0.0,12.05,0.0,0,0.0,12.05,0.00390625,34626,0.0,12.05,0.0,0,false,false,kOff,0.0,12.0,0.0,-4787,
0.125,12.05,0.00390625,33707,0.0,12.05,0.0,0,0.0,12.0,0.00390625,34626,0.0,12.05,0.0,0,false,false,kOff,0.0,12.0,0.0,-4787,
0.125,12.05,0.00390625,33707,0.0,12.05,0.0,0,0.0,12.0,0.00390625,34626,0.0,12.05,0.0,0,false,false,kOff,0.0,12.0,0.0,-4787,
0.125,12.05,0.00390625,33707,0.0,12.05,0.0,0,0.0,12.0,0.00390625,34626,0.0,12.05,0.0,0,false,false,kOff,0.0,12.0,0.0,-4787,
0.125,12.05,0.00390625,33707,0.0,12.05,0.0,0,0.0,12.0,0.00390625,34626,0.0,12.05,0.0,0,false,false,kOff,0.0,12.0,0.0,-4787,
0.125,12.05,0.00390625,33707,0.0,12.05,0.0,0,0.0,12.0,0.00390625,34626,0.0,12.05,0.0,0,false,false,kOff,0.0,12.0,0.0,-4787,
0.125,12.05,0.00390625,33707,0.0,12.05,0.0,0,0.0,12.0,0.00390625,34626,0.0,12.05,0.0,0,false,false,kOff,0.0,12.0,0.0,-4787,
0.125,12.05,0.00390625,33707,0.0,12.05,0.0,0,0.0,12.0,0.00390625,34626,0.0,12.05,0.0,0,false,false,kOff,0.0,12.0,0.0,-4787,
0.125,12.05,0.00390625,33707,0.0,12.05,0.0,0,0.0,12.0,0.00390625,34626,0.0,12.05,0.0,0,false,false,kOff,0.0,12.0,0.0,-4787,
0.125,12.05,0.00390625,33707,0.0,12.05,0.0,0,0.0,12.0,0.00390625,34626,0.0,12.05,0.0,0,false,false,kOff,0.0,12.0,0.0,-4787,
0.125,12.05,0.00390625,33707,0.0,12.05,0.0,0,0.0,12.0,0.00390625,34626,0.0,12.05,0.0,0,false,false,kOff,0.0,12.0,0.0,-4787,
0.125,12.05,0.00390625,33707,0.0,12.05,0.0,0,0.0,12.0,0.00390625,34626,0.0,12.05,0.0,0,false,false,kOff,0.0,12.0,0.0,-4787,
0.125,12.05,0.00390625,33707,0.0,12.05,0.0,0,0.0,12.0,0.00390625,34626,0.0,12.05,0.0,0,false,false,kOff,0.0,12.0,0.0,-4787,
0.125,12.05,0.00390625,33707,0.0,12.05,0.0,0,0.0,12.0,0.00390625,34626,0.0,12.05,0.0,0,false,false,kOff,0.0,12.0,0.0,-4787,
0.125,12.05,0.00390625,33707,0.0,12.05,0.0,0,0.0,12.0,0.00390625,34626,0.0,12.05,0.0,0,false,false,kOff,0.0,12.0,0.0,-4787,
0.125,12.05,0.00390625,33707,0.0,12.05,0.0,0,0.0,12.0,0.00390625,34626,0.0,12.05,0.0,0,false,false,kOff,0.0,12.0,0.0,-4787,
0.125,12.05,0.00390625,33707,0.0,12.05,0.0,0,0.0,12.0,0.00390625,34626,0.0,12.05,0.0,0,false,false,kOff,0.0,12.0,0.0,-4787,
0.125,12.05,0.00390625,33707,0.0,12.05,0.0,0,0.0,12.0,0.00390625,34626,0.0,12.05,0.0,0,false,false,kOff,0.0,12.0,0.0,-4787,
0.125,12.05,0.00390625,33707,0.0,12.05,0.0,0,0.0,12.0,0.00390625,34626,0.0,12.05,0.0,0,false,false,kOff,0.0,12.0,0.0,-4787,
0.125,12.05,0.00390625,33707,0.0,12.05,0.0,0,0.0,12.0,0.00390625,34626,0.0,12.05,0.0,0,false,false,kOff,0.0,12.0,0.0,-4787,
0.125,12.05,0.00390625,33707,0.0,12.05,0.0,0,0.0,12.0,0.00390625,34626,0.0,12.05,0.0,0,false,false,kOff,0.0,12.0,0.0,-4787,
0.125,12.05,0.00390625,33707,0.0,12.05,0.0,0,0.0,12.0,0.00390625,34626,0.0,12.05,0.0,0,false,false,kOff,0.0,12.0,0.0,-4787,
0.125,12.05,0.00390625,33707,0.0,12.05,0.0,0,0.0,12.0,0.00390625,34626,0.0,12.05,0.0,0,false,false,kOff,0.0,12.0,0.0,-4787,
0.125,12.05,0.00390625,33707,0.0,12.05,0.0,0,0.0,12.0,0.00390625,34626,0.0,12.05,0.0,0,false,false,kOff,0.0,12.0,0.0,-4787,
0.125,12.05,0.00390625,33707,0.0,12.05,0.0,0,0.0,12.0,0.00390625,34626,0.0,12.05,0.0,0,false,false,kOff,0.0,12.0,0.0,-4787,
0.125,12.05,0.00390625,33707,0.0,12.05,0.0,0,0.0,12.0,0.00390625,34626,0.0,12.05,0.0,0,false,false,kOff,0.0,12.0,0.0,-4787,
0.125,12.05,0.00390625,33707,0.0,12.05,0.0,0,0.0,12.0,0.00390625,34626,0.0,12.05,0.0,0,false,false,kOff,0.0,12.0,0.0,-4787,
0.125,12.05,0.00390625,33707,0.0,12.05,0.0,0,0.0,12.0,0.00390625,34626,0.0,12.05,0.0,0,false,false,kOff,0.0,12.0,0.0,-4787,
0.125,12.05,0.00390625,33707,0.0,12.05,0.0,0,0.0,12.0,0.00390625,34626,0.0,12.05,0.0,0,false,false,kOff,0.0,12.0,0.0,-4787,
0.125,12.05,0.00390625,33707,0.0,12.05,0.0,0,0.0,12.0,0.00390625,34626,0.0,12.05,0.0,0,false,false,kOff,0.0,12.0,0.0,-4787,
0.125,12.05,0.00390625,33707,0.0,12.05,0.0,0,0.0,12.05,0.00390625,34626,0.0,12.05,0.0,0,false,false,kOff,0.0,12.0,0.0,-4787,
0.125,12.05,0.00390625,33707,0.0,12.05,0.0,0,0.0,12.05,0.00390625,34626,0.0,12.05,0.0,0,false,false,kOff,0.0,12.0,0.0,-4787,
0.125,12.05,0.00390625,33707,0.0,12.05,0.0,0,0.0,12.05,0.00390625,34626,0.0,12.05,0.0,0,false,false,kOff,0.0,12.0,0.0,-4787,
0.125,12.05,0.00390625,33707,0.0,12.05,0.0,0,0.0,12.05,0.00390625,34626,0.0,12.05,0.0,0,false,false,kOff,0.0,12.0,0.0,-4787,
0.125,12.05,0.00390625,33707,0.0,12.05,0.0,0,0.0,12.05,0.00390625,34626,0.0,12.05,0.0,0,false,false,kOff,0.0,12.0,0.0,-4787,
0.125,12.05,0.00390625,33707,0.0,12.05,0.0,0,0.0,12.05,0.00390625,34626,0.0,12.05,0.0,0,false,false,kOff,0.0,12.0,0.0,-4787,
0.125,12.05,0.00390625,33707,0.0,12.05,0.0,0,0.0,12.05,0.00390625,34626,0.0,12.05,0.0,0,false,false,kOff,0.0,12.0,0.0,-4787,
0.125,12.05,0.00390625,33707,0.0,12.05,0.0,0,0.0,12.05,0.00390625,34626,0.0,12.05,0.0,0,false,false,kOff,0.0,12.0,0.0,-4787,
0.125,12.05,0.00390625,33707,0.0,12.05,0.0,0,0.0,12.0,0.00390625,34626,0.0,12.05,0.0,0,false,false,kOff,0.0,12.0,0.0,-4787,
0.125,12.05,0.00390625,33707,0.0,12.05,0.0,0,0.0,12.0,0.00390625,34626,0.0,12.05,0.0,0,false,false,kOff,0.0,12.0,0.0,-4787,
0.125,12.05,0.00390625,33707,0.0,12.05,0.0,0,0.0,12.0,0.00390625,34626,0.0,12.05,0.0,0,false,false,kOff,0.0,12.0,0.0,-4787,
0.125,12.05,0.00390625,33707,0.0,12.05,0.0,0,0.0,12.0,0.00390625,34626,0.0,12.05,0.0,0,false,false,kOff,0.0,12.0,0.0,-4787,
0.125,12.05,0.00390625,33707,0.0,12.05,0.0,0,0.0,12.0,0.00390625,34626,0.0,12.05,0.0,0,false,false,kOff,0.0,12.0,0.0,-4787,
0.125,12.05,0.00390625,33707,0.0,12.05,0.0,0,0.0,12.0,0.00390625,34626,0.0,12.05,0.0,0,false,false,kOff,0.0,12.0,0.0,-4787,
0.125,12.05,0.00390625,33707,0.0,12.05,0.0,0,0.0,12.0,0.00390625,34626,0.0,12.05,0.0,0,false,false,kOff,0.0,12.0,0.0,-4787,
0.125,12.05,0.00390625,33707,0.0,12.05,0.0,0,0.0,12.0,0.00390625,34626,0.0,12.05,0.0,0,false,false,kOff,0.0,12.0,0.0,-4787,
0.125,12.05,0.00390625,33707,0.0,12.05,0.0,0,0.0,12.0,0.00390625,34626,0.0,12.05,0.0,0,false,false,kOff,0.0,12.0,0.0,-4787,
0.125,12.05,0.00390625,33707,0.0,12.05,0.0,0,0.0,12.0,0.00390625,34626,0.0,12.05,0.0,0,false,false,kOff,0.0,12.0,0.0,-4787,
0.125,12.05,0.00390625,33707,0.0,12.05,0.0,0,0.0,12.0,0.00390625,34626,0.0,12.05,0.0,0,false,false,kOff,0.0,12.0,0.0,-4787,
0.125,12.05,0.00390625,33707,0.0,12.05,0.0,0,0.0,12.0,0.00390625,34626,0.0,12.05,0.0,0,false,false,kOff,0.0,12.0,0.0,-4787,
0.125,12.05,0.00390625,33707,0.0,12.05,0.0,0,0.0,12.0,0.00390625,34626,0.0,12.05,0.0,0,false,false,kOff,0.0,12.0,0.0,-4787,
0.125,12.05,0.00390625,33707,0.0,12.05,0.0,0,0.0,12.0,0.00390625,34626,0.0,12.05,0.0,0,false,false,kOff,0.0,12.0,0.0,-4787,
0.125,12.05,0.00390625,33707,0.0,12.05,0.0,0,0.0,12.0,0.00390625,34626,0.0,12.05,0.0,0,false,false,kOff,0.0,12.0,0.0,-4787,
0.125,12.05,0.00390625,33707,0.0,12.05,0.0,0,0.0,12.0,0.00390625,34626,0.0,12.05,0.0,0,false,false,kOff,0.0,12.0,0.0,-4787,
0.125,12.05,0.00390625,33707,0.0,12.05,0.0,0,0.0,12.0,0.00390625,34626,0.0,12.05,0.0,0,false,false,kOff,0.0,12.0,0.0,-4787,
0.125,12.05,0.00390625,33707,0.0,12.05,0.0,0,0.0,12.0,0.00390625,34626,0.0,12.05,0.0,0,false,false,kOff,0.0,12.0,0.0,-4787,
0.125,12.05,0.00390625,33707,0.0,12.05,0.0,0,0.0,12.0,0.00390625,34626,0.0,12.05,0.0,0,false,false,kOff,0.0,12.0,0.0,-4787,
0.125,12.05,0.00390625,33707,0.0,12.05,0.0,0,0.0,12.0,0.00390625,34626,0.0,12.05,0.0,0,false,false,kOff,0.0,12.0,0.0,-4787,
0.125,12.05,0.00390625,33707,0.0,12.05,0.0,0,0.0,12.0,0.00390625,34626,0.0,12.05,0.0,0,false,false,kOff,0.0,12.0,0.0,-4787,
0.125,12.05,0.00390625,33707,0.0,12.05,0.0,0,0.0,12.0,0.00390625,34626,0.0,12.05,0.0,0,false,false,kOff,0.0,12.0,0.0,-4787,
0.125,12.05,0.00390625,33707,0.0,12.05,0.0,0,0.0,12.0,0.00390625,34626,0.0,12.05,0.0,0,false,false,kOff,0.0,12.0,0.0,-4787,
0.125,12.05,0.00390625,33707,0.0,12.05,0.0,0,0.0,12.0,0.00390625,34626,0.0,12.05,0.0,0,false,false,kOff,0.0,12.0,0.0,-4787,
0.125,12.05,0.00390625,33707,0.0,12.05,0.0,0,0.0,12.0,0.00390625,34626,0.0,12.05,0.0,0,false,false,kOff,0.0,12.0,0.0,-4787,
0.125,12.05,0.00390625,33707,0.0,12.05,0.0,0,0.0,12.0,0.00390625,34626,0.0,12.05,0.0,0,false,false,kOff,0.0,12.0,0.0,-4787,
0.125,12.05,0.00390625,33707,0.0,12.05,0.0,0,0.0,12.0,0.00390625,34626,0.0,12.05,0.0,0,false,false,kOff,0.0,12.0,0.0,-4787,
0.125,12.05,0.00390625,33707,0.0,12.05,0.0,0,0.0,12.0,0.00390625,34626,0.0,12.05,0.0,0,false,false,kOff,0.0,12.0,0.0,-4787,
0.125,12.05,0.00390625,33707,0.0,12.05,0.0,0,0.0,12.0,0.00390625,34626,0.0,12.05,0.0,0,false,false,kOff,0.0,12.0,0.0,-4787,
0.125,12.05,0.00390625,33707,0.0,12.05,0.0,0,0.0,12.0,0.00390625,34626,0.0,12.05,0.0,0,false,false,kOff,0.0,12.0,0.0,-4787,
0.125,12.05,0.00390625,33707,0.0,12.05,0.0,0,0.0,12.0,0.00390625,34626,0.0,12.05,0.0,0,false,false,kOff,0.0,12.0,0.0,-4787,
0.125,12.05,0.00390625,33707,0.0,12.05,0.0,0,0.0,12.0,0.00390625,34626,0.0,12.05,0.0,0,false,false,kOff,0.0,12.0,0.0,-4787,
0.125,12.05,0.00390625,33707,0.0,12.05,0.0,0,0.0,12.0,0.00390625,34626,0.0,12.05,0.0,0,false,false,kOff,0.0,12.0,0.0,-4787,
0.125,12.05,0.00390625,33707,0.0,12.05,0.0,0,0.0,12.0,0.00390625,34626,0.0,12.05,0.0,0,false,false,kOff,0.0,12.0,0.0,-4787,
0.125,12.05,0.00390625,33707,0.0,12.05,0.0,0,0.0,12.0,0.00390625,34626,0.0,12.05,0.0,0,false,false,kOff,0.0,12.0,0.0,-4787,
0.125,12.05,0.00390625,33707,0.0,12.05,0.0,0,0.0,12.0,0.00390625,34626,0.0,12.05,0.0,0,false,false,kOff,0.0,12.0,0.0,-4787,
0.125,12.05,0.00390625,33707,0.0,12.05,0.0,0,0.0,12.0,0.00390625,34626,0.0,12.05,0.0,0,false,false,kOff,0.0,12.0,0.0,-4787,
0.125,12.05,0.00390625,33707,0.0,12.05,0.0,0,0.0,12.0,0.00390625,34626,0.0,12.05,0.0,0,false,false,kOff,0.0,12.0,0.0,-4787,
0.125,12.05,0.00390625,33707,0.0,12.05,0.0,0,0.0,12.0,0.00390625,34626,0.0,12.05,0.0,0,false,false,kOff,0.0,12.0,0.0,-4787,
0.125,12.05,0.00390625,33707,0.0,12.05,0.0,0,0.0,12.0,0.00390625,34626,0.0,12.05,0.0,0,false,false,kOff,0.0,12.0,0.0,-4787,
0.125,12.05,0.00390625,33707,0.0,12.05,0.0,0,0.0,12.0,0.00390625,34626,0.0,12.05,0.0,0,false,false,kOff,0.0,12.0,0.0,-4787,
0.125,12.05,0.00390625,33707,0.0,12.05,0.0,0,0.0,12.0,0.00390625,34626,0.0,12.05,0.0,0,false,false,kOff,0.0,12.0,0.0,-4787,
0.125,12.05,0.00390625,33707,0.0,12.05,0.0,0,0.0,12.0,0.00390625,34626,0.0,12.05,0.0,0,false,false,kOff,0.0,12.0,0.0,-4787,
0.125,12.05,0.00390625,33707,0.0,12.05,0.0,0,0.0,12.0,0.00390625,34626,0.0,12.05,0.0,0,false,false,kOff,0.0,12.0,0.0,-4787,
0.125,12.05,0.00390625,33707,0.0,12.05,0.0,0,0.0,12.0,0.00390625,34626,0.0,12.05,0.0,0,false,false,kOff,0.0,12.0,0.0,-4787,
0.125,12.05,0.00390625,33707,0.0,12.05,0.0,0,0.0,12.0,0.00390625,34626,0.0,12.05,0.0,0,false,false,kOff,0.0,12.0,0.0,-4787,
0.125,12.05,0.00390625,33707,0.0,12.05,0.0,0,0.0,12.0,0.00390625,34626,0.0,12.05,0.0,0,false,false,kOff,0.0,12.0,0.0,-4787,
0.125,12.05,0.00390625,33707,0.0,12.05,0.0,0,0.0,12.0,0.00390625,34626,0.0,12.05,0.0,0,false,false,kOff,0.0,12.0,0.0,-4787,
0.125,12.05,0.00390625,33707,0.0,12.05,0.0,0,0.0,12.0,0.00390625,34626,0.0,12.05,0.0,0,false,false,kOff,0.0,12.0,0.0,-4787,
0.125,12.05,0.00390625,33707,0.0,12.05,0.0,0,0.0,12.0,0.00390625,34626,0.0,12.05,0.0,0,false,false,kOff,0.0,12.0,0.0,-4787,
0.125,12.05,0.00390625,33707,0.0,12.05,0.0,0,0.0,12.0,0.00390625,34626,0.0,12.05,0.0,0,false,false,kOff,0.0,12.0,0.0,-4787,
0.125,12.05,0.00390625,33707,0.0,12.05,0.0,0,0.0,12.0,0.00390625,34626,0.0,12.05,0.0,0,false,false,kOff,0.0,12.0,0.0,-4787,
0.125,12.05,0.00390625,33707,0.0,12.05,0.0,0,0.0,12.0,0.00390625,34626,0.0,12.05,0.0,0,false,false,kOff,0.0,12.0,0.0,-4787,
0.125,12.05,0.00390625,33707,0.0,12.05,0.0,0,0.0,12.0,0.00390625,34626,0.0,12.05,0.0,0,false,false,kOff,0.0,12.0,0.0,-4787,
0.125,12.05,0.00390625,33707,0.0,12.05,0.0,0,0.0,12.0,0.00390625,34626,0.0,12.05,0.0,0,false,false,kOff,0.0,12.0,0.0,-4787,
0.125,12.05,0.00390625,33707,0.0,12.05,0.0,0,0.0,12.0,0.00390625,34626,0.0,12.05,0.0,0,false,false,kOff,0.0,12.0,0.0,-4787,
0.125,12.05,0.00390625,33707,0.0,12.05,0.0,0,0.0,12.0,0.00390625,34626,0.0,12.05,0.0,0,false,false,kOff,0.0,12.0,0.0,-4787,
0.125,12.05,0.00390625,33707,0.0,12.05,0.0,0,0.0,12.0,0.00390625,34626,0.0,12.05,0.0,0,false,false,kOff,0.0,12.0,0.0,-4787,
