time,voltage,current,power,energy,talon_4_current,talon_4_voltage,talon_4_value,talon_4_position,talon_4_velocity,talon_5_current,talon_5_voltage,talon_5_value,talon_5_position,talon_5_velocity,talon_2_current,talon_2_voltage,talon_2_value,talon_2_position,talon_2_velocity,talon_3_current,talon_3_voltage,talon_3_value,talon_3_position,talon_3_velocity,solenoid_2_state,solenoid_3_state,doublesolenoid_0-1_state,talon_1_current,talon_1_voltage,talon_1_value,talon_1_position,talon_1_velocity,talon_6_current,talon_6_voltage,talon_6_value,talon_6_position,talon_6_velocity,doublesolenoid_6-7_state,doublesolenoid_4-5_state,
51,12.1,0.0,0.0,57863.34,0.25,12.0,6.09375,-30879,0.0,0.125,12.05,0.0,0,0.0,0.0,12.0,6.09375,-26867,0.0,0.125,12.0,0.0,0,0.0,false,false,kReverse,0.0,11.95,0.0,82,0.0,0.0,12.05,105161.0,3605,0.0,kReverse,kOff,
79,12.1,0.0,0.0,57863.34,0.25,12.0,6.09375,-30879,0.0,0.125,12.05,0.0,0,0.0,0.0,12.0,6.09375,-26867,0.0,0.125,12.0,0.0,0,0.0,false,false,kReverse,0.125,11.95,0.0,82,0.0,0.0,12.05,105161.0,3605,0.0,kReverse,kOff,
105,12.1,0.0,0.0,57863.34,0.25,12.0,6.09375,-30879,0.0,0.125,12.05,0.0,0,0.0,0.0,12.0,6.09375,-26867,0.0,0.0,12.0,0.0,0,0.0,false,false,kReverse,0.25,11.95,0.0,82,0.0,0.0,12.05,105161.0,3605,0.0,kReverse,kOff,
140,12.1,0.0,0.0,57863.34,0.25,12.0,6.09375,-30879,0.0,0.125,12.05,0.0,0,0.0,0.0,12.0,6.09375,-26867,0.0,0.0,12.0,0.0,0,0.0,false,false,kReverse,0.375,11.95,0.0,82,0.0,0.25,12.05,105161.0,3605,0.0,kReverse,kOff,
179,12.1,0.0,0.0,57863.34,0.25,12.0,6.09375,-30879,0.0,0.125,12.05,0.0,0,0.0,0.0,12.0,6.09375,-26867,0.0,0.0,12.0,0.0,0,0.0,false,false,kReverse,0.375,11.9,0.0,82,0.0,0.25,12.05,105161.0,3605,0.0,kReverse,kOff,
205,12.1,0.0,0.0,57863.34,0.25,12.0,6.09375,-30879,0.0,0.125,12.05,0.0,0,0.0,0.0,12.0,6.09375,-26867,0.0,0.0,12.0,0.0,0,0.0,false,false,kReverse,0.375,11.9,0.0,82,0.0,0.0,12.05,105161.0,3605,0.0,kReverse,kOff,
238,12.1,0.0,0.0,57863.34,0.25,12.0,6.09375,-30879,0.0,0.125,12.05,0.0,0,0.0,0.0,12.0,6.09375,-26867,0.0,0.0,12.0,0.0,0,0.0,false,false,kReverse,0.375,11.9,0.0,82,0.0,0.0,12.05,105161.0,3605,0.0,kReverse,kOff,
264,12.05,0.0,0.0,57863.34,0.25,12.0,6.09375,-30879,0.0,0.125,12.05,0.0,0,0.0,0.0,12.0,6.09375,-26867,0.0,0.0,12.0,0.0,0,0.0,false,false,kReverse,0.375,11.9,0.0,82,0.0,0.25,12.05,105161.0,3605,0.0,kReverse,kOff,
300,12.1,0.0,0.0,57863.34,0.25,12.0,6.09375,-30879,0.0,0.125,12.0,0.0,0,0.0,0.0,12.0,6.09375,-26867,0.0,0.0,12.0,0.0,0,0.0,false,false,kReverse,0.375,11.9,0.0,82,0.0,0.25,12.05,105161.0,3605,0.0,kReverse,kOff,
325,12.1,0.0,0.0,57863.34,0.25,12.0,6.09375,-30879,0.0,0.125,12.0,0.0,0,0.0,0.0,12.0,6.09375,-26867,0.0,0.0,12.0,0.0,0,0.0,false,false,kReverse,0.375,11.9,0.0,82,0.0,0.25,12.05,105161.0,3605,0.0,kReverse,kOff,
359,12.1,0.0,0.0,57863.34,0.25,12.0,6.09375,-30879,0.0,0.125,12.0,0.0,0,0.0,0.0,12.0,6.09375,-26867,0.0,0.0,12.0,0.0,0,0.0,false,false,kReverse,0.375,11.9,0.0,82,0.0,0.25,12.05,105161.0,3605,0.0,kReverse,kOff,
386,12.1,0.0,0.0,57863.34,0.25,12.0,6.09375,-30879,0.0,0.125,12.0,0.0,0,0.0,0.0,12.0,6.09375,-26867,0.0,0.0,12.0,0.0,0,0.0,false,false,kReverse,0.375,11.9,0.0,82,0.0,0.25,12.05,105161.0,3605,0.0,kReverse,kOff,
419,12.05,0.0,0.0,57863.34,0.25,12.0,6.09375,-30879,0.0,0.125,12.0,0.0,0,0.0,0.0,12.0,6.09375,-26867,0.0,0.0,12.0,0.0,0,0.0,false,false,kReverse,0.375,11.9,0.0,82,0.0,0.0,12.05,105161.0,3605,0.0,kReverse,kOff,
446,12.05,0.0,0.0,57863.34,0.25,12.0,6.09375,-30879,0.0,0.125,12.0,0.0,0,0.0,0.0,12.0,6.09375,-26867,0.0,0.0,12.0,0.0,0,0.0,false,false,kReverse,0.375,11.9,0.0,82,0.0,0.0,12.05,105161.0,3605,0.0,kReverse,kOff,
481,12.1,0.0,0.0,57863.34,0.25,12.0,6.09375,-30879,0.0,0.125,12.0,0.0,0,0.0,0.0,12.0,6.09375,-26867,0.0,0.125,12.0,0.0,0,0.0,false,false,kReverse,0.375,11.9,0.0,82,0.0,0.0,12.05,105161.0,3605,0.0,kReverse,kOff,
518,12.05,0.0,0.0,57863.34,0.25,12.0,6.09375,-30879,0.0,0.125,12.0,0.0,0,0.0,0.0,12.0,6.09375,-26867,0.0,0.125,12.0,0.0,0,0.0,false,false,kReverse,0.375,11.9,0.0,82,0.0,0.0,12.0,105161.0,3605,0.0,kReverse,kOff,
559,12.05,0.0,0.0,57863.34,0.25,12.0,6.09375,-30879,0.0,0.125,12.0,0.0,0,0.0,0.0,12.0,6.09375,-26867,0.0,0.0,12.0,0.0,0,0.0,false,false,kReverse,0.375,11.9,0.0,82,0.0,0.0,12.0,105161.0,3605,0.0,kReverse,kOff,
583,12.1,0.0,0.0,57863.34,0.25,12.0,6.09375,-30879,0.0,0.125,12.0,0.0,0,0.0,0.0,12.0,6.09375,-26867,0.0,0.0,12.0,0.0,0,0.0,false,false,kReverse,0.375,11.9,0.0,82,0.0,0.0,12.0,105161.0,3605,0.0,kReverse,kOff,
620,12.05,0.0,0.0,57863.34,0.25,12.0,6.09375,-30879,0.0,0.125,12.05,0.0,0,0.0,0.0,12.0,6.09375,-26867,0.0,0.125,12.0,0.0,0,0.0,false,false,kReverse,0.375,11.9,0.0,82,0.0,0.0,12.0,105161.0,3605,0.0,kReverse,kOff,
642,12.05,0.0,0.0,57863.34,0.25,12.0,6.09375,-30879,0.0,0.125,12.05,0.0,0,0.0,0.0,12.0,6.09375,-26867,0.0,0.125,12.0,0.0,0,0.0,false,false,kReverse,0.375,11.9,0.0,82,0.0,0.0,12.0,105161.0,3605,0.0,kReverse,kOff,
680,12.05,0.0,0.0,57863.34,0.25,12.0,6.09375,-30879,0.0,0.125,12.05,0.0,0,0.0,0.0,12.0,6.09375,-26867,0.0,0.125,12.0,0.0,0,0.0,false,false,kReverse,0.375,11.9,0.0,82,0.0,0.0,12.05,105161.0,3605,0.0,kReverse,kOff,
704,12.05,0.0,0.0,57863.34,0.25,12.0,6.09375,-30879,0.0,0.125,12.05,0.0,0,0.0,0.0,12.0,6.09375,-26867,0.0,0.125,12.0,0.0,0,0.0,false,false,kReverse,0.375,11.9,0.0,82,0.0,0.0,12.05,105161.0,3605,0.0,kReverse,kOff,
739,12.1,0.0,0.0,57863.34,0.25,12.0,6.09375,-30879,0.0,0.125,12.05,0.0,0,0.0,0.0,12.0,6.09375,-26867,0.0,0.125,12.0,0.0,0,0.0,false,false,kReverse,0.375,11.9,0.0,82,0.0,0.0,12.05,105161.0,3605,0.0,kReverse,kOff,
761,12.1,0.0,0.0,57863.34,0.25,12.0,6.09375,-30879,0.0,0.125,12.05,0.0,0,0.0,0.0,12.0,6.09375,-26867,0.0,0.0,12.0,0.0,0,0.0,false,false,kReverse,0.375,11.9,0.0,82,0.0,0.0,12.05,105161.0,3605,0.0,kReverse,kOff,
798,12.1,0.0,0.0,57863.34,0.25,12.0,6.09375,-30879,0.0,0.125,12.0,0.0,0,0.0,0.0,12.0,6.09375,-26867,0.0,0.0,12.0,0.0,0,0.0,false,false,kReverse,0.375,11.9,0.0,82,0.0,0.25,12.05,105161.0,3605,0.0,kReverse,kOff,
822,12.1,0.0,0.0,57863.34,0.25,12.0,6.09375,-30879,0.0,0.125,12.0,0.0,0,0.0,0.0,12.0,6.09375,-26867,0.0,0.0,12.0,0.0,0,0.0,false,false,kReverse,0.375,11.9,0.0,82,0.0,0.0,12.0,105161.0,3605,0.0,kReverse,kOff,
859,12.1,0.0,0.0,57863.34,0.25,12.0,6.09375,-30879,0.0,0.125,12.0,0.0,0,0.0,0.0,12.0,6.09375,-26867,0.0,0.125,12.0,0.0,0,0.0,false,false,kReverse,0.375,11.9,0.0,82,0.0,0.0,12.0,105161.0,3605,0.0,kReverse,kOff,
882,12.1,0.0,0.0,57863.34,0.25,12.0,6.09375,-30879,0.0,0.125,12.0,0.0,0,0.0,0.0,12.0,6.09375,-26867,0.0,0.125,12.0,0.0,0,0.0,false,false,kReverse,0.375,11.9,0.0,82,0.0,0.0,12.0,105161.0,3605,0.0,kReverse,kOff,
919,12.1,0.0,0.0,57863.34,0.25,12.0,6.09375,-30879,0.0,0.125,12.0,0.0,0,0.0,0.0,12.0,6.09375,-26867,0.0,0.0,12.0,0.0,0,0.0,false,false,kReverse,0.375,11.9,0.0,82,0.0,0.0,12.0,105161.0,3605,0.0,kReverse,kOff,
942,12.1,0.0,0.0,57863.34,0.25,12.0,6.09375,-30879,0.0,0.125,12.05,0.0,0,0.0,0.0,12.0,6.09375,-26867,0.0,0.0,12.0,0.0,0,0.0,false,false,kReverse,0.375,11.9,0.0,82,0.0,0.0,12.0,105161.0,3605,0.0,kReverse,kOff,
979,12.1,0.0,0.0,57863.34,0.25,12.0,6.09375,-30879,0.0,0.125,12.05,0.0,0,0.0,0.0,12.0,6.09375,-26867,0.0,0.125,12.0,0.0,0,0.0,false,false,kReverse,0.375,11.9,0.0,82,0.0,0.0,12.0,105161.0,3605,0.0,kReverse,kOff,
1003,12.1,0.0,0.0,57863.34,0.25,12.0,6.09375,-30879,0.0,0.125,12.05,0.0,0,0.0,0.0,12.0,6.09375,-26867,0.0,0.125,12.0,0.0,0,0.0,false,false,kReverse,0.375,11.9,0.0,82,0.0,0.0,12.0,105161.0,3605,0.0,kReverse,kOff,
1038,12.1,0.0,0.0,57863.34,0.25,12.0,6.09375,-30879,0.0,0.125,12.05,0.0,0,0.0,0.0,12.0,6.09375,-26867,0.0,0.0,12.0,0.0,0,0.0,false,false,kReverse,0.375,11.9,0.0,82,0.0,0.0,12.0,105161.0,3605,0.0,kReverse,kOff,
1061,12.1,0.0,0.0,57863.34,0.25,12.0,6.09375,-30879,0.0,0.125,12.05,0.0,0,0.0,0.0,12.0,6.09375,-26867,0.0,0.0,12.0,0.0,0,0.0,false,false,kReverse,0.375,11.9,0.0,82,0.0,0.0,12.0,105161.0,3605,0.0,kReverse,kOff,
1100,12.1,0.0,0.0,57863.34,0.25,12.0,6.09375,-30879,0.0,0.125,12.05,0.0,0,0.0,0.0,12.0,6.09375,-26867,0.0,0.0,12.0,0.0,0,0.0,false,false,kReverse,0.375,11.9,0.0,82,0.0,0.0,12.0,105161.0,3605,0.0,kReverse,kOff,
1124,12.1,0.0,0.0,57863.34,0.25,12.0,6.09375,-30879,0.0,0.125,12.05,0.0,0,0.0,0.0,12.0,6.09375,-26867,0.0,0.0,12.0,0.0,0,0.0,false,false,kReverse,0.375,11.9,0.0,82,0.0,0.0,12.0,105161.0,3605,0.0,kReverse,kOff,
1159,12.1,0.0,0.0,57863.34,0.25,12.0,6.09375,-30879,0.0,0.125,12.05,0.0,0,0.0,0.0,12.0,6.09375,-26867,0.0,0.125,12.0,0.0,0,0.0,false,false,kReverse,0.375,11.9,0.0,82,0.0,0.0,12.0,105161.0,3605,0.0,kReverse,kOff,
1183,12.1,0.0,0.0,57863.34,0.25,12.0,6.09375,-30879,0.0,0.125,12.05,0.0,0,0.0,0.0,12.0,6.09375,-26867,0.0,0.125,12.0,0.0,0,0.0,false,false,kReverse,0.375,11.9,0.0,82,0.0,0.0,12.0,105161.0,3605,0.0,kReverse,kOff,
1219,12.1,0.0,0.0,57863.34,0.25,12.0,6.09375,-30879,0.0,0.125,12.05,0.0,0,0.0,0.0,12.0,6.09375,-26867,0.0,0.0,12.0,0.0,0,0.0,false,false,kReverse,0.375,11.9,0.0,82,0.0,0.0,12.0,105161.0,3605,0.0,kReverse,kOff,
1243,12.05,0.0,0.0,57863.34,0.25,12.0,6.09375,-30879,0.0,0.125,12.05,0.0,0,0.0,0.0,12.0,6.09375,-26867,0.0,0.0,12.0,0.0,0,0.0,false,false,kReverse,0.375,11.9,0.0,82,0.0,0.0,12.0,105161.0,3605,0.0,kReverse,kOff,
1278,12.05,0.0,0.0,57863.34,0.25,12.0,6.09375,-30879,0.0,0.125,12.0,0.0,0,0.0,0.0,12.0,6.09375,-26867,0.0,0.125,12.0,0.0,0,0.0,false,false,kReverse,0.375,11.9,0.0,82,0.0,0.0,12.0,105161.0,3605,0.0,kReverse,kOff,
1303,12.05,0.0,0.0,57863.34,0.25,12.0,6.09375,-30879,0.0,0.125,12.0,0.0,0,0.0,0.0,12.0,6.09375,-26867,0.0,0.125,12.0,0.0,0,0.0,false,false,kReverse,0.375,11.9,0.0,82,0.0,0.0,12.0,105161.0,3605,0.0,kReverse,kOff,
1340,12.05,0.0,0.0,57863.34,0.25,12.0,6.09375,-30879,0.0,0.125,12.0,0.0,0,0.0,0.0,12.0,6.09375,-26867,0.0,0.125,12.0,0.0,0,0.0,false,false,kReverse,0.375,11.9,0.0,82,0.0,0.0,12.0,105161.0,3605,0.0,kReverse,kOff,
1363,12.05,0.0,0.0,57863.34,0.25,12.0,6.09375,-30879,0.0,0.125,12.0,0.0,0,0.0,0.0,12.0,6.09375,-26867,0.0,0.125,12.0,0.0,0,0.0,false,false,kReverse,0.375,11.9,0.0,82,0.0,0.0,12.0,105161.0,3605,0.0,kReverse,kOff,
1399,12.1,0.0,0.0,57863.34,0.25,12.0,6.09375,-30879,0.0,0.125,12.0,0.0,0,0.0,0.0,12.0,6.09375,-26867,0.0,0.0,12.0,0.0,0,0.0,false,false,kReverse,0.375,11.9,0.0,82,0.0,0.0,12.0,105161.0,3605,0.0,kReverse,kOff,
1423,12.05,0.0,0.0,57863.34,0.25,12.0,6.09375,-30879,0.0,0.125,12.0,0.0,0,0.0,0.0,12.0,6.09375,-26867,0.0,0.0,12.0,0.0,0,0.0,false,false,kReverse,0.375,11.9,0.0,82,0.0,0.25,12.0,105161.0,3605,0.0,kReverse,kOff,
1460,12.05,0.0,0.0,57863.34,0.25,12.0,6.09375,-30879,0.0,0.125,12.0,0.0,0,0.0,0.0,12.0,6.09375,-26867,0.0,0.0,12.0,0.0,0,0.0,false,false,kReverse,0.375,11.9,0.0,82,0.0,0.25,12.0,105161.0,3605,0.0,kReverse,kOff,
1486,12.05,0.0,0.0,57863.34,0.25,12.0,6.09375,-30879,0.0,0.125,12.0,0.0,0,0.0,0.0,12.0,6.09375,-26867,0.0,0.0,12.0,0.0,0,0.0,false,false,kReverse,0.375,11.9,0.0,82,0.0,0.25,12.0,105161.0,3605,0.0,kReverse,kOff,
1521,12.05,0.0,0.0,57863.34,0.25,12.0,6.09375,-30879,0.0,0.125,12.0,0.0,0,0.0,0.125,12.0,6.09375,-26867,0.0,0.0,12.0,0.0,0,0.0,false,false,kReverse,0.375,11.9,0.0,82,0.0,0.25,12.0,105161.0,3605,0.0,kReverse,kOff,
1546,12.05,0.0,0.0,57863.34,0.25,12.0,6.09375,-30879,0.0,0.125,12.0,0.0,0,0.0,0.125,12.0,6.09375,-26867,0.0,0.0,12.0,0.0,0,0.0,false,false,kReverse,0.375,11.9,0.0,82,0.0,0.0,12.0,105161.0,3605,0.0,kReverse,kOff,
1579,12.05,0.0,0.0,57863.34,0.25,12.0,6.09375,-30879,0.0,0.125,12.0,0.0,0,0.0,0.0,12.0,6.09375,-26867,0.0,0.0,12.0,0.0,0,0.0,false,false,kReverse,0.375,11.9,0.0,82,0.0,0.0,12.0,105161.0,3605,0.0,kReverse,kOff,
1604,12.05,0.0,0.0,57863.34,0.25,12.0,6.09375,-30879,0.0,0.125,12.0,0.0,0,0.0,0.0,12.0,6.09375,-26867,0.0,0.0,12.0,0.0,0,0.0,false,false,kForward,0.375,11.9,0.0,82,0.0,0.0,12.0,105161.0,3605,0.0,kReverse,kOff,
1638,12.05,0.0,0.0,57863.34,0.25,12.0,6.09375,-30879,0.0,0.125,12.0,0.0,0,0.0,0.0,11.95,6.09375,-26867,0.0,0.0,12.0,0.0,0,0.0,false,false,kForward,0.375,11.9,0.0,82,0.0,0.0,12.0,105161.0,3605,0.0,kReverse,kOff,
1662,12.05,0.0,0.0,57863.34,0.25,12.0,6.09375,-30879,0.0,0.125,12.0,0.0,0,0.0,0.0,11.95,6.09375,-26867,0.0,0.0,12.0,0.0,0,0.0,false,false,kForward,0.375,11.9,0.0,82,0.0,0.0,12.0,105161.0,3605,0.0,kReverse,kOff,
1698,12.05,0.0,0.0,57863.34,0.25,12.0,6.09375,-30879,0.0,0.125,12.0,0.0,0,0.0,0.0,11.95,6.09375,-26867,0.0,0.0,12.0,0.0,0,0.0,false,false,kForward,0.375,11.9,0.0,82,0.0,0.0,12.0,105161.0,3605,0.0,kReverse,kOff,
1723,12.1,0.0,0.0,57863.34,0.25,12.0,6.09375,-30879,0.0,0.125,12.0,0.0,0,0.0,0.0,11.95,6.09375,-26867,0.0,0.0,12.0,0.0,0,0.0,false,false,kForward,0.375,11.9,0.0,82,0.0,0.0,12.0,105161.0,3605,0.0,kReverse,kOff,
1758,12.1,0.0,0.0,57863.34,0.25,12.0,6.09375,-30879,0.0,0.125,12.0,0.0,0,0.0,0.0,11.95,6.09375,-26867,0.0,0.0,12.0,0.0,0,0.0,false,false,kForward,0.375,11.9,0.0,82,0.0,0.0,12.0,105161.0,3605,0.0,kReverse,kOff,
1783,12.1,0.0,0.0,57863.34,0.25,12.0,6.09375,-30879,0.0,0.125,12.0,0.0,0,0.0,0.0,12.0,6.09375,-26867,0.0,0.0,12.0,0.0,0,0.0,false,false,kForward,0.375,11.9,0.0,82,0.0,0.0,12.0,105161.0,3605,0.0,kReverse,kOff,
1819,12.1,0.0,0.0,57863.34,0.25,12.0,6.09375,-30879,0.0,0.125,12.0,0.0,0,0.0,0.0,12.0,6.09375,-26867,0.0,0.125,12.0,0.0,0,0.0,false,false,kForward,0.375,11.9,0.0,82,0.0,0.0,12.0,105161.0,3605,0.0,kReverse,kOff,
1844,12.1,0.0,0.0,57863.34,0.25,12.0,6.09375,-30879,0.0,0.125,12.0,0.0,0,0.0,0.0,12.0,6.09375,-26867,0.0,0.0,12.0,0.0,0,0.0,false,false,kForward,0.375,11.9,0.0,82,0.0,0.0,12.0,105161.0,3605,0.0,kReverse,kOff,
1878,12.1,0.0,0.0,57863.34,0.25,12.0,6.09375,-30879,0.0,0.125,12.0,0.0,0,0.0,0.0,12.0,6.09375,-26867,0.0,0.0,12.0,0.0,0,0.0,false,false,kForward,0.375,11.9,0.0,82,0.0,0.0,12.0,105161.0,3605,0.0,kReverse,kOff,
1903,12.1,0.0,0.0,57863.34,0.25,12.0,6.09375,-30879,0.0,0.125,12.0,0.0,0,0.0,0.0,12.0,6.09375,-26867,0.0,0.0,12.0,0.0,0,0.0,false,false,kForward,0.375,11.9,0.0,82,0.0,0.0,12.0,105161.0,3605,0.0,kReverse,kOff,
1938,12.1,0.0,0.0,57863.34,0.25,12.0,6.09375,-30879,0.0,0.125,12.0,0.0,0,0.0,0.0,12.0,6.09375,-26867,0.0,0.0,12.0,0.0,0,0.0,false,false,kForward,0.375,11.9,0.0,82,0.0,0.0,12.0,105161.0,3605,0.0,kReverse,kOff,
1962,12.1,0.0,0.0,57863.34,0.25,12.0,6.09375,-30879,0.0,0.125,12.0,0.0,0,0.0,0.0,12.0,6.09375,-26867,0.0,0.0,12.0,0.0,0,0.0,false,false,kForward,0.375,11.9,0.0,82,0.0,0.25,12.0,105161.0,3605,0.0,kReverse,kOff,
2000,12.1,0.0,0.0,57863.34,0.25,12.0,6.09375,-30879,0.0,0.125,12.0,0.0,0,0.0,0.0,12.0,6.09375,-26867,0.0,0.0,12.0,0.0,0,0.0,false,false,kForward,0.375,11.9,0.0,82,0.0,0.25,12.0,105161.0,3605,0.0,kReverse,kOff,
2023,12.1,0.0,0.0,57863.34,0.25,12.0,6.09375,-30879,0.0,0.125,12.0,0.0,0,0.0,0.0,12.0,6.09375,-26867,0.0,0.0,12.0,0.0,0,0.0,false,false,kForward,0.375,11.9,0.0,82,0.0,0.25,12.0,105161.0,3605,0.0,kReverse,kOff,
2060,12.1,0.0,0.0,57863.34,0.25,12.0,6.09375,-30879,0.0,0.125,12.0,0.0,0,0.0,0.0,12.0,6.09375,-26867,0.0,0.0,12.0,0.0,0,0.0,false,false,kForward,0.375,11.9,0.0,82,0.0,0.25,12.0,105161.0,3605,0.0,kReverse,kOff,
2083,12.1,0.0,0.0,57863.34,0.25,12.0,6.09375,-30879,0.0,0.125,12.0,0.0,0,0.0,0.0,11.95,6.09375,-26867,0.0,0.0,12.0,0.0,0,0.0,false,false,kForward,0.375,11.9,0.0,82,0.0,0.0,12.0,105161.0,3605,0.0,kReverse,kOff,
2119,12.1,0.0,0.0,57863.34,0.25,12.0,6.09375,-30879,0.0,0.125,12.0,0.0,0,0.0,0.0,11.95,6.09375,-26867,0.0,0.125,12.0,0.0,0,0.0,false,false,kForward,0.375,11.9,0.0,82,0.0,0.0,12.0,105161.0,3605,0.0,kReverse,kOff,
2144,12.1,0.0,0.0,57863.34,0.25,12.0,6.09375,-30879,0.0,0.125,12.0,0.0,0,0.0,0.0,11.95,6.09375,-26867,0.0,0.125,12.0,0.0,0,0.0,false,false,kForward,0.375,11.9,0.0,82,0.0,0.0,12.0,105161.0,3605,0.0,kReverse,kOff,
2178,12.1,0.0,0.0,57863.34,0.25,12.0,6.09375,-30879,0.0,0.125,12.0,0.0,0,0.0,0.0,11.95,6.09375,-26867,0.0,0.125,12.0,0.0,0,0.0,false,false,kForward,0.375,11.9,0.0,82,0.0,0.0,12.0,105161.0,3605,0.0,kReverse,kOff,
2202,12.1,0.0,0.0,57863.34,0.25,12.0,6.09375,-30879,0.0,0.125,12.0,0.0,0,0.0,0.0,11.95,6.09375,-26867,0.0,0.0,12.0,0.0,0,0.0,false,false,kForward,0.25,11.9,0.0,82,0.0,0.0,12.0,105161.0,3605,0.0,kReverse,kOff,
2239,12.05,0.0,0.0,57863.34,0.25,12.0,6.09375,-30879,0.0,0.125,12.0,0.0,0,0.0,0.0,11.95,6.09375,-26867,0.0,0.0,12.0,0.0,0,0.0,false,false,kForward,0.25,11.9,0.0,82,0.0,0.0,12.0,105161.0,3605,0.0,kReverse,kOff,
2262,12.05,0.0,0.0,57863.34,0.25,12.0,6.09375,-30879,0.0,0.125,12.0,0.0,0,0.0,0.0,12.0,6.09375,-26867,0.0,0.0,12.0,0.0,0,0.0,false,false,kForward,0.25,11.9,0.0,85,0.0,0.0,12.0,105161.0,3605,0.0,kReverse,kOff,
2298,12.05,0.0,0.0,57863.34,0.25,12.0,6.09375,-30879,0.0,0.125,12.0,0.0,0,0.0,0.0,12.0,6.09375,-26867,0.0,0.0,12.0,0.0,0,0.0,false,false,kForward,0.75,11.9,0.0,85,0.0,0.0,12.0,105161.0,3605,0.0,kReverse,kOff,
2321,12.05,0.0,0.0,57863.34,0.25,12.0,6.09375,-30879,0.0,0.125,12.0,0.0,0,0.0,0.0,12.0,6.09375,-26867,0.0,0.125,12.0,0.0,0,0.0,false,false,kForward,0.875,11.9,0.0,85,0.0,0.0,12.0,105161.0,3605,0.0,kReverse,kOff,
2358,12.05,0.0,0.0,57863.34,0.25,12.0,6.09375,-30879,0.0,0.125,12.0,0.0,0,0.0,0.0,12.0,6.09375,-26867,0.0,0.0,12.0,0.0,0,0.0,false,false,kForward,0.625,11.9,0.0,85,0.0,0.0,12.0,105161.0,3605,0.0,kReverse,kOff,
2382,12.05,0.0,0.0,57863.34,0.25,12.0,6.09375,-30879,0.0,0.125,12.0,0.0,0,0.0,0.0,12.0,6.09375,-26867,0.0,0.0,12.0,0.0,0,0.0,false,false,kForward,0.5,11.9,0.0,85,0.0,0.0,12.0,105161.0,3605,0.0,kReverse,kOff,
2419,12.05,0.0,0.0,57863.34,0.25,12.0,6.09375,-30879,0.0,0.125,12.0,0.0,0,0.0,0.0,11.95,6.09375,-26867,0.0,0.0,12.0,0.0,0,0.0,false,false,kForward,0.5,11.9,0.0,108,8.0,0.0,12.0,105161.0,3605,0.0,kReverse,kOff,
2444,12.05,0.0,0.0,57863.34,0.25,12.0,6.09375,-30879,0.0,0.125,12.0,0.0,0,0.0,0.0,11.95,6.09375,-26867,0.0,0.0,12.0,0.0,0,0.0,false,false,kForward,0.5,11.9,0.0,108,8.0,0.0,12.0,105161.0,3605,0.0,kReverse,kOff,
2480,12.05,0.0,0.0,57863.34,0.25,12.0,6.09375,-30879,0.0,0.125,12.0,0.0,0,0.0,0.0,11.95,6.09375,-26867,0.0,0.0,12.0,0.0,0,0.0,false,false,kForward,0.375,11.9,0.0,108,8.0,0.0,12.0,105161.0,3605,0.0,kReverse,kOff,
2505,12.05,0.0,0.0,57863.34,0.25,12.0,6.09375,-30879,0.0,0.125,12.0,0.0,0,0.0,0.0,11.95,6.09375,-26867,0.0,0.0,12.0,0.0,0,0.0,false,false,kForward,0.375,11.9,0.0,108,8.0,0.0,12.0,105161.0,3605,0.0,kReverse,kOff,
2539,12.05,0.0,0.0,57863.34,0.25,12.0,6.09375,-30879,0.0,0.125,12.0,0.0,0,0.0,0.0,11.95,6.09375,-26867,0.0,0.0,12.0,0.0,0,0.0,false,false,kForward,0.375,11.9,0.0,108,8.0,0.0,12.0,105161.0,3605,0.0,kReverse,kOff,
2562,12.05,0.0,0.0,57863.34,0.25,12.0,6.09375,-30879,0.0,0.125,12.0,0.0,0,0.0,0.0,11.95,6.09375,-26867,0.0,0.0,12.0,0.0,0,0.0,false,false,kForward,0.375,11.9,0.0,108,8.0,0.0,12.0,105161.0,3605,0.0,kReverse,kOff,
2599,12.05,0.0,0.0,57863.34,0.25,12.0,6.09375,-30879,0.0,0.125,12.0,0.0,0,0.0,0.0,11.95,6.09375,-26869,0.0,0.0,12.0,0.0,0,0.0,false,false,kForward,0.5,11.9,0.0,108,0.0,0.0,12.0,105161.0,3605,0.0,kReverse,kOff,
2623,12.05,0.0,0.0,57863.34,0.25,12.0,6.09375,-30879,0.0,0.125,12.0,0.0,0,0.0,0.0,11.95,6.09375,-26869,0.0,0.0,12.0,0.0,0,0.0,false,false,kForward,0.5,11.9,0.0,108,0.0,0.0,12.0,105161.0,3605,0.0,kReverse,kOff,
2658,12.05,0.0,0.0,57863.34,0.25,12.0,6.09375,-30879,0.0,0.125,12.0,0.0,0,0.0,0.125,11.95,6.09375,-26869,0.0,0.125,12.0,0.0,0,0.0,false,false,kForward,0.5,11.9,0.0,108,0.0,0.0,12.0,105161.0,3605,0.0,kReverse,kOff,
2681,12.05,0.0,0.0,57863.34,0.25,12.0,6.09375,-30879,0.0,0.125,12.0,0.0,0,0.0,0.125,11.95,6.09375,-26869,0.0,0.125,12.0,0.0,0,0.0,false,false,kForward,0.5,11.9,0.0,108,0.0,0.0,12.0,105161.0,3605,0.0,kReverse,kOff,
2719,12.05,0.0,0.0,57863.34,0.25,12.0,6.09375,-30879,0.0,0.125,12.0,0.0,0,0.0,0.0,11.95,6.09375,-26869,0.0,0.125,12.0,0.0,0,0.0,false,false,kForward,0.5,11.9,0.0,108,0.0,0.0,12.0,105161.0,3605,0.0,kReverse,kOff,
2742,12.05,0.0,0.0,57863.34,0.25,12.0,6.09375,-30879,0.0,0.125,12.0,0.0,0,0.0,0.0,11.95,6.09375,-26869,0.0,0.125,12.0,0.0,0,0.0,false,false,kForward,0.5,11.9,0.0,108,0.0,0.0,12.0,105161.0,3605,0.0,kReverse,kOff,
2779,12.1,0.0,0.0,57863.34,0.25,12.0,6.09375,-30879,0.0,0.125,12.0,0.0,0,0.0,0.0,11.95,6.09375,-26869,0.0,0.0,12.0,0.0,0,0.0,false,false,kForward,0.375,11.9,0.0,108,0.0,0.0,12.0,105161.0,3605,0.0,kReverse,kOff,
2803,12.1,0.0,0.0,57863.34,0.25,12.0,6.09375,-30879,0.0,0.125,12.0,0.0,0,0.0,0.0,11.95,6.09375,-26869,0.0,0.0,12.0,0.0,0,0.0,false,false,kForward,0.375,11.9,0.0,108,0.0,0.0,12.0,105161.0,3605,0.0,kReverse,kOff,
2839,12.1,0.0,0.0,57863.34,0.25,12.0,6.09375,-30879,0.0,0.125,12.0,0.0,0,0.0,0.0,11.95,6.09375,-26869,0.0,0.0,12.0,0.0,0,0.0,false,false,kForward,0.375,11.9,0.0,108,0.0,0.25,12.0,105161.0,3605,0.0,kReverse,kOff,
2862,12.1,0.0,0.0,57863.34,0.25,12.0,6.09375,-30879,0.0,0.125,12.0,0.0,0,0.0,0.0,11.95,6.09375,-26869,0.0,0.125,12.0,0.0,0,0.0,false,false,kForward,0.5,11.9,0.0,108,0.0,0.0,12.0,105161.0,3605,0.0,kReverse,kOff,
2899,12.05,0.0,0.0,57863.34,0.25,12.0,6.09375,-30879,0.0,0.125,12.0,0.0,0,0.0,0.0,11.95,6.09375,-26869,0.0,0.125,12.0,0.0,0,0.0,false,false,kForward,0.5,11.9,0.0,108,0.0,0.0,12.0,105161.0,3605,0.0,kReverse,kOff,
2924,12.1,0.0,0.0,57863.34,0.25,12.0,6.09375,-30879,0.0,0.125,12.0,0.0,0,0.0,0.0,11.95,6.09375,-26869,0.0,0.125,12.0,0.0,0,0.0,false,false,kForward,0.5,11.9,0.0,108,0.0,0.0,12.0,105161.0,3605,0.0,kReverse,kOff,
2958,12.1,0.0,0.0,57863.34,0.25,12.0,6.09375,-30879,0.0,0.125,12.0,0.0,0,0.0,0.125,11.95,6.09375,-26869,0.0,0.125,12.0,0.0,0,0.0,false,false,kForward,0.5,11.9,0.0,108,0.0,0.25,12.0,105161.0,3605,0.0,kReverse,kOff,
2980,12.1,0.0,0.0,57863.34,0.25,12.0,6.09375,-30879,0.0,0.125,12.0,0.0,0,0.0,0.125,11.95,6.09375,-26869,0.0,0.125,12.0,0.0,0,0.0,false,false,kForward,0.5,11.9,0.0,108,0.0,0.0,12.0,105161.0,3605,0.0,kReverse,kOff,
3005,12.1,0.0,0.0,57863.34,0.25,12.0,6.09375,-30879,0.0,0.125,12.0,0.0,0,0.0,0.0,11.95,6.09375,-26869,0.0,0.0,12.0,0.0,0,0.0,false,false,kForward,0.5,11.9,0.0,108,0.0,0.0,12.0,105161.0,3605,0.0,kReverse,kOff,
3039,12.1,0.0,0.0,57863.34,0.25,12.0,6.09375,-30879,0.0,0.125,12.0,0.0,0,0.0,0.0,11.95,6.09375,-26869,0.0,0.0,12.0,0.0,0,0.0,false,false,kForward,0.5,11.9,0.0,108,0.0,0.0,12.0,105161.0,3605,0.0,kReverse,kOff,
3061,12.1,0.0,0.0,57863.34,0.25,12.0,6.09375,-30879,0.0,0.125,12.0,0.0,0,0.0,0.0,11.95,6.09375,-26869,0.0,0.0,12.0,0.0,0,0.0,false,false,kForward,0.5,11.9,0.0,108,0.0,0.0,12.0,105161.0,3605,0.0,kReverse,kOff,
3099,12.1,0.0,0.0,57863.34,0.25,12.0,6.09375,-30879,0.0,0.125,12.0,0.0,0,0.0,0.0,11.95,6.09375,-26869,0.0,0.0,12.0,0.0,0,0.0,false,false,kForward,0.5,11.9,0.0,108,0.0,0.0,12.0,105161.0,3605,0.0,kReverse,kOff,
3122,12.1,0.0,0.0,57863.34,0.25,12.0,6.09375,-30879,0.0,0.125,12.0,0.0,0,0.0,0.0,11.95,6.09375,-26869,0.0,0.0,12.0,0.0,0,0.0,false,false,kForward,0.5,11.9,0.0,108,0.0,0.0,12.0,105161.0,3605,0.0,kReverse,kOff,
3159,12.1,0.0,0.0,57863.34,0.25,12.0,6.09375,-30879,0.0,0.125,12.0,0.0,0,0.0,0.0,11.95,6.09375,-26869,0.0,0.0,12.0,0.0,0,0.0,false,false,kForward,0.5,11.9,0.0,108,0.0,0.0,12.0,105161.0,3605,0.0,kReverse,kOff,
3183,12.1,0.0,0.0,57863.34,0.25,12.0,6.09375,-30879,0.0,0.125,12.0,0.0,0,0.0,0.0,11.95,6.09375,-26869,0.0,0.0,12.0,0.0,0,0.0,false,false,kForward,0.5,11.9,0.0,108,0.0,0.0,12.0,105161.0,3605,0.0,kReverse,kOff,
3220,12.05,0.0,0.0,57863.34,0.25,12.0,6.09375,-30879,0.0,0.125,12.0,0.0,0,0.0,0.0,11.95,6.09375,-26869,0.0,0.125,12.0,0.0,0,0.0,false,false,kForward,0.5,11.9,0.0,108,0.0,0.0,12.0,105161.0,3605,0.0,kReverse,kOff,
3244,12.05,0.0,0.0,57863.34,0.25,12.0,6.09375,-30879,0.0,0.125,12.0,0.0,0,0.0,0.0,11.95,6.09375,-26869,0.0,0.125,12.0,0.0,0,0.0,false,false,kForward,0.5,11.9,0.0,108,0.0,0.0,12.0,105161.0,3605,0.0,kReverse,kOff,
3278,12.05,0.0,0.0,57863.34,0.25,12.0,6.09375,-30879,0.0,0.125,12.0,0.0,0,0.0,0.0,11.95,6.09375,-26869,0.0,0.0,12.0,0.0,0,0.0,false,false,kForward,0.5,11.9,0.0,108,0.0,0.0,12.0,105161.0,3605,0.0,kReverse,kOff,
3302,12.05,0.0,0.0,57863.34,0.25,12.0,6.09375,-30879,0.0,0.125,12.0,0.0,0,0.0,0.0,11.95,6.09375,-26869,0.0,0.0,12.0,0.0,0,0.0,false,false,kForward,0.5,11.9,0.0,108,0.0,0.0,12.0,105161.0,3605,0.0,kReverse,kOff,
3339,12.05,0.0,0.0,57863.34,0.25,12.0,6.09375,-30879,0.0,0.125,12.0,0.0,0,0.0,0.0,11.95,6.09375,-26869,0.0,0.125,12.0,0.0,0,0.0,false,false,kForward,0.5,11.9,0.0,108,0.0,0.25,12.0,105161.0,3605,0.0,kReverse,kOff,
3364,12.05,0.0,0.0,57863.34,0.25,12.0,6.09375,-30879,0.0,0.125,12.0,0.0,0,0.0,0.0,11.95,6.09375,-26869,0.0,0.125,12.0,0.0,0,0.0,false,false,kForward,0.5,11.9,0.0,108,0.0,0.0,12.0,105161.0,3605,0.0,kReverse,kOff,
3399,12.05,0.0,0.0,57863.34,0.25,12.0,6.09375,-30879,0.0,0.125,12.0,0.0,0,0.0,0.0,11.95,6.09375,-26869,0.0,0.0,12.0,0.0,0,0.0,false,false,kForward,0.5,11.9,0.0,108,0.0,0.0,12.0,105161.0,3605,0.0,kReverse,kOff,
3424,12.05,0.0,0.0,57863.34,0.25,12.0,6.09375,-30879,0.0,0.125,12.0,0.0,0,0.0,0.0,11.95,6.09375,-26869,0.0,0.0,12.0,0.0,0,0.0,false,false,kForward,0.5,11.9,0.0,108,0.0,0.25,12.0,105161.0,3605,0.0,kReverse,kOff,
3459,12.05,0.0,0.0,57863.34,0.25,12.0,6.09375,-30879,0.0,0.125,12.0,0.0,0,0.0,0.0,11.95,6.09375,-26869,0.0,0.0,12.0,0.0,0,0.0,false,false,kForward,0.5,11.9,0.0,108,0.0,0.0,12.0,105161.0,3605,0.0,kReverse,kOff,
3483,12.05,0.0,0.0,57863.34,0.25,12.0,6.09375,-30879,0.0,0.125,12.0,0.0,0,0.0,0.0,11.95,6.09375,-26869,0.0,0.0,12.0,0.0,0,0.0,false,false,kForward,0.5,11.9,0.0,108,0.0,0.0,12.0,105161.0,3605,0.0,kReverse,kOff,
3519,12.05,0.0,0.0,57863.34,0.25,12.0,6.09375,-30879,0.0,0.125,12.0,0.0,0,0.0,0.0,11.95,6.09375,-26869,0.0,0.0,12.0,0.0,0,0.0,false,false,kForward,0.5,11.9,0.0,108,0.0,0.0,12.0,105161.0,3605,0.0,kReverse,kOff,
3543,12.05,0.0,0.0,57863.34,0.25,12.0,6.09375,-30879,0.0,0.125,12.0,0.0,0,0.0,0.0,11.95,6.09375,-26869,0.0,0.0,12.0,0.0,0,0.0,false,false,kForward,0.5,11.9,0.0,108,0.0,0.0,12.0,105161.0,3605,0.0,kReverse,kOff,
3579,12.05,0.0,0.0,57863.34,0.25,12.0,6.09375,-30879,0.0,0.125,12.0,0.0,0,0.0,0.0,11.95,6.09375,-26869,0.0,0.125,12.0,0.0,0,0.0,false,false,kForward,0.5,11.9,0.0,108,0.0,0.0,12.0,105161.0,3605,0.0,kReverse,kOff,
3604,12.05,0.0,0.0,57863.34,0.25,12.0,6.09375,-30879,0.0,0.125,12.0,0.0,0,0.0,0.0,11.95,6.09375,-26869,0.0,0.125,12.0,0.0,0,0.0,false,false,kReverse,0.5,11.9,0.0,108,0.0,0.0,12.0,105161.0,3605,0.0,kReverse,kOff,
3640,12.05,0.0,0.0,57863.34,0.25,12.0,6.09375,-30879,0.0,0.125,12.0,0.0,0,0.0,0.0,11.95,6.09375,-26869,0.0,0.125,12.0,0.0,0,0.0,false,false,kReverse,0.5,11.9,0.0,108,0.0,0.0,12.0,105161.0,3605,0.0,kReverse,kOff,
3665,12.05,0.0,0.0,57863.34,0.25,12.0,6.09375,-30879,0.0,0.125,12.0,0.0,0,0.0,0.0,11.95,6.09375,-26869,0.0,0.125,12.0,0.0,0,0.0,false,false,kReverse,0.5,11.9,0.0,108,0.0,0.0,12.0,105161.0,3605,0.0,kReverse,kOff,
3699,12.05,0.0,0.0,57863.34,0.25,12.0,6.09375,-30879,0.0,0.125,12.0,0.0,0,0.0,0.0,11.95,6.09375,-26869,0.0,0.0,12.0,0.0,0,0.0,false,false,kReverse,0.5,11.9,0.0,108,0.0,0.0,12.0,105161.0,3605,0.0,kReverse,kOff,
3725,12.05,0.0,0.0,57863.34,0.25,12.0,6.09375,-30879,0.0,0.125,12.0,0.0,0,0.0,0.0,11.95,6.09375,-26869,0.0,0.0,12.0,0.0,0,0.0,false,false,kReverse,0.5,11.9,0.0,108,0.0,0.0,12.0,105161.0,3605,0.0,kReverse,kOff,
3759,12.1,0.0,0.0,57863.34,0.25,12.0,6.09375,-30879,0.0,0.125,12.0,0.0,0,0.0,0.0,11.95,6.09375,-26869,0.0,0.0,12.0,0.0,0,0.0,false,false,kReverse,0.5,11.9,0.0,108,0.0,0.0,12.0,105161.0,3605,0.0,kReverse,kOff,
3783,12.05,0.0,0.0,57863.34,0.25,12.0,6.09375,-30879,0.0,0.125,12.0,0.0,0,0.0,0.0,11.95,6.09375,-26869,0.0,0.0,12.0,0.0,0,0.0,false,false,kReverse,0.5,11.9,0.0,108,0.0,0.0,12.0,105161.0,3605,0.0,kReverse,kOff,
3819,12.1,0.0,0.0,57863.34,0.25,12.0,6.09375,-30879,0.0,0.125,12.0,0.0,0,0.0,0.0,11.95,6.09375,-26869,0.0,0.125,12.0,0.0,0,0.0,false,false,kReverse,0.5,11.9,0.0,108,0.0,0.0,12.0,105161.0,3605,0.0,kReverse,kOff,
3843,12.1,0.0,0.0,57863.34,0.25,12.0,6.09375,-30879,0.0,0.125,12.0,0.0,0,0.0,0.0,11.95,6.09375,-26869,0.0,0.0,12.0,0.0,0,0.0,false,false,kReverse,0.5,11.9,0.0,108,0.0,0.0,12.0,105161.0,3605,0.0,kReverse,kOff,
3878,12.1,0.0,0.0,57863.34,0.25,12.0,6.09375,-30879,0.0,0.125,12.0,0.0,0,0.0,0.0,11.95,6.09375,-26869,0.0,0.0,12.0,0.0,0,0.0,false,false,kReverse,0.5,11.9,0.0,108,0.0,0.0,12.0,105161.0,3605,0.0,kReverse,kOff,
3903,12.1,0.0,0.0,57863.34,0.25,12.0,6.09375,-30879,0.0,0.125,12.0,0.0,0,0.0,0.0,11.95,6.09375,-26869,0.0,0.125,12.0,0.0,0,0.0,false,false,kReverse,0.5,11.9,0.0,108,0.0,0.0,12.0,105161.0,3605,0.0,kReverse,kOff,
3939,12.1,0.0,0.0,57863.34,0.25,12.0,6.09375,-30879,0.0,0.125,12.0,0.0,0,0.0,0.0,11.95,6.09375,-26869,0.0,0.0,12.0,0.0,0,0.0,false,false,kReverse,0.5,11.9,0.0,108,0.0,0.0,12.0,105161.0,3605,0.0,kReverse,kOff,
3962,12.05,0.0,0.0,57863.34,0.25,12.0,6.09375,-30879,0.0,0.125,12.0,0.0,0,0.0,0.0,11.95,6.09375,-26869,0.0,0.0,12.0,0.0,0,0.0,false,false,kReverse,0.375,11.9,0.0,108,0.0,0.0,12.0,105161.0,3605,0.0,kReverse,kOff,
3999,12.1,0.0,0.0,57863.34,0.25,12.0,6.09375,-30879,0.0,0.125,12.0,0.0,0,0.0,0.0,11.95,6.09375,-26869,0.0,0.0,12.0,0.0,0,0.0,false,false,kReverse,0.375,11.9,0.0,108,0.0,0.0,12.0,105161.0,3605,0.0,kReverse,kOff,
4024,12.05,0.0,0.0,57863.34,0.25,12.0,6.09375,-30879,0.0,0.125,12.0,0.0,0,0.0,0.0,11.95,6.09375,-26869,0.0,0.0,12.0,0.0,0,0.0,false,false,kReverse,0.375,11.9,0.0,108,0.0,0.0,12.0,105161.0,3605,0.0,kReverse,kOff,
4059,12.1,0.0,0.0,57863.34,0.25,12.0,6.09375,-30883,-4.0,0.125,12.0,0.0,0,0.0,0.0,11.95,6.09375,-26869,0.0,0.0,12.0,0.0,0,0.0,false,false,kReverse,0.375,11.9,0.0,108,0.0,0.0,12.0,105161.0,3605,0.0,kReverse,kOff,
4098,12.05,0.0,0.0,57863.34,0.25,12.0,6.09375,-30883,-4.0,0.125,12.0,0.0,0,0.0,0.0,11.95,6.09375,-26869,0.0,0.0,12.0,0.0,0,0.0,false,false,kReverse,0.375,11.9,0.0,108,0.0,0.0,12.0,105161.0,3605,0.0,kReverse,kOff,
4123,12.1,0.0,0.0,57863.34,0.25,12.0,6.09375,-30883,-4.0,0.125,12.0,0.0,0,0.0,0.0,11.95,6.09375,-26869,0.0,0.125,12.0,0.0,0,0.0,false,false,kReverse,0.5,11.9,0.0,108,0.0,0.0,12.0,105161.0,3605,0.0,kReverse,kOff,
4159,12.1,0.0,0.0,57863.34,0.25,12.0,6.09375,-30883,-4.0,0.125,12.0,0.0,0,0.0,0.0,11.95,6.09375,-26869,0.0,0.125,12.0,0.0,0,0.0,false,false,kReverse,0.375,11.9,0.0,108,0.0,0.0,12.0,105161.0,3605,0.0,kReverse,kOff,
4181,12.1,0.0,0.0,57863.34,0.25,12.0,6.09375,-30883,-4.0,0.125,12.0,0.0,0,0.0,0.0,12.0,6.09375,-26881,-3.0,0.125,12.0,0.0,0,0.0,false,false,kReverse,0.25,11.9,0.0,94,-5.0,0.0,12.0,105161.0,3605,0.0,kReverse,kOff,
4206,12.1,0.0,0.0,57863.34,0.25,12.0,6.09375,-30883,-4.0,0.125,12.0,0.0,0,0.0,0.0,12.0,6.09375,-26881,-3.0,0.125,12.0,0.0,0,0.0,false,false,kReverse,0.125,11.9,0.0,94,-5.0,0.0,12.0,105161.0,3605,0.0,kReverse,kOff,
4239,12.05,0.0,0.0,57863.34,0.25,12.0,6.09375,-30888,-1.0,0.125,12.0,0.0,0,0.0,0.0,12.0,6.09375,-26881,-3.0,0.125,12.0,0.0,0,0.0,false,false,kReverse,0.125,11.9,0.0,94,-5.0,0.0,12.0,105161.0,3605,0.0,kReverse,kOff,
4278,12.1,0.0,0.0,57863.34,0.25,12.0,6.09375,-30888,-1.0,0.125,12.0,0.0,0,0.0,0.0,12.0,6.09375,-26881,-3.0,0.125,12.0,0.0,0,0.0,false,false,kReverse,0.25,11.9,0.0,94,-5.0,0.0,12.0,105161.0,3605,0.0,kReverse,kOff,
4304,12.1,0.0,0.0,57863.34,0.25,12.0,6.09375,-30888,-1.0,0.125,12.05,0.0,0,0.0,0.0,12.0,6.09375,-26881,-3.0,0.125,12.0,0.0,0,0.0,false,false,kReverse,0.125,11.9,0.0,94,-5.0,0.0,12.0,105161.0,3605,0.0,kReverse,kOff,
4339,12.1,0.0,0.0,57863.34,0.125,12.0,6.09375,-30888,-1.0,0.125,12.05,0.0,0,0.0,0.0,12.0,6.09375,-26862,19.0,0.0,12.0,0.0,0,0.0,false,false,kReverse,0.125,11.9,0.0,76,-8.0,0.0,12.0,105161.0,3605,0.0,kReverse,kOff,
4363,12.05,0.0,0.0,57863.34,0.125,12.0,6.09375,-30888,-1.0,0.125,12.05,0.0,0,0.0,0.0,12.0,6.09375,-26862,19.0,0.0,12.0,0.0,0,0.0,false,false,kReverse,0.125,11.9,0.0,76,-8.0,0.0,12.0,105161.0,3605,0.0,kReverse,kOff,
4399,12.05,0.0,0.0,57863.34,0.25,12.0,6.09375,-30881,7.0,0.125,12.05,0.0,0,0.0,0.0,12.0,6.09375,-26862,19.0,0.125,12.0,0.0,0,0.0,false,false,kReverse,0.375,11.9,0.0,76,-8.0,0.0,12.0,105161.0,3605,0.0,kReverse,kOff,
4424,12.05,0.0,0.0,57863.34,0.125,12.0,6.09375,-30881,7.0,0.125,12.05,0.0,0,0.0,0.0,12.0,6.09375,-26862,19.0,0.0,12.0,0.0,0,0.0,false,false,kReverse,0.375,11.9,0.0,76,-8.0,0.25,12.0,105161.0,3605,0.0,kReverse,kOff,
4458,12.05,0.0,0.0,57863.34,0.125,12.0,6.09375,-30881,7.0,0.125,12.0,0.0,0,0.0,0.0,12.0,6.09375,-26862,19.0,0.0,12.0,0.0,0,0.0,false,false,kReverse,0.25,11.9,0.0,76,-8.0,0.0,12.0,105161.0,3605,0.0,kReverse,kOff,
4480,12.05,0.0,0.0,57863.34,0.125,12.0,6.09375,-30881,7.0,0.125,12.0,0.0,0,0.0,0.0,12.0,6.09375,-26862,19.0,0.0,12.0,0.0,0,0.0,false,false,kReverse,0.25,11.9,0.0,76,-8.0,0.0,12.0,105161.0,3605,0.0,kReverse,kOff,
4505,12.05,0.0,0.0,57863.34,0.125,12.0,6.09375,-30881,7.0,0.125,12.0,0.0,0,0.0,0.0,11.95,6.09375,-26854,6.0,0.0,12.0,0.0,0,0.0,false,false,kReverse,0.25,11.9,0.0,84,3.0,0.0,12.0,105161.0,3605,0.0,kReverse,kOff,
4538,12.05,0.0,0.0,57863.34,0.125,12.0,6.09375,-30875,6.0,0.125,12.0,0.0,0,0.0,0.0,11.95,6.09375,-26854,6.0,0.125,12.0,0.0,0,0.0,false,false,kReverse,0.25,11.9,0.0,84,3.0,0.0,12.0,105161.0,3605,0.0,kReverse,kOff,
4562,12.05,0.0,0.0,57863.34,0.125,12.0,6.09375,-30875,6.0,0.125,12.0,0.0,0,0.0,0.0,11.95,6.09375,-26854,6.0,0.125,12.0,0.0,0,0.0,false,false,kReverse,0.25,11.9,0.0,84,3.0,0.25,12.0,105161.0,3605,0.0,kReverse,kOff,
4599,12.05,0.0,0.0,57863.34,0.125,12.0,6.09375,-30875,6.0,0.125,12.0,0.0,0,0.0,0.0,11.95,6.09375,-26854,6.0,0.125,12.0,0.0,0,0.0,false,false,kReverse,0.375,11.9,0.0,84,3.0,0.25,12.0,105161.0,3605,0.0,kReverse,kOff,
4620,12.05,0.0,0.0,57863.34,0.25,12.0,6.09375,-30875,6.0,0.125,12.0,0.0,0,0.0,0.125,11.95,6.09375,-26854,6.0,0.125,12.0,0.0,0,0.0,false,false,kReverse,0.375,11.9,0.0,84,3.0,0.0,12.0,105161.0,3605,0.0,kReverse,kOff,
4645,12.05,0.0,0.0,57863.34,0.25,12.0,6.09375,-30875,6.0,0.125,12.0,0.0,0,0.0,0.0,11.95,6.09375,-26853,0.0,0.125,12.0,0.0,0,0.0,false,false,kReverse,0.375,11.9,0.0,84,3.0,0.0,12.0,105161.0,3605,0.0,kReverse,kOff,
4679,12.05,0.0,0.0,57863.34,0.25,12.0,6.09375,-30875,6.0,0.125,12.0,0.0,0,0.0,0.0,11.95,6.09375,-26853,0.0,0.0,12.0,0.0,0,0.0,false,false,kReverse,0.375,11.9,0.0,82,-1.0,0.0,12.0,105161.0,3605,0.0,kReverse,kOff,
4704,10.95,0.0,0.0,57863.34,0.25,11.9,6.09375,-30875,0.0,0.125,12.0,0.0,0,0.0,0.0,11.95,6.09375,-26853,0.0,0.0,12.0,0.0,0,0.0,false,false,kReverse,0.375,11.9,0.0,82,-1.0,0.0,12.0,105161.0,3605,0.0,kReverse,kOff,
4739,11.25,0.0,0.0,57863.34,0.25,11.9,6.09375,-30875,0.0,0.125,12.0,0.0,0,0.0,0.0,11.95,6.09375,-26853,0.0,0.0,12.0,0.0,0,0.0,false,false,kReverse,0.375,11.9,0.0,82,-1.0,0.0,12.0,105161.0,3605,0.0,kReverse,kOff,
4762,11.45,0.0,0.0,57863.34,0.25,11.9,6.09375,-30875,0.0,0.125,12.0,0.0,0,0.0,0.0,11.95,6.09375,-26853,0.0,0.0,12.0,0.0,0,0.0,false,false,kReverse,0.375,11.9,0.0,82,-1.0,0.0,12.0,105161.0,3605,0.0,kReverse,kOff,
4799,11.55,0.0,0.0,57863.34,0.25,11.9,6.09375,-30875,0.0,0.125,11.5,0.0,0,0.0,0.0,11.95,6.09375,-26853,0.0,0.125,12.0,0.0,0,0.0,false,false,kReverse,0.375,11.9,0.0,82,-1.0,0.0,12.0,105161.0,3605,0.0,kReverse,kOff,
4823,11.55,0.0,0.0,57863.34,0.25,11.9,6.09375,-30875,0.0,0.125,11.5,0.0,0,0.0,0.0,11.45,6.09375,-26853,0.0,0.125,12.0,0.0,0,0.0,false,false,kReverse,0.375,11.4,0.0,82,0.0,0.0,11.5,105161.0,3605,0.0,kReverse,kOff,
4859,11.55,0.0,0.0,57863.34,0.25,11.5,6.09375,-30875,0.0,0.125,11.5,0.0,0,0.0,0.0,11.45,6.09375,-26853,0.0,0.125,11.55,0.0,0,0.0,false,false,kReverse,0.375,11.4,0.0,82,0.0,0.0,11.5,105161.0,3605,0.0,kReverse,kOff,
4883,11.600000000000001,0.0,0.0,57863.34,0.25,11.5,6.09375,-30875,0.0,0.125,11.5,0.0,0,0.0,0.0,11.45,6.09375,-26853,0.0,0.125,11.55,0.0,0,0.0,false,false,kReverse,0.375,11.4,0.0,82,0.0,0.0,11.5,105161.0,3605,0.0,kReverse,kOff,
4919,11.55,0.0,0.0,57863.34,0.25,11.5,6.09375,-30875,0.0,0.125,11.5,0.0,0,0.0,0.0,11.45,6.09375,-26853,0.0,0.0,11.55,0.0,0,0.0,false,false,kReverse,0.375,11.4,0.0,82,0.0,0.0,11.5,105161.0,3605,0.0,kReverse,kOff,
4944,11.55,0.0,0.0,57863.34,0.25,11.5,6.09375,-30875,0.0,0.125,11.5,0.0,0,0.0,0.0,11.45,6.09375,-26853,0.0,0.0,11.55,0.0,0,0.0,false,false,kReverse,0.375,11.4,0.0,82,0.0,0.0,11.5,105161.0,3605,0.0,kReverse,kOff,
4979,11.55,0.0,0.0,57863.34,0.25,11.5,6.09375,-30875,0.0,0.125,11.5,0.0,0,0.0,0.0,11.45,6.09375,-26853,0.0,0.0,11.55,0.0,0,0.0,false,false,kReverse,0.375,11.4,0.0,82,0.0,0.0,11.5,105161.0,3605,0.0,kReverse,kOff,
5004,11.55,0.0,0.0,57863.34,0.25,11.5,6.09375,-30875,0.0,0.125,11.5,0.0,0,0.0,0.0,11.45,6.09375,-26853,0.0,0.0,11.5,0.0,0,0.0,false,false,kReverse,0.375,11.4,0.0,82,0.0,0.0,11.5,105161.0,3605,0.0,kReverse,kOff,
5039,11.55,0.0,0.0,57863.34,0.25,11.45,6.09375,-30875,0.0,0.125,11.5,0.0,0,0.0,0.0,11.45,6.09375,-26853,0.0,0.0,11.5,0.0,0,0.0,false,false,kReverse,0.375,11.4,0.0,82,0.0,0.0,11.5,105161.0,3605,0.0,kReverse,kOff,
5062,11.600000000000001,0.0,0.0,57863.34,0.25,11.45,6.09375,-30875,0.0,0.125,11.5,0.0,0,0.0,0.0,11.45,6.09375,-26853,0.0,0.125,11.5,0.0,0,0.0,false,false,kReverse,0.375,11.4,0.0,82,0.0,0.0,11.5,105161.0,3605,0.0,kReverse,kOff,
5099,11.600000000000001,0.0,0.0,57863.34,0.25,11.45,6.09375,-30875,0.0,0.125,11.5,0.0,0,0.0,0.0,11.45,6.09375,-26853,0.0,0.0,11.5,0.0,0,0.0,false,false,kReverse,0.375,11.4,0.0,82,0.0,0.0,11.5,105161.0,3605,0.0,kReverse,kOff,
5122,11.600000000000001,0.0,0.0,57863.34,0.25,11.45,6.09375,-30875,0.0,0.125,11.5,0.0,0,0.0,0.0,11.45,6.09375,-26853,0.0,0.0,11.5,0.0,0,0.0,false,false,kReverse,0.375,11.4,0.0,82,0.0,0.0,11.5,105161.0,3605,0.0,kReverse,kOff,
5158,11.55,0.0,0.0,57863.34,0.25,11.45,6.09375,-30875,0.0,0.125,11.5,0.0,0,0.0,0.125,11.4,6.09375,-26853,0.0,0.125,11.5,0.0,0,0.0,false,false,kReverse,0.375,11.4,0.0,82,0.0,0.0,11.5,105161.0,3605,0.0,kReverse,kOff,
5182,11.600000000000001,0.0,0.0,57863.34,0.25,11.45,6.09375,-30875,0.0,0.125,11.5,0.0,0,0.0,0.0,11.4,6.09375,-26853,0.0,0.125,11.5,0.0,0,0.0,false,false,kReverse,0.375,11.4,0.0,82,0.0,0.0,11.5,105161.0,3605,0.0,kReverse,kOff,
5221,11.55,0.0,0.0,57863.34,0.25,11.45,6.09375,-30875,0.0,0.125,11.5,0.0,0,0.0,0.0,11.4,6.09375,-26853,0.0,0.125,11.5,0.0,0,0.0,false,false,kReverse,0.375,11.4,0.0,82,0.0,0.0,11.5,105161.0,3605,0.0,kReverse,kOff,
5259,11.55,0.0,0.0,57863.34,0.25,11.45,6.09375,-30875,0.0,0.125,11.5,0.0,0,0.0,0.0,11.4,6.09375,-26853,0.0,0.125,11.5,0.0,0,0.0,false,false,kReverse,0.375,11.4,0.0,82,0.0,0.0,11.5,105161.0,3605,0.0,kReverse,kOff,
5282,11.55,0.0,0.0,57863.34,0.25,11.45,6.09375,-30875,0.0,0.125,11.5,0.0,0,0.0,0.0,11.4,6.09375,-26853,0.0,0.125,11.5,0.0,0,0.0,false,false,kReverse,0.375,11.4,0.0,82,0.0,0.0,11.5,105161.0,3605,0.0,kReverse,kOff,
5318,11.55,0.0,0.0,57863.34,0.25,11.45,6.09375,-30875,0.0,0.125,11.5,0.0,0,0.0,0.0,11.4,6.09375,-26853,0.0,0.0,11.45,0.0,0,0.0,false,false,kReverse,0.375,11.350000000000001,0.0,82,0.0,0.0,11.45,105161.0,3605,0.0,kReverse,kOff,
5343,11.55,0.0,0.0,57863.34,0.25,11.45,6.09375,-30875,0.0,0.125,11.5,0.0,0,0.0,0.0,11.4,6.09375,-26853,0.0,0.0,11.45,0.0,0,0.0,false,false,kReverse,0.375,11.350000000000001,0.0,82,0.0,0.0,11.45,105161.0,3605,0.0,kReverse,kOff,
5367,11.55,0.0,0.0,57863.34,0.25,11.45,6.09375,-30875,0.0,0.125,11.5,0.0,0,0.0,0.0,11.4,6.09375,-26853,0.0,0.125,11.45,0.0,0,0.0,false,false,kReverse,0.375,11.350000000000001,0.0,82,0.0,0.0,11.45,105161.0,3605,0.0,kReverse,kOff,
5402,11.5,0.0,0.0,57863.34,0.25,11.45,6.09375,-30875,0.0,0.125,11.5,0.0,0,0.0,0.0,11.4,6.09375,-26853,0.0,0.125,11.45,0.0,0,0.0,false,false,kReverse,0.375,11.350000000000001,0.0,82,0.0,0.0,11.45,105161.0,3605,0.0,kReverse,kOff,
5440,11.55,0.0,0.0,57863.34,0.25,11.45,6.09375,-30875,0.0,0.125,11.45,0.0,0,0.0,0.0,11.4,6.09375,-26853,0.0,0.0,11.45,0.0,0,0.0,false,false,kReverse,0.375,11.350000000000001,0.0,82,0.0,0.0,11.45,105161.0,3605,0.0,kReverse,kOff,
5465,11.45,0.0,0.0,57863.34,0.25,11.45,6.09375,-30875,0.0,0.125,11.45,0.0,0,0.0,0.0,11.4,6.09375,-26853,0.0,0.0,11.45,0.0,0,0.0,false,false,kReverse,0.375,11.350000000000001,0.0,82,0.0,0.0,11.45,105161.0,3605,0.0,kReverse,kOff,
5499,11.4,0.0,0.0,57863.34,0.25,11.4,6.09375,-30875,0.0,0.125,11.45,0.0,0,0.0,0.0,11.4,6.09375,-26853,0.0,0.125,11.4,0.0,0,0.0,false,false,kReverse,0.375,11.350000000000001,0.0,82,0.0,0.25,11.45,105161.0,3605,0.0,kReverse,kOff,
5524,11.45,0.0,0.0,57863.34,0.25,11.4,6.09375,-30875,0.0,0.125,11.45,0.0,0,0.0,0.0,11.4,6.09375,-26853,0.0,0.125,11.4,0.0,0,0.0,false,false,kReverse,0.375,11.350000000000001,0.0,82,0.0,0.0,11.45,105161.0,3605,0.0,kReverse,kOff,
5560,11.45,0.0,0.0,57863.34,0.25,11.4,6.09375,-30875,0.0,0.125,11.45,0.0,0,0.0,0.0,11.4,6.09375,-26853,0.0,0.125,11.4,0.0,0,0.0,false,false,kReverse,0.375,11.350000000000001,0.0,82,0.0,0.0,11.45,105161.0,3605,0.0,kReverse,kOff,
5584,11.45,0.0,0.0,57863.34,0.25,11.4,6.09375,-30875,0.0,0.125,11.45,0.0,0,0.0,0.0,11.4,6.09375,-26853,0.0,0.125,11.4,0.0,0,0.0,false,false,kReverse,0.375,11.350000000000001,0.0,82,0.0,0.0,11.45,105161.0,3605,0.0,kReverse,kOff,
5619,11.45,0.0,0.0,57863.34,0.25,11.4,6.09375,-30875,0.0,0.125,11.45,0.0,0,0.0,0.0,11.4,6.09375,-26853,0.0,0.125,11.4,0.0,0,0.0,false,false,kReverse,0.375,11.350000000000001,0.0,82,0.0,0.0,11.45,105161.0,3605,0.0,kReverse,kOff,
5644,11.45,0.0,0.0,57863.34,0.25,11.4,6.09375,-30875,0.0,0.125,11.45,0.0,0,0.0,0.0,11.4,6.09375,-26853,0.0,0.125,11.4,0.0,0,0.0,false,false,kReverse,0.375,11.350000000000001,0.0,82,0.0,0.0,11.4,105161.0,3605,0.0,kReverse,kOff,
5679,11.4,0.0,0.0,57863.34,0.25,11.4,6.09375,-30875,0.0,0.125,11.45,0.0,0,0.0,0.0,11.4,6.09375,-26853,0.0,0.0,11.4,0.0,0,0.0,false,false,kReverse,0.375,11.350000000000001,0.0,82,0.0,0.0,11.4,105161.0,3605,0.0,kReverse,kOff,
5703,11.5,0.0,0.0,57863.34,0.25,11.4,6.09375,-30875,0.0,0.125,11.45,0.0,0,0.0,0.0,11.4,6.09375,-26853,0.0,0.0,11.4,0.0,0,0.0,false,false,kReverse,0.375,11.350000000000001,0.0,82,0.0,0.0,11.4,105161.0,3605,0.0,kReverse,kOff,
5739,11.55,0.0,0.0,57863.34,0.25,11.4,6.09375,-30875,0.0,0.125,11.45,0.0,0,0.0,0.0,11.4,6.09375,-26853,0.0,0.125,11.4,0.0,0,0.0,false,false,kReverse,0.375,11.350000000000001,0.0,82,0.0,0.0,11.4,105161.0,3605,0.0,kReverse,kOff,
5762,11.5,0.0,0.0,57863.34,0.25,11.4,6.09375,-30875,0.0,0.125,11.45,0.0,0,0.0,0.0,11.4,6.09375,-26853,0.0,0.125,11.4,0.0,0,0.0,false,false,kReverse,0.375,11.350000000000001,0.0,82,0.0,0.0,11.4,105161.0,3605,0.0,kReverse,kOff,
5803,11.5,0.0,0.0,57863.34,0.25,11.4,6.09375,-30875,0.0,0.125,11.45,0.0,0,0.0,0.0,11.4,6.09375,-26853,0.0,0.125,11.4,0.0,0,0.0,false,false,kReverse,0.375,11.350000000000001,0.0,82,0.0,0.0,11.4,105161.0,3605,0.0,kReverse,kOff,
5839,11.55,0.0,0.0,57863.34,0.25,11.4,6.09375,-30875,0.0,0.125,11.45,0.0,0,0.0,0.0,11.4,6.09375,-26853,0.0,0.125,11.4,0.0,0,0.0,false,false,kReverse,0.375,11.350000000000001,0.0,82,0.0,0.0,11.4,105161.0,3605,0.0,kReverse,kOff,
5861,11.45,0.0,0.0,57863.34,0.25,11.4,6.09375,-30875,0.0,0.125,11.45,0.0,0,0.0,0.0,11.4,6.09375,-26853,0.0,0.125,11.4,0.0,0,0.0,false,false,kReverse,0.375,11.350000000000001,0.0,82,0.0,0.0,11.4,105161.0,3605,0.0,kReverse,kOff,
5899,11.45,0.0,0.0,57863.34,0.25,11.4,6.09375,-30875,0.0,0.125,11.4,0.0,0,0.0,0.0,11.4,6.09375,-26853,0.0,0.125,11.4,0.0,0,0.0,false,false,kReverse,0.375,11.350000000000001,0.0,82,0.0,0.0,11.4,105161.0,3605,0.0,kReverse,kOff,
5922,11.45,0.0,0.0,57863.34,0.25,11.4,6.09375,-30875,0.0,0.125,11.4,0.0,0,0.0,0.0,11.4,6.09375,-26853,0.0,0.125,11.4,0.0,0,0.0,false,false,kReverse,0.375,11.350000000000001,0.0,82,0.0,0.0,11.4,105161.0,3605,0.0,kReverse,kOff,
5958,11.4,0.0,0.0,57863.34,0.25,11.4,6.09375,-30875,0.0,0.125,11.4,0.0,0,0.0,0.0,11.4,6.09375,-26853,0.0,0.0,11.4,0.0,0,0.0,false,false,kReverse,0.375,11.3,0.0,82,0.0,0.0,11.4,105161.0,3605,0.0,kReverse,kOff,
5981,11.45,0.0,0.0,57863.34,0.25,11.4,6.09375,-30875,0.0,0.125,11.4,0.0,0,0.0,0.0,11.4,6.09375,-26853,0.0,0.0,11.4,0.0,0,0.0,false,false,kReverse,0.375,11.3,0.0,82,0.0,0.0,11.4,105161.0,3605,0.0,kReverse,kOff,
6020,11.5,0.0,0.0,57863.34,0.25,11.4,6.09375,-30875,0.0,0.125,11.4,0.0,0,0.0,0.0,11.4,6.09375,-26853,0.0,0.0,11.4,0.0,0,0.0,false,false,kReverse,0.375,11.3,0.0,82,0.0,0.0,11.4,630967.0,3605,0.0,kReverse,kOff,
6043,11.45,0.0,0.0,57863.34,0.25,11.4,6.09375,-30875,0.0,0.125,11.4,0.0,0,0.0,0.0,11.4,6.09375,-26853,0.0,0.0,11.4,0.0,0,0.0,false,false,kReverse,0.375,11.3,0.0,82,0.0,0.0,11.4,630967.0,3605,0.0,kReverse,kOff,
6080,11.45,0.0,0.0,57863.34,0.25,11.4,6.09375,-30875,0.0,0.125,11.4,0.0,0,0.0,0.0,11.4,6.09375,-26853,0.0,0.125,11.4,0.0,0,0.0,false,false,kReverse,0.375,11.3,0.0,82,0.0,0.0,11.4,630967.0,3605,0.0,kReverse,kOff,
6104,11.45,0.0,0.0,57863.34,0.25,11.4,6.09375,-30875,0.0,0.125,11.4,0.0,0,0.0,0.0,11.350000000000001,6.09375,-26853,0.0,0.125,11.4,0.0,0,0.0,false,false,kReverse,0.375,11.3,0.0,82,0.0,0.0,11.4,630967.0,3605,0.0,kReverse,kOff,
6138,11.45,0.0,0.0,57863.34,0.25,11.4,6.09375,-30875,0.0,0.125,11.4,0.0,0,0.0,0.0,11.350000000000001,6.09375,-26853,0.0,0.125,11.4,0.0,0,0.0,false,false,kReverse,0.375,11.3,0.0,82,0.0,0.0,11.4,630967.0,3605,0.0,kReverse,kOff,
6163,11.45,0.0,0.0,57863.34,0.25,11.4,6.09375,-30875,0.0,0.125,11.4,0.0,0,0.0,0.0,11.350000000000001,6.09375,-26853,0.0,0.125,11.4,0.0,0,0.0,false,false,kReverse,0.375,11.3,0.0,82,0.0,0.0,11.4,630967.0,3605,0.0,kReverse,kOff,
6200,11.45,0.0,0.0,57863.34,0.25,11.4,6.09375,-30875,0.0,0.125,11.4,0.0,0,0.0,0.0,11.350000000000001,6.09375,-26853,0.0,0.125,11.4,0.0,0,0.0,false,false,kReverse,0.375,11.3,0.0,82,0.0,0.0,11.4,630967.0,3605,0.0,kReverse,kOff,
6226,11.45,0.0,0.0,57863.34,0.25,11.4,6.09375,-30875,0.0,0.125,11.4,0.0,0,0.0,0.0,11.350000000000001,6.09375,-26853,0.0,0.125,11.4,0.0,0,0.0,false,false,kReverse,0.375,11.3,0.0,82,0.0,0.0,11.4,630967.0,3605,0.0,kReverse,kOff,
6259,11.45,0.0,0.0,57863.34,0.25,11.4,6.09375,-30875,0.0,0.125,11.4,0.0,0,0.0,0.0,11.350000000000001,6.09375,-26853,0.0,0.125,11.4,0.0,0,0.0,false,false,kReverse,0.375,11.350000000000001,0.0,82,0.0,0.0,11.4,630967.0,3605,0.0,kReverse,kOff,
6285,11.4,0.0,0.0,57863.34,0.25,11.4,6.09375,-30875,0.0,0.125,11.4,0.0,0,0.0,0.0,11.350000000000001,6.09375,-26853,0.0,0.125,11.4,0.0,0,0.0,false,false,kReverse,0.375,11.350000000000001,0.0,82,0.0,0.0,11.4,105161.0,3605,0.0,kReverse,kOff,
6320,11.45,0.0,0.0,57863.34,0.25,11.4,6.09375,-30875,0.0,0.125,11.4,0.0,0,0.0,0.0,11.350000000000001,6.09375,-26853,0.0,0.0,11.4,0.0,0,0.0,false,false,kReverse,0.375,11.350000000000001,0.0,82,0.0,0.0,11.4,105161.0,3605,0.0,kReverse,kOff,
6360,11.45,0.0,0.0,57863.34,0.25,11.4,6.09375,-30875,0.0,0.125,11.4,0.0,0,0.0,0.0,11.350000000000001,6.09375,-26853,0.0,0.125,11.4,0.0,0,0.0,false,false,kReverse,0.375,11.350000000000001,0.0,82,0.0,0.0,11.4,105161.0,3605,0.0,kReverse,kOff,
6386,11.45,0.0,0.0,57863.34,0.25,11.4,6.09375,-30875,0.0,0.125,11.4,0.0,0,0.0,0.0,11.350000000000001,6.09375,-26853,0.0,0.0,11.4,0.0,0,0.0,false,false,kReverse,0.375,11.350000000000001,0.0,82,0.0,0.0,11.4,105161.0,3605,0.0,kReverse,kOff,
6420,11.45,0.0,0.0,57863.34,0.25,11.4,6.09375,-30875,0.0,0.125,11.4,0.0,0,0.0,0.0,11.350000000000001,6.09375,-26853,0.0,0.0,11.4,0.0,0,0.0,false,false,kReverse,0.375,11.3,0.0,82,0.0,0.0,11.4,105161.0,3605,0.0,kReverse,kOff,
6447,11.45,0.0,0.0,57863.34,0.25,11.4,6.09375,-30875,0.0,0.125,11.4,0.0,0,0.0,0.0,11.350000000000001,6.09375,-26853,0.0,0.125,11.4,0.0,0,0.0,false,false,kReverse,0.375,11.3,0.0,82,0.0,0.0,11.4,105161.0,3605,0.0,kReverse,kOff,
6480,11.45,0.0,0.0,57863.34,0.25,11.4,6.09375,-30875,0.0,0.125,11.4,0.0,0,0.0,0.0,11.350000000000001,6.09375,-26853,0.0,0.125,11.4,0.0,0,0.0,false,false,kReverse,0.375,11.3,0.0,82,0.0,0.0,11.4,105161.0,3605,0.0,kReverse,kOff,
6518,11.5,0.0,0.0,57863.34,0.25,11.4,6.09375,-30875,0.0,0.125,11.4,0.0,0,0.0,0.125,11.350000000000001,6.09375,-26853,0.0,0.0,11.4,0.0,0,0.0,false,false,kReverse,0.375,11.3,0.0,82,0.0,0.0,11.4,105161.0,3605,0.0,kReverse,kOff,
6546,11.5,0.0,0.0,57863.34,0.25,11.4,6.09375,-30875,0.0,0.125,11.4,0.0,0,0.0,0.125,11.350000000000001,6.09375,-26853,0.0,0.0,11.4,0.0,0,0.0,false,false,kReverse,0.375,11.3,0.0,82,0.0,0.0,11.4,0.0,3605,0.0,kReverse,kOff,
6580,11.5,0.0,0.0,57863.34,0.25,11.4,6.09375,-30875,0.0,0.125,11.4,0.0,0,0.0,0.125,11.350000000000001,6.09375,-26853,0.0,0.0,11.4,0.0,0,0.0,false,false,kReverse,0.375,11.3,0.0,82,0.0,0.0,11.4,0.0,3605,0.0,kReverse,kOff,
6620,11.5,0.0,0.0,57863.34,0.25,11.350000000000001,6.09375,-30875,0.0,0.125,11.4,0.0,0,0.0,0.0,11.350000000000001,6.09375,-26853,0.0,0.0,11.4,0.0,0,0.0,false,false,kReverse,0.375,11.3,0.0,82,0.0,0.0,11.4,0.0,3605,0.0,kReverse,kOff,
6660,11.45,0.0,0.0,57863.34,0.25,11.350000000000001,6.09375,-30875,0.0,0.125,11.4,0.0,0,0.0,0.0,11.350000000000001,6.09375,-26853,0.0,0.0,11.4,0.0,0,0.0,false,false,kReverse,0.375,11.3,0.0,82,0.0,0.0,11.4,0.0,3605,0.0,kReverse,kOff,
6687,11.5,0.0,0.0,57863.34,0.25,11.350000000000001,6.09375,-30875,0.0,0.125,11.4,0.0,0,0.0,0.0,11.350000000000001,6.09375,-26853,0.0,0.0,11.4,0.0,0,0.0,false,false,kReverse,0.375,11.3,0.0,82,0.0,0.0,11.4,0.0,3605,0.0,kReverse,kOff,
6720,11.5,0.0,0.0,57863.34,0.25,11.350000000000001,6.09375,-30875,0.0,0.125,11.4,0.0,0,0.0,0.0,11.350000000000001,6.09375,-26853,0.0,0.0,11.4,0.0,0,0.0,false,false,kReverse,0.375,11.3,0.0,82,0.0,0.0,11.4,0.0,3605,0.0,kReverse,kOff,
6747,11.5,0.0,0.0,57863.34,0.25,11.350000000000001,6.09375,-30875,0.0,0.125,11.4,0.0,0,0.0,0.0,11.350000000000001,6.09375,-26853,0.0,0.125,11.4,0.0,0,0.0,false,false,kReverse,0.375,11.3,0.0,82,0.0,0.0,11.4,0.0,3605,0.0,kReverse,kOff,
6779,11.5,0.0,0.0,57863.34,0.25,11.4,6.09375,-30875,0.0,0.125,11.4,0.0,0,0.0,0.0,11.350000000000001,6.09375,-26853,0.0,0.125,11.4,0.0,0,0.0,false,false,kReverse,0.375,11.3,0.0,82,0.0,0.0,11.4,0.0,3605,0.0,kReverse,kOff,
6805,11.5,0.0,0.0,57863.34,0.25,11.4,6.09375,-30875,0.0,0.125,11.4,0.0,0,0.0,0.0,11.350000000000001,6.09375,-26853,0.0,0.125,11.4,0.0,0,0.0,false,false,kReverse,0.375,11.3,0.0,82,0.0,0.0,11.4,0.0,3605,0.0,kReverse,kOff,
6839,11.55,0.0,0.0,57863.34,0.25,11.4,6.09375,-30875,0.0,0.125,11.4,0.0,0,0.0,0.0,11.350000000000001,6.09375,-26853,0.0,0.125,11.4,0.0,0,0.0,false,false,kReverse,0.375,11.3,0.0,82,0.0,0.0,11.4,0.0,3605,0.0,kReverse,kOff,
6880,11.5,0.0,0.0,57863.34,0.25,11.4,6.09375,-30875,0.0,0.125,11.4,0.0,0,0.0,0.0,11.350000000000001,6.09375,-26853,0.0,0.125,11.4,0.0,0,0.0,false,false,kReverse,0.375,11.3,0.0,82,0.0,0.0,11.4,105161.0,3605,0.0,kReverse,kOff,
6908,11.5,0.0,0.0,57863.34,0.25,11.4,6.09375,-30875,0.0,0.125,11.4,0.0,0,0.0,0.0,11.350000000000001,6.09375,-26853,0.0,0.125,11.4,0.0,0,0.0,false,false,kReverse,0.375,11.3,0.0,82,0.0,0.0,11.4,105161.0,3605,0.0,kReverse,kOff,
6940,11.55,0.0,0.0,57863.34,0.25,11.4,6.09375,-30875,0.0,0.125,11.4,0.0,0,0.0,0.0,11.350000000000001,6.09375,-26853,0.0,0.125,11.4,0.0,0,0.0,false,false,kReverse,0.375,11.3,0.0,82,0.0,0.0,11.4,105161.0,3605,0.0,kReverse,kOff,
6980,11.5,0.0,0.0,57863.34,0.25,11.4,6.09375,-30875,0.0,0.125,11.4,0.0,0,0.0,0.0,11.350000000000001,6.09375,-26853,0.0,0.0,11.4,0.0,0,0.0,false,false,kReverse,0.375,11.3,0.0,82,0.0,0.0,11.4,105161.0,3605,0.0,kReverse,kOff,
7019,11.5,0.0,0.0,57863.34,0.25,11.4,6.09375,-30875,0.0,0.125,11.4,0.0,0,0.0,0.0,11.350000000000001,6.09375,-26853,0.0,0.125,11.4,0.0,0,0.0,false,false,kReverse,0.375,11.3,0.0,82,0.0,0.0,11.4,105161.0,3605,0.0,kReverse,kOff,
7058,11.5,0.0,0.0,57863.34,0.25,11.4,6.09375,-30875,0.0,0.125,11.4,0.0,0,0.0,0.0,11.350000000000001,6.09375,-26853,0.0,0.125,11.4,0.0,0,0.0,false,false,kReverse,0.375,11.3,0.0,82,0.0,0.0,11.4,105161.0,3605,0.0,kReverse,kOff,
7082,11.5,0.0,0.0,57863.34,0.25,11.4,6.09375,-30875,0.0,0.125,11.4,0.0,0,0.0,0.0,11.350000000000001,6.09375,-26853,0.0,0.0,11.4,0.0,0,0.0,false,false,kReverse,0.375,11.3,0.0,82,0.0,0.0,11.4,105161.0,3605,0.0,kReverse,kOff,
7118,11.5,0.0,0.0,57863.34,0.25,11.4,6.09375,-30875,0.0,0.125,11.4,0.0,0,0.0,0.0,11.350000000000001,6.09375,-26853,0.0,0.0,11.4,0.0,0,0.0,false,false,kReverse,0.375,11.3,0.0,82,0.0,0.0,11.4,105161.0,3605,0.0,kReverse,kOff,
7144,11.45,0.0,0.0,57863.34,0.25,11.4,6.09375,-30875,0.0,0.125,11.4,0.0,0,0.0,0.0,11.350000000000001,6.09375,-26853,0.0,0.125,11.4,0.0,0,0.0,false,false,kReverse,0.375,11.3,0.0,82,0.0,0.0,11.4,105161.0,3605,0.0,kReverse,kOff,
7179,11.45,0.0,0.0,57863.34,0.25,11.4,6.09375,-30875,0.0,0.125,11.4,0.0,0,0.0,0.0,11.350000000000001,6.09375,-26853,0.0,0.0,11.4,0.0,0,0.0,false,false,kReverse,0.375,11.3,0.0,82,0.0,0.0,11.4,105161.0,3605,0.0,kReverse,kOff,
7205,11.5,0.0,0.0,57863.34,0.25,11.4,6.09375,-30875,0.0,0.125,11.4,0.0,0,0.0,0.0,11.350000000000001,6.09375,-26853,0.0,0.0,11.4,0.0,0,0.0,false,false,kReverse,0.375,11.3,0.0,82,0.0,0.0,11.4,105161.0,3605,0.0,kReverse,kOff,
7239,11.4,0.0,0.0,57863.34,0.25,11.4,6.09375,-30875,0.0,0.125,11.4,0.0,0,0.0,0.0,11.350000000000001,6.09375,-26853,0.0,0.125,11.4,0.0,0,0.0,false,false,kReverse,0.375,11.3,0.0,82,0.0,0.0,11.4,105161.0,3605,0.0,kReverse,kOff,
7265,11.4,0.0,0.0,57863.34,0.25,11.350000000000001,6.09375,-30875,0.0,0.125,11.4,0.0,0,0.0,0.0,11.350000000000001,6.09375,-26853,0.0,0.125,11.4,0.0,0,0.0,false,false,kReverse,0.375,11.3,0.0,82,0.0,0.0,11.4,105161.0,3605,0.0,kReverse,kOff,
7299,11.4,0.0,0.0,57863.34,0.25,11.350000000000001,6.09375,-30875,0.0,0.125,11.4,0.0,0,0.0,0.0,11.350000000000001,6.09375,-26853,0.0,0.0,11.4,0.0,0,0.0,false,false,kReverse,0.375,11.3,0.0,82,0.0,0.0,11.4,105161.0,3605,0.0,kReverse,kOff,
7325,11.4,0.0,0.0,57863.34,0.25,11.350000000000001,6.09375,-30875,0.0,0.125,11.4,0.0,0,0.0,0.0,11.350000000000001,6.09375,-26853,0.0,0.0,11.4,0.0,0,0.0,false,false,kReverse,0.375,11.3,0.0,82,0.0,0.0,11.4,105161.0,3605,0.0,kReverse,kOff,
7359,11.4,0.0,0.0,57863.34,0.25,11.350000000000001,6.09375,-30875,0.0,0.125,11.4,0.0,0,0.0,0.0,11.350000000000001,6.09375,-26853,0.0,0.0,11.4,0.0,0,0.0,false,false,kReverse,0.375,11.3,0.0,82,0.0,0.0,11.4,630967.0,3605,0.0,kReverse,kOff,
7399,11.4,0.0,0.0,57863.34,0.25,11.350000000000001,6.09375,-30875,0.0,0.125,11.4,0.0,0,0.0,0.0,11.350000000000001,6.09375,-26853,0.0,0.0,11.4,0.0,0,0.0,false,false,kReverse,0.375,11.3,0.0,82,0.0,0.0,11.4,630967.0,3605,0.0,kReverse,kOff,
7438,11.4,0.0,0.0,57863.34,0.25,11.350000000000001,6.09375,-30875,0.0,0.125,11.4,0.0,0,0.0,0.0,11.350000000000001,6.09375,-26853,0.0,0.0,11.4,0.0,0,0.0,false,false,kReverse,0.375,11.3,0.0,82,0.0,0.0,11.4,630967.0,3605,0.0,kReverse,kOff,
7463,11.4,0.0,0.0,57863.34,0.25,11.350000000000001,6.09375,-30875,0.0,0.125,11.4,0.0,0,0.0,0.0,11.350000000000001,6.09375,-26853,0.0,0.0,11.4,0.0,0,0.0,false,false,kReverse,0.375,11.3,0.0,82,0.0,0.0,11.4,630967.0,3605,0.0,kReverse,kOff,
7500,11.4,0.0,0.0,57863.34,0.25,11.350000000000001,6.09375,-30875,0.0,0.125,11.4,0.0,0,0.0,0.0,11.350000000000001,6.09375,-26853,0.0,0.0,11.4,0.0,0,0.0,false,false,kReverse,0.375,11.3,0.0,82,0.0,0.0,11.4,630967.0,3605,0.0,kReverse,kOff,
7523,11.4,0.0,0.0,57863.34,0.25,11.350000000000001,6.09375,-30875,0.0,0.125,11.4,0.0,0,0.0,0.0,11.350000000000001,6.09375,-26853,0.0,0.0,11.4,0.0,0,0.0,false,false,kReverse,0.375,11.3,0.0,82,0.0,0.0,11.4,630967.0,3605,0.0,kReverse,kOff,
7559,11.4,0.0,0.0,57863.34,0.25,11.350000000000001,6.09375,-30875,0.0,0.125,11.4,0.0,0,0.0,0.0,11.350000000000001,6.09375,-26853,0.0,0.0,11.4,0.0,0,0.0,false,false,kReverse,0.375,11.3,0.0,82,0.0,0.0,11.4,630967.0,3605,0.0,kReverse,kOff,
7583,11.4,0.0,0.0,57863.34,0.25,11.4,6.09375,-30875,0.0,0.125,11.4,0.0,0,0.0,0.0,11.350000000000001,6.09375,-26853,0.0,0.0,11.4,0.0,0,0.0,false,false,kReverse,0.375,11.3,0.0,82,0.0,0.0,11.4,630967.0,3605,0.0,kReverse,kOff,
7620,11.4,0.0,0.0,57863.34,0.25,11.4,6.09375,-30875,0.0,0.125,11.4,0.0,0,0.0,0.0,11.350000000000001,6.09375,-26853,0.0,0.0,11.4,0.0,0,0.0,false,false,kReverse,0.375,11.3,0.0,82,0.0,0.0,11.4,630967.0,3605,0.0,kReverse,kOff,
7659,11.4,0.0,0.0,57863.34,0.25,11.4,6.09375,-30875,0.0,0.125,11.4,0.0,0,0.0,0.0,11.350000000000001,6.09375,-26853,0.0,0.0,11.4,0.0,0,0.0,false,false,kReverse,0.375,11.3,0.0,82,0.0,0.0,11.4,630967.0,3605,0.0,kReverse,kOff,
7683,11.4,0.0,0.0,57863.34,0.25,11.4,6.09375,-30875,0.0,0.125,11.4,0.0,0,0.0,0.0,11.350000000000001,6.09375,-26853,0.0,0.125,11.4,0.0,0,0.0,false,false,kReverse,0.375,11.3,0.0,82,0.0,0.0,11.4,630967.0,3605,0.0,kReverse,kOff,
7718,11.4,0.0,0.0,57863.34,0.25,11.4,6.09375,-30875,0.0,0.125,11.4,0.0,0,0.0,0.0,11.350000000000001,6.09375,-26853,0.0,0.0,11.4,0.0,0,0.0,false,false,kReverse,0.375,11.3,0.0,82,0.0,0.0,11.4,630967.0,3605,0.0,kReverse,kOff,
7741,11.4,0.0,0.0,57863.34,0.25,11.4,6.09375,-30875,0.0,0.125,11.4,0.0,0,0.0,0.0,11.350000000000001,6.09375,-26853,0.0,0.0,11.4,0.0,0,0.0,false,false,kReverse,0.375,11.3,0.0,82,0.0,0.0,11.4,630967.0,3605,0.0,kReverse,kOff,
7779,11.45,0.0,0.0,57863.34,0.25,11.4,6.09375,-30875,0.0,0.125,11.4,0.0,0,0.0,0.125,11.350000000000001,6.09375,-26853,0.0,0.125,11.4,0.0,0,0.0,false,false,kReverse,0.375,11.3,0.0,82,0.0,0.0,11.4,0.0,3605,0.0,kReverse,kOff,
7804,11.45,0.0,0.0,57863.34,0.25,11.4,6.09375,-30875,0.0,0.125,11.4,0.0,0,0.0,0.0,11.350000000000001,6.09375,-26853,0.0,0.125,11.4,0.0,0,0.0,false,false,kReverse,0.375,11.3,0.0,82,0.0,0.0,11.4,0.0,3605,0.0,kReverse,kOff,
7840,11.45,0.0,0.0,57863.34,0.25,11.4,6.09375,-30875,0.0,0.125,11.4,0.0,0,0.0,0.0,11.350000000000001,6.09375,-26853,0.0,0.125,11.4,0.0,0,0.0,false,false,kReverse,0.375,11.3,0.0,82,0.0,0.0,11.4,0.0,3605,0.0,kReverse,kOff,
7863,11.45,0.0,0.0,57863.34,0.25,11.4,6.09375,-30875,0.0,0.125,11.4,0.0,0,0.0,0.0,11.350000000000001,6.09375,-26853,0.0,0.125,11.4,0.0,0,0.0,false,false,kReverse,0.375,11.25,0.0,82,0.0,0.0,11.4,0.0,3605,0.0,kReverse,kOff,
7899,11.45,0.0,0.0,57863.34,0.25,11.350000000000001,6.09375,-30875,0.0,0.125,11.4,0.0,0,0.0,0.0,11.350000000000001,6.09375,-26853,0.0,0.0,11.4,0.0,0,0.0,false,false,kReverse,0.375,11.25,0.0,82,0.0,0.0,11.4,0.0,3605,0.0,kReverse,kOff,
7921,11.45,0.0,0.0,57863.34,0.125,11.350000000000001,6.09375,-30875,0.0,0.125,11.4,0.0,0,0.0,0.0,11.350000000000001,6.09375,-26853,0.0,0.0,11.4,0.0,0,0.0,false,false,kReverse,0.375,11.25,0.0,82,0.0,0.0,11.4,0.0,3605,0.0,kReverse,kOff,
7958,11.45,0.0,0.0,57863.34,0.125,11.350000000000001,6.09375,-30875,0.0,0.125,11.4,0.0,0,0.0,0.0,11.350000000000001,6.09375,-26853,0.0,0.0,11.4,0.0,0,0.0,false,false,kReverse,0.375,11.25,0.0,82,0.0,0.0,11.4,0.0,3605,0.0,kReverse,kOff,
7982,11.45,0.0,0.0,57863.34,0.25,11.350000000000001,6.09375,-30875,0.0,0.125,11.4,0.0,0,0.0,0.125,11.350000000000001,6.09375,-26853,0.0,0.0,11.4,0.0,0,0.0,false,false,kReverse,0.375,11.25,0.0,82,0.0,0.0,11.4,0.0,3605,0.0,kReverse,kOff,
8019,11.45,0.0,0.0,57863.34,0.25,11.350000000000001,6.09375,-30875,0.0,0.125,11.4,0.0,0,0.0,0.0,11.350000000000001,6.09375,-26853,0.0,0.125,11.4,0.0,0,0.0,false,false,kReverse,0.375,11.3,0.0,82,0.0,0.0,11.4,0.0,3605,0.0,kReverse,kOff,
8043,11.45,0.0,0.0,57863.34,0.25,11.350000000000001,6.09375,-30875,0.0,0.125,11.4,0.0,0,0.0,0.0,11.350000000000001,6.09375,-26853,0.0,0.125,11.350000000000001,0.0,0,0.0,false,false,kReverse,0.375,11.3,0.0,82,0.0,0.0,11.4,0.0,3605,0.0,kReverse,kOff,
8078,11.45,0.0,0.0,57863.34,0.25,11.350000000000001,6.09375,-30875,0.0,0.125,11.4,0.0,0,0.0,0.0,11.350000000000001,6.09375,-26853,0.0,0.125,11.350000000000001,0.0,0,0.0,false,false,kReverse,0.375,11.3,0.0,82,0.0,0.0,11.4,0.0,3605,0.0,kReverse,kOff,
8103,11.45,0.0,0.0,57863.34,0.25,11.350000000000001,6.09375,-30875,0.0,0.125,11.4,0.0,0,0.0,0.0,11.350000000000001,6.09375,-26853,0.0,0.0,11.350000000000001,0.0,0,0.0,false,false,kReverse,0.375,11.3,0.0,82,0.0,0.0,11.4,0.0,3605,0.0,kReverse,kOff,
8139,11.45,0.0,0.0,57863.34,0.25,11.350000000000001,6.09375,-30875,0.0,0.125,11.4,0.0,0,0.0,0.0,11.350000000000001,6.09375,-26853,0.0,0.0,11.350000000000001,0.0,0,0.0,false,false,kReverse,0.375,11.3,0.0,82,0.0,0.0,11.4,0.0,3605,0.0,kReverse,kOff,
8162,11.5,0.0,0.0,57863.34,0.25,11.350000000000001,6.09375,-30875,0.0,0.125,11.4,0.0,0,0.0,0.0,11.350000000000001,6.09375,-26853,0.0,0.125,11.350000000000001,0.0,0,0.0,false,false,kReverse,0.375,11.3,0.0,82,0.0,0.0,11.4,0.0,3605,0.0,kReverse,kOff,
8198,11.5,0.0,0.0,57863.34,0.25,11.350000000000001,6.09375,-30875,0.0,0.125,11.4,0.0,0,0.0,0.0,11.350000000000001,6.09375,-26853,0.0,0.125,11.350000000000001,0.0,0,0.0,false,false,kReverse,0.375,11.3,0.0,82,0.0,0.0,11.4,0.0,3605,0.0,kReverse,kOff,
8222,11.5,0.0,0.0,57863.34,0.25,11.350000000000001,6.09375,-30875,0.0,0.125,11.4,0.0,0,0.0,0.0,11.350000000000001,6.09375,-26853,0.0,0.125,11.350000000000001,0.0,0,0.0,false,false,kReverse,0.375,11.3,0.0,82,0.0,0.0,11.4,0.0,3605,0.0,kReverse,kOff,
8260,11.45,0.0,0.0,57863.34,0.25,11.350000000000001,6.09375,-30875,0.0,0.125,11.4,0.0,0,0.0,0.0,11.350000000000001,6.09375,-26853,0.0,0.125,11.350000000000001,0.0,0,0.0,false,false,kReverse,0.375,11.3,0.0,82,0.0,0.0,11.4,0.0,3605,0.0,kReverse,kOff,
8298,11.45,0.0,0.0,57863.34,0.25,11.350000000000001,6.09375,-30875,0.0,0.125,11.4,0.0,0,0.0,0.0,11.350000000000001,6.09375,-26853,0.0,0.125,11.350000000000001,0.0,0,0.0,false,false,kReverse,0.375,11.3,0.0,82,0.0,0.0,11.4,0.0,3605,0.0,kReverse,kOff,
8320,11.45,0.0,0.0,57863.34,0.25,11.350000000000001,6.09375,-30875,0.0,0.125,11.4,0.0,0,0.0,0.0,11.350000000000001,6.09375,-26853,0.0,0.125,11.350000000000001,0.0,0,0.0,false,false,kReverse,0.375,11.3,0.0,82,0.0,0.0,11.4,0.0,3605,0.0,kReverse,kOff,
8358,11.45,0.0,0.0,57863.34,0.25,11.350000000000001,6.09375,-30875,0.0,0.125,11.4,0.0,0,0.0,0.0,11.350000000000001,6.09375,-26853,0.0,0.125,11.4,0.0,0,0.0,false,false,kReverse,0.375,11.3,0.0,82,0.0,0.0,11.4,0.0,3605,0.0,kReverse,kOff,
8381,11.5,0.0,0.0,57863.34,0.25,11.350000000000001,6.09375,-30875,0.0,0.125,11.4,0.0,0,0.0,0.0,11.350000000000001,6.09375,-26853,0.0,0.125,11.4,0.0,0,0.0,false,false,kReverse,0.375,11.3,0.0,82,0.0,0.0,11.4,0.0,3605,0.0,kReverse,kOff,
8406,11.45,0.0,0.0,57863.34,0.25,11.350000000000001,6.09375,-30875,0.0,0.125,11.4,0.0,0,0.0,0.0,11.350000000000001,6.09375,-26853,0.0,0.0,11.4,0.0,0,0.0,false,false,kReverse,0.375,11.3,0.0,82,0.0,0.0,11.4,0.0,3605,0.0,kReverse,kOff,
8439,11.5,0.0,0.0,57863.34,0.25,11.350000000000001,6.09375,-30875,0.0,0.125,11.4,0.0,0,0.0,0.0,11.350000000000001,6.09375,-26853,0.0,0.0,11.4,0.0,0,0.0,false,false,kReverse,0.375,11.3,0.0,82,0.0,0.0,11.4,0.0,3605,0.0,kReverse,kOff,
8462,11.5,0.0,0.0,57863.34,0.25,11.350000000000001,6.09375,-30875,0.0,0.125,11.4,0.0,0,0.0,0.0,11.350000000000001,6.09375,-26853,0.0,0.0,11.4,0.0,0,0.0,false,false,kReverse,0.375,11.3,0.0,82,0.0,0.0,11.4,0.0,3605,0.0,kReverse,kOff,
8499,11.5,0.0,0.0,57863.34,0.25,11.350000000000001,6.09375,-30875,0.0,0.125,11.4,0.0,0,0.0,0.0,11.350000000000001,6.09375,-26853,0.0,0.0,11.4,0.0,0,0.0,false,false,kReverse,0.375,11.3,0.0,82,0.0,0.0,11.4,0.0,3605,0.0,kReverse,kOff,
8525,11.45,0.0,0.0,57863.34,0.25,11.350000000000001,6.09375,-30875,0.0,0.125,11.4,0.0,0,0.0,0.0,11.350000000000001,6.09375,-26853,0.0,0.0,11.4,0.0,0,0.0,false,false,kReverse,0.375,11.3,0.0,82,0.0,0.0,11.4,0.0,3605,0.0,kReverse,kOff,
8560,11.5,0.0,0.0,57863.34,0.25,11.350000000000001,6.09375,-30875,0.0,0.125,11.4,0.0,0,0.0,0.0,11.350000000000001,6.09375,-26853,0.0,0.0,11.4,0.0,0,0.0,false,false,kReverse,0.375,11.3,0.0,82,0.0,0.0,11.4,105161.0,3605,0.0,kReverse,kOff,
8586,11.45,0.0,0.0,57863.34,0.25,11.350000000000001,6.09375,-30875,0.0,0.125,11.4,0.0,0,0.0,0.0,11.350000000000001,6.09375,-26853,0.0,0.0,11.4,0.0,0,0.0,false,false,kReverse,0.375,11.3,0.0,82,0.0,0.0,11.4,105161.0,3605,0.0,kReverse,kOff,
8618,11.45,0.0,0.0,57863.34,0.25,11.350000000000001,6.09375,-30875,0.0,0.125,11.4,0.0,0,0.0,0.0,11.350000000000001,6.09375,-26853,0.0,0.0,11.4,0.0,0,0.0,false,false,kReverse,0.375,11.3,0.0,82,0.0,0.0,11.4,105161.0,3605,0.0,kReverse,kOff,
8642,11.45,0.0,0.0,57863.34,0.25,11.350000000000001,6.09375,-30875,0.0,0.125,11.4,0.0,0,0.0,0.0,11.350000000000001,6.09375,-26853,0.0,0.125,11.4,0.0,0,0.0,false,false,kReverse,0.375,11.3,0.0,82,0.0,0.0,11.4,105161.0,3605,0.0,kReverse,kOff,
8680,11.45,0.0,0.0,57863.34,0.25,11.350000000000001,6.09375,-30875,0.0,0.125,11.4,0.0,0,0.0,0.0,11.350000000000001,6.09375,-26853,0.0,0.125,11.350000000000001,0.0,0,0.0,false,false,kReverse,0.375,11.3,0.0,82,0.0,0.0,11.4,105161.0,3605,0.0,kReverse,kOff,
8705,11.45,0.0,0.0,57863.34,0.25,11.350000000000001,6.09375,-30875,0.0,0.125,11.4,0.0,0,0.0,0.0,11.350000000000001,6.09375,-26853,0.0,0.125,11.350000000000001,0.0,0,0.0,false,false,kReverse,0.375,11.3,0.0,82,0.0,0.0,11.4,105161.0,3605,0.0,kReverse,kOff,
8739,11.45,0.0,0.0,57863.34,0.25,11.350000000000001,6.09375,-30875,0.0,0.125,11.4,0.0,0,0.0,0.0,11.350000000000001,6.09375,-26853,0.0,0.0,11.350000000000001,0.0,0,0.0,false,false,kReverse,0.375,11.3,0.0,82,0.0,0.0,11.4,105161.0,3605,0.0,kReverse,kOff,
8765,11.5,0.0,0.0,57863.34,0.25,11.350000000000001,6.09375,-30875,0.0,0.125,11.4,0.0,0,0.0,0.0,11.350000000000001,6.09375,-26853,0.0,0.0,11.350000000000001,0.0,0,0.0,false,false,kReverse,0.375,11.3,0.0,82,0.0,0.0,11.4,105161.0,3605,0.0,kReverse,kOff,
8798,11.5,0.0,0.0,57863.34,0.25,11.350000000000001,6.09375,-30875,0.0,0.125,11.4,0.0,0,0.0,0.0,11.350000000000001,6.09375,-26853,0.0,0.125,11.350000000000001,0.0,0,0.0,false,false,kReverse,0.375,11.3,0.0,82,0.0,0.0,11.4,105161.0,3605,0.0,kReverse,kOff,
8821,11.5,0.0,0.0,57863.34,0.25,11.350000000000001,6.09375,-30875,0.0,0.125,11.4,0.0,0,0.0,0.0,11.350000000000001,6.09375,-26853,0.0,0.0,11.350000000000001,0.0,0,0.0,false,false,kReverse,0.375,11.3,0.0,82,0.0,0.0,11.4,105161.0,3605,0.0,kReverse,kOff,
8859,11.5,0.0,0.0,57863.34,0.25,11.350000000000001,6.09375,-30875,0.0,0.125,11.4,0.0,0,0.0,0.0,11.350000000000001,6.09375,-26853,0.0,0.0,11.350000000000001,0.0,0,0.0,false,false,kReverse,0.375,11.3,0.0,82,0.0,0.0,11.4,105161.0,3605,0.0,kReverse,kOff,
8883,11.5,0.0,0.0,57863.34,0.25,11.350000000000001,6.09375,-30875,0.0,0.125,11.4,0.0,0,0.0,0.0,11.350000000000001,6.09375,-26853,0.0,0.125,11.350000000000001,0.0,0,0.0,false,false,kReverse,0.375,11.3,0.0,82,0.0,0.0,11.4,105161.0,3605,0.0,kReverse,kOff,
8919,11.5,0.0,0.0,57863.34,0.25,11.350000000000001,6.09375,-30875,0.0,0.125,11.4,0.0,0,0.0,0.0,11.350000000000001,6.09375,-26853,0.0,0.125,11.350000000000001,0.0,0,0.0,false,false,kReverse,0.375,11.3,0.0,82,0.0,0.0,11.4,105161.0,3605,0.0,kReverse,kOff,
8943,11.5,0.0,0.0,57863.34,0.25,11.350000000000001,6.09375,-30875,0.0,0.125,11.4,0.0,0,0.0,0.0,11.350000000000001,6.09375,-26853,0.0,0.0,11.350000000000001,0.0,0,0.0,false,false,kReverse,0.375,11.3,0.0,82,0.0,0.0,11.4,105161.0,3605,0.0,kReverse,kOff,
8980,11.5,0.0,0.0,57863.34,0.25,11.350000000000001,6.09375,-30875,0.0,0.125,11.4,0.0,0,0.0,0.0,11.350000000000001,6.09375,-26853,0.0,0.0,11.350000000000001,0.0,0,0.0,false,false,kReverse,0.375,11.3,0.0,82,0.0,0.0,11.350000000000001,105161.0,3605,0.0,kReverse,kOff,
9004,11.5,0.0,0.0,57863.34,0.25,11.350000000000001,6.09375,-30875,0.0,0.125,11.4,0.0,0,0.0,0.0,11.350000000000001,6.09375,-26853,0.0,0.0,11.4,0.0,0,0.0,false,false,kReverse,0.375,11.3,0.0,82,0.0,0.0,11.350000000000001,105161.0,3605,0.0,kReverse,kOff,
9038,11.5,0.0,0.0,57863.34,0.25,11.350000000000001,6.09375,-30875,0.0,0.125,11.4,0.0,0,0.0,0.0,11.350000000000001,6.09375,-26853,0.0,0.0,11.4,0.0,0,0.0,false,false,kReverse,0.375,11.3,0.0,82,0.0,0.0,11.350000000000001,105161.0,3605,0.0,kReverse,kOff,
9062,11.5,0.0,0.0,57863.34,0.25,11.350000000000001,6.09375,-30875,0.0,0.125,11.4,0.0,0,0.0,0.0,11.350000000000001,6.09375,-26853,0.0,0.0,11.4,0.0,0,0.0,false,false,kReverse,0.375,11.3,0.0,82,0.0,0.0,11.350000000000001,105161.0,3605,0.0,kReverse,kOff,
9099,11.5,0.0,0.0,57863.34,0.25,11.350000000000001,6.09375,-30875,0.0,0.125,11.4,0.0,0,0.0,0.0,11.350000000000001,6.09375,-26853,0.0,0.125,11.4,0.0,0,0.0,false,false,kReverse,0.375,11.3,0.0,82,0.0,0.0,11.350000000000001,105161.0,3605,0.0,kReverse,kOff,
9124,11.45,0.0,0.0,57863.34,0.25,11.350000000000001,6.09375,-30875,0.0,0.125,11.4,0.0,0,0.0,0.0,11.350000000000001,6.09375,-26853,0.0,0.125,11.4,0.0,0,0.0,false,false,kReverse,0.375,11.3,0.0,82,0.0,0.0,11.350000000000001,105161.0,3605,0.0,kReverse,kOff,
9160,11.45,0.0,0.0,57863.34,0.25,11.350000000000001,6.09375,-30875,0.0,0.125,11.4,0.0,0,0.0,0.0,11.350000000000001,6.09375,-26853,0.0,0.125,11.4,0.0,0,0.0,false,false,kReverse,0.375,11.3,0.0,82,0.0,0.0,11.4,105161.0,3605,0.0,kReverse,kOff,
9199,11.4,0.0,0.0,57863.34,0.25,11.350000000000001,6.09375,-30875,0.0,0.125,11.4,0.0,0,0.0,0.0,11.350000000000001,6.09375,-26853,0.0,0.125,11.4,0.0,0,0.0,false,false,kReverse,0.375,11.3,0.0,82,0.0,0.0,11.4,105161.0,3605,0.0,kReverse,kOff,
9222,11.4,0.0,0.0,57863.34,0.25,11.350000000000001,6.09375,-30875,0.0,0.125,11.4,0.0,0,0.0,0.0,11.350000000000001,6.09375,-26853,0.0,0.0,11.4,0.0,0,0.0,false,false,kReverse,0.375,11.3,0.0,82,0.0,0.0,11.4,105161.0,3605,0.0,kReverse,kOff,
9259,11.4,0.0,0.0,57863.34,0.25,11.350000000000001,6.09375,-30875,0.0,0.125,11.4,0.0,0,0.0,0.0,11.350000000000001,6.09375,-26853,0.0,0.0,11.4,0.0,0,0.0,false,false,kReverse,0.375,11.3,0.0,82,0.0,0.0,11.4,105161.0,3605,0.0,kReverse,kOff,
9283,11.4,0.0,0.0,57863.34,0.25,11.350000000000001,6.09375,-30875,0.0,0.125,11.4,0.0,0,0.0,0.0,11.350000000000001,6.09375,-26853,0.0,0.0,11.4,0.0,0,0.0,false,false,kReverse,0.375,11.3,0.0,82,0.0,0.0,11.4,105161.0,3605,0.0,kReverse,kOff,
9319,11.4,0.0,0.0,57863.34,0.25,11.350000000000001,6.09375,-30875,0.0,0.125,11.4,0.0,0,0.0,0.0,11.350000000000001,6.09375,-26853,0.0,0.0,11.350000000000001,0.0,0,0.0,false,false,kReverse,0.375,11.3,0.0,82,0.0,0.0,11.4,105161.0,3605,0.0,kReverse,kOff,
9343,11.4,0.0,0.0,57863.34,0.25,11.350000000000001,6.09375,-30875,0.0,0.125,11.4,0.0,0,0.0,0.0,11.350000000000001,6.09375,-26853,0.0,0.125,11.350000000000001,0.0,0,0.0,false,false,kReverse,0.375,11.3,0.0,82,0.0,0.0,11.4,105161.0,3605,0.0,kReverse,kOff,
9378,11.350000000000001,0.0,0.0,57863.34,0.25,11.350000000000001,6.09375,-30875,0.0,0.125,11.4,0.0,0,0.0,0.0,11.350000000000001,6.09375,-26853,0.0,0.125,11.350000000000001,0.0,0,0.0,false,false,kReverse,0.375,11.3,0.0,82,0.0,0.0,11.4,105161.0,3605,0.0,kReverse,kOff,
9402,11.350000000000001,0.0,0.0,57863.34,0.25,11.350000000000001,6.09375,-30875,0.0,0.125,11.4,0.0,0,0.0,0.0,11.350000000000001,6.09375,-26853,0.0,0.125,11.350000000000001,0.0,0,0.0,false,false,kReverse,0.375,11.3,0.0,82,0.0,0.0,11.4,105161.0,3605,0.0,kReverse,kOff,
9438,11.350000000000001,0.0,0.0,57863.34,0.25,11.350000000000001,6.09375,-30875,0.0,0.125,11.4,0.0,0,0.0,0.0,11.350000000000001,6.09375,-26853,0.0,0.0,11.350000000000001,0.0,0,0.0,false,false,kReverse,0.375,11.3,0.0,82,0.0,0.0,11.4,105161.0,3605,0.0,kReverse,kOff,
9462,11.4,0.0,0.0,57863.34,0.25,11.350000000000001,6.09375,-30875,0.0,0.125,11.4,0.0,0,0.0,0.0,11.350000000000001,6.09375,-26853,0.0,0.0,11.350000000000001,0.0,0,0.0,false,false,kReverse,0.375,11.3,0.0,82,0.0,0.0,11.4,105161.0,3605,0.0,kReverse,kOff,
9498,11.4,0.0,0.0,57863.34,0.25,11.350000000000001,6.09375,-30875,0.0,0.125,11.4,0.0,0,0.0,0.0,11.350000000000001,6.09375,-26853,0.0,0.125,11.350000000000001,0.0,0,0.0,false,false,kReverse,0.375,11.3,0.0,82,0.0,0.0,11.4,105161.0,3605,0.0,kReverse,kOff,
9522,11.4,0.0,0.0,57863.34,0.25,11.350000000000001,6.09375,-30875,0.0,0.125,11.4,0.0,0,0.0,0.0,11.350000000000001,6.09375,-26853,0.0,0.125,11.350000000000001,0.0,0,0.0,false,false,kReverse,0.375,11.3,0.0,82,0.0,0.0,11.4,105161.0,3605,0.0,kReverse,kOff,
9559,11.4,0.0,0.0,57863.34,0.25,11.350000000000001,6.09375,-30875,0.0,0.125,11.4,0.0,0,0.0,0.0,11.350000000000001,6.09375,-26853,0.0,0.125,11.350000000000001,0.0,0,0.0,false,false,kReverse,0.375,11.3,0.0,82,0.0,0.0,11.4,105161.0,3605,0.0,kReverse,kOff,
9584,11.350000000000001,0.0,0.0,57863.34,0.25,11.350000000000001,6.09375,-30875,0.0,0.125,11.350000000000001,0.0,0,0.0,0.0,11.350000000000001,6.09375,-26853,0.0,0.125,11.350000000000001,0.0,0,0.0,false,false,kReverse,0.375,11.3,0.0,82,0.0,0.0,11.4,105161.0,3605,0.0,kReverse,kOff,
9619,11.350000000000001,0.0,0.0,57863.34,0.25,11.350000000000001,6.09375,-30875,0.0,0.125,11.350000000000001,0.0,0,0.0,0.0,11.350000000000001,6.09375,-26853,0.0,0.125,11.350000000000001,0.0,0,0.0,false,false,kReverse,0.375,11.3,0.0,82,0.0,0.0,11.4,105161.0,3605,0.0,kReverse,kOff,
9644,11.4,0.0,0.0,57863.34,0.25,11.350000000000001,6.09375,-30875,0.0,0.125,11.350000000000001,0.0,0,0.0,0.0,11.350000000000001,6.09375,-26853,0.0,0.0,11.350000000000001,0.0,0,0.0,false,false,kReverse,0.375,11.3,0.0,82,0.0,0.0,11.350000000000001,105161.0,3605,0.0,kReverse,kOff,
9679,11.4,0.0,0.0,57863.34,0.25,11.350000000000001,6.09375,-30875,0.0,0.125,11.350000000000001,0.0,0,0.0,0.0,11.350000000000001,6.09375,-26853,0.0,0.0,11.350000000000001,0.0,0,0.0,false,false,kReverse,0.375,11.3,0.0,82,0.0,0.0,11.350000000000001,105161.0,3605,0.0,kReverse,kOff,
9702,11.4,0.0,0.0,57863.34,0.25,11.350000000000001,6.09375,-30875,0.0,0.125,11.350000000000001,0.0,0,0.0,0.0,11.350000000000001,6.09375,-26853,0.0,0.125,11.350000000000001,0.0,0,0.0,false,false,kReverse,0.375,11.3,0.0,82,0.0,0.0,11.350000000000001,105161.0,3605,0.0,kReverse,kOff,
9728,11.350000000000001,0.0,0.0,57863.34,0.25,11.350000000000001,6.09375,-30875,0.0,0.125,11.350000000000001,0.0,0,0.0,0.0,11.350000000000001,6.09375,-26853,0.0,0.125,11.350000000000001,0.0,0,0.0,false,false,kReverse,0.375,11.3,0.0,82,0.0,0.0,11.350000000000001,105161.0,3605,0.0,kReverse,kOff,
9759,11.4,0.0,0.0,57863.34,0.25,11.350000000000001,6.09375,-30875,0.0,0.125,11.350000000000001,0.0,0,0.0,0.0,11.350000000000001,6.09375,-26853,0.0,0.125,11.350000000000001,0.0,0,0.0,false,false,kReverse,0.375,11.3,0.0,82,0.0,0.0,11.350000000000001,105161.0,3605,0.0,kReverse,kOff,
9783,11.4,0.0,0.0,57863.34,0.25,11.350000000000001,6.09375,-30875,0.0,0.125,11.350000000000001,0.0,0,0.0,0.0,11.350000000000001,6.09375,-26853,0.0,0.0,11.350000000000001,0.0,0,0.0,false,false,kReverse,0.375,11.3,0.0,82,0.0,0.0,11.350000000000001,105161.0,3605,0.0,kReverse,kOff,
9819,11.45,0.0,0.0,57863.34,0.25,11.350000000000001,6.09375,-30875,0.0,0.125,11.350000000000001,0.0,0,0.0,0.0,11.350000000000001,6.09375,-26853,0.0,0.0,11.350000000000001,0.0,0,0.0,false,false,kReverse,0.375,11.3,0.0,82,0.0,0.0,11.350000000000001,105161.0,3605,0.0,kReverse,kOff,
9844,11.4,0.0,0.0,57863.34,0.25,11.350000000000001,6.09375,-30875,0.0,0.125,11.350000000000001,0.0,0,0.0,0.0,11.350000000000001,6.09375,-26853,0.0,0.0,11.350000000000001,0.0,0,0.0,false,false,kReverse,0.375,11.3,0.0,82,0.0,0.0,11.350000000000001,105161.0,3605,0.0,kReverse,kOff,
9878,11.4,0.0,0.0,57863.34,0.25,11.350000000000001,6.09375,-30875,0.0,0.125,11.350000000000001,0.0,0,0.0,0.0,11.350000000000001,6.09375,-26853,0.0,0.125,11.350000000000001,0.0,0,0.0,false,false,kReverse,0.375,11.3,0.0,82,0.0,0.0,11.350000000000001,105161.0,3605,0.0,kReverse,kOff,
9902,11.4,0.0,0.0,57863.34,0.25,11.350000000000001,6.09375,-30875,0.0,0.125,11.4,0.0,0,0.0,0.0,11.350000000000001,6.09375,-26853,0.0,0.125,11.350000000000001,0.0,0,0.0,false,false,kReverse,0.375,11.3,0.0,82,0.0,0.0,11.350000000000001,105161.0,3605,0.0,kReverse,kOff,
9938,11.45,0.0,0.0,57863.34,0.25,11.350000000000001,6.09375,-30875,0.0,0.125,11.4,0.0,0,0.0,0.0,11.350000000000001,6.09375,-26853,0.0,0.125,11.350000000000001,0.0,0,0.0,false,false,kReverse,0.375,11.3,0.0,82,0.0,0.0,11.350000000000001,105161.0,3605,0.0,kReverse,kOff,
9962,11.45,0.0,0.0,57863.34,0.25,11.350000000000001,6.09375,-30875,0.0,0.125,11.4,0.0,0,0.0,0.0,11.350000000000001,6.09375,-26853,0.0,0.125,11.4,0.0,0,0.0,false,false,kReverse,0.375,11.3,0.0,82,0.0,0.0,11.4,105161.0,3605,0.0,kReverse,kOff,
9999,11.45,0.0,0.0,57863.34,0.25,11.350000000000001,6.09375,-30875,0.0,0.125,11.4,0.0,0,0.0,0.0,11.350000000000001,6.09375,-26853,0.0,0.125,11.4,0.0,0,0.0,false,false,kReverse,0.375,11.3,0.0,82,0.0,0.0,11.4,105161.0,3605,0.0,kReverse,kOff,
10022,11.4,0.0,0.0,57863.34,0.25,11.350000000000001,6.09375,-30875,0.0,0.125,11.4,0.0,0,0.0,0.0,11.350000000000001,6.09375,-26853,0.0,0.125,11.4,0.0,0,0.0,false,false,kReverse,0.375,11.3,0.0,82,0.0,0.0,11.4,105161.0,3605,0.0,kReverse,kOff,
10058,11.4,0.0,0.0,57863.34,0.25,11.350000000000001,6.09375,-30875,0.0,0.125,11.4,0.0,0,0.0,0.0,11.350000000000001,6.09375,-26853,0.0,0.125,11.4,0.0,0,0.0,false,false,kReverse,0.375,11.3,0.0,82,0.0,0.0,11.4,105161.0,3605,0.0,kReverse,kOff,
10081,11.4,0.0,0.0,57863.34,0.25,11.350000000000001,6.09375,-30875,0.0,0.125,11.4,0.0,0,0.0,0.0,11.350000000000001,6.09375,-26853,0.0,0.125,11.4,0.0,0,0.0,false,false,kReverse,0.375,11.3,0.0,82,0.0,0.0,11.4,105161.0,3605,0.0,kReverse,kOff,
10118,11.45,0.0,0.0,57863.34,0.25,11.350000000000001,6.09375,-30875,0.0,0.125,11.4,0.0,0,0.0,0.0,11.350000000000001,6.09375,-26853,0.0,0.125,11.350000000000001,0.0,0,0.0,false,false,kReverse,0.375,11.3,0.0,82,0.0,0.0,11.4,105161.0,3605,0.0,kReverse,kOff,
10142,11.45,0.0,0.0,57863.34,0.25,11.350000000000001,6.09375,-30875,0.0,0.125,11.4,0.0,0,0.0,0.0,11.350000000000001,6.09375,-26853,0.0,0.125,11.350000000000001,0.0,0,0.0,false,false,kReverse,0.375,11.3,0.0,82,0.0,0.0,11.4,105161.0,3605,0.0,kReverse,kOff,
10179,11.45,0.0,0.0,57863.34,0.25,11.350000000000001,6.09375,-30875,0.0,0.125,11.4,0.0,0,0.0,0.0,11.350000000000001,6.09375,-26853,0.0,0.0,11.350000000000001,0.0,0,0.0,false,false,kReverse,0.375,11.3,0.0,82,0.0,0.0,11.4,105161.0,3605,0.0,kReverse,kOff,
10203,11.45,0.0,0.0,57863.34,0.25,11.350000000000001,6.09375,-30875,0.0,0.125,11.4,0.0,0,0.0,0.0,11.350000000000001,6.09375,-26853,0.0,0.0,11.350000000000001,0.0,0,0.0,false,false,kReverse,0.375,11.3,0.0,82,0.0,0.0,11.4,105161.0,3605,0.0,kReverse,kOff,
10239,11.45,0.0,0.0,57863.34,0.25,11.350000000000001,6.09375,-30875,0.0,0.125,11.4,0.0,0,0.0,0.0,11.350000000000001,6.09375,-26853,0.0,0.125,11.350000000000001,0.0,0,0.0,false,false,kReverse,0.375,11.3,0.0,82,0.0,0.0,11.4,105161.0,3605,0.0,kReverse,kOff,
10263,11.45,0.0,0.0,57863.34,0.25,11.350000000000001,6.09375,-30875,0.0,0.125,11.4,0.0,0,0.0,0.0,11.350000000000001,6.09375,-26853,0.0,0.0,11.350000000000001,0.0,0,0.0,false,false,kReverse,0.375,11.3,0.0,82,0.0,0.0,11.4,105161.0,3605,0.0,kReverse,kOff,
10299,11.45,0.0,0.0,57863.34,0.25,11.350000000000001,6.09375,-30875,0.0,0.125,11.4,0.0,0,0.0,0.0,11.350000000000001,6.09375,-26853,0.0,0.0,11.350000000000001,0.0,0,0.0,false,false,kReverse,0.375,11.3,0.0,82,0.0,0.0,11.4,105161.0,3605,0.0,kReverse,kOff,
10322,11.4,0.0,0.0,57863.34,0.25,11.350000000000001,6.09375,-30875,0.0,0.125,11.4,0.0,0,0.0,0.0,11.350000000000001,6.09375,-26853,0.0,0.125,11.350000000000001,0.0,0,0.0,false,false,kReverse,0.375,11.3,0.0,82,0.0,0.0,11.4,105161.0,3605,0.0,kReverse,kOff,
10358,11.4,0.0,0.0,57863.34,0.25,11.350000000000001,6.09375,-30875,0.0,0.125,11.4,0.0,0,0.0,0.0,11.350000000000001,6.09375,-26853,0.0,0.0,11.350000000000001,0.0,0,0.0,false,false,kReverse,0.375,11.3,0.0,82,0.0,0.0,11.4,105161.0,3605,0.0,kReverse,kOff,
10382,11.45,0.0,0.0,57863.34,0.25,11.350000000000001,6.09375,-30875,0.0,0.125,11.350000000000001,0.0,0,0.0,0.0,11.350000000000001,6.09375,-26853,0.0,0.0,11.350000000000001,0.0,0,0.0,false,false,kReverse,0.375,11.3,0.0,82,0.0,0.0,11.4,105161.0,3605,0.0,kReverse,kOff,
10419,11.45,0.0,0.0,57863.34,0.25,11.350000000000001,6.09375,-30875,0.0,0.125,11.350000000000001,0.0,0,0.0,0.0,11.350000000000001,6.09375,-26853,0.0,0.125,11.350000000000001,0.0,0,0.0,false,false,kReverse,0.375,11.3,0.0,82,0.0,0.0,11.4,105161.0,3605,0.0,kReverse,kOff,
10443,11.4,0.0,0.0,57863.34,0.25,11.350000000000001,6.09375,-30875,0.0,0.125,11.350000000000001,0.0,0,0.0,0.0,11.350000000000001,6.09375,-26853,0.0,0.125,11.350000000000001,0.0,0,0.0,false,false,kReverse,0.375,11.3,0.0,82,0.0,0.0,11.350000000000001,105161.0,3605,0.0,kReverse,kOff,
10479,11.4,0.0,0.0,57863.34,0.25,11.350000000000001,6.09375,-30875,0.0,0.125,11.350000000000001,0.0,0,0.0,0.0,11.350000000000001,6.09375,-26853,0.0,0.125,11.350000000000001,0.0,0,0.0,false,false,kReverse,0.375,11.3,0.0,82,0.0,0.0,11.350000000000001,105161.0,3605,0.0,kReverse,kOff,
10505,11.45,0.0,0.0,57863.34,0.25,11.350000000000001,6.09375,-30875,0.0,0.125,11.350000000000001,0.0,0,0.0,0.0,11.350000000000001,6.09375,-26853,0.0,0.125,11.350000000000001,0.0,0,0.0,false,false,kReverse,0.375,11.3,0.0,82,0.0,0.0,11.350000000000001,105161.0,3605,0.0,kReverse,kOff,
10539,11.45,0.0,0.0,57863.34,0.25,11.350000000000001,6.09375,-30875,0.0,0.125,11.350000000000001,0.0,0,0.0,0.0,11.350000000000001,6.09375,-26853,0.0,0.125,11.350000000000001,0.0,0,0.0,false,false,kReverse,0.375,11.3,0.0,82,0.0,0.0,11.350000000000001,105161.0,3605,0.0,kReverse,kOff,
10562,11.45,0.0,0.0,57863.34,0.25,11.350000000000001,6.09375,-30875,0.0,0.125,11.350000000000001,0.0,0,0.0,0.0,11.350000000000001,6.09375,-26853,0.0,0.125,11.350000000000001,0.0,0,0.0,false,false,kReverse,0.375,11.3,0.0,82,0.0,0.0,11.350000000000001,105161.0,3605,0.0,kReverse,kOff,
10599,11.45,0.0,0.0,57863.34,0.25,11.350000000000001,6.09375,-30875,0.0,0.125,11.350000000000001,0.0,0,0.0,0.0,11.350000000000001,6.09375,-26853,0.0,0.125,11.350000000000001,0.0,0,0.0,false,false,kReverse,0.375,11.3,0.0,82,0.0,0.25,11.350000000000001,105161.0,3605,0.0,kReverse,kOff,
10622,11.4,0.0,0.0,57863.34,0.25,11.350000000000001,6.09375,-30875,0.0,0.125,11.350000000000001,0.0,0,0.0,0.0,11.350000000000001,6.09375,-26853,0.0,0.125,11.350000000000001,0.0,0,0.0,false,false,kReverse,0.375,11.3,0.0,82,0.0,0.0,11.350000000000001,105161.0,3605,0.0,kReverse,kOff,
10658,11.45,0.0,0.0,57863.34,0.25,11.350000000000001,6.09375,-30875,0.0,0.125,11.350000000000001,0.0,0,0.0,0.0,11.350000000000001,6.09375,-26853,0.0,0.125,11.350000000000001,0.0,0,0.0,false,false,kReverse,0.375,11.3,0.0,82,0.0,0.0,11.350000000000001,105161.0,3605,0.0,kReverse,kOff,
10681,11.45,0.0,0.0,57863.34,0.25,11.350000000000001,6.09375,-30875,0.0,0.125,11.350000000000001,0.0,0,0.0,0.0,11.350000000000001,6.09375,-26853,0.0,0.125,11.350000000000001,0.0,0,0.0,false,false,kReverse,0.375,11.3,0.0,82,0.0,0.0,11.350000000000001,105161.0,3605,0.0,kReverse,kOff,
10719,11.45,0.0,0.0,57863.34,0.25,11.350000000000001,6.09375,-30875,0.0,0.125,11.4,0.0,0,0.0,0.0,11.350000000000001,6.09375,-26853,0.0,0.0,11.350000000000001,0.0,0,0.0,false,false,kReverse,0.375,11.3,0.0,82,0.0,0.0,11.350000000000001,105161.0,3605,0.0,kReverse,kOff,
10742,11.45,0.0,0.0,57863.34,0.25,11.350000000000001,6.09375,-30875,0.0,0.125,11.4,0.0,0,0.0,0.0,11.350000000000001,6.09375,-26853,0.0,0.0,11.350000000000001,0.0,0,0.0,false,false,kReverse,0.375,11.3,0.0,82,0.0,0.0,11.4,105161.0,3605,0.0,kReverse,kOff,
10779,11.5,0.0,0.0,57863.34,0.25,11.350000000000001,6.09375,-30875,0.0,0.125,11.4,0.0,0,0.0,0.0,11.350000000000001,6.09375,-26853,0.0,0.0,11.4,0.0,0,0.0,false,false,kReverse,0.375,11.3,0.0,82,0.0,0.0,11.4,105161.0,3605,0.0,kReverse,kOff,
10802,11.5,0.0,0.0,57863.34,0.25,11.350000000000001,6.09375,-30875,0.0,0.125,11.4,0.0,0,0.0,0.0,11.350000000000001,6.09375,-26853,0.0,0.0,11.4,0.0,0,0.0,false,false,kReverse,0.375,11.3,0.0,82,0.0,0.0,11.4,105161.0,3605,0.0,kReverse,kOff,
10839,11.5,0.0,0.0,57863.34,0.25,11.350000000000001,6.09375,-30875,0.0,0.125,11.4,0.0,0,0.0,0.0,11.350000000000001,6.09375,-26853,0.0,0.0,11.4,0.0,0,0.0,false,false,kReverse,0.375,11.3,0.0,82,0.0,0.0,11.4,105161.0,3605,0.0,kReverse,kOff,
10864,11.5,0.0,0.0,57863.34,0.25,11.350000000000001,6.09375,-30875,0.0,0.125,11.4,0.0,0,0.0,0.0,11.350000000000001,6.09375,-26853,0.0,0.0,11.4,0.0,0,0.0,false,false,kReverse,0.375,11.3,0.0,82,0.0,0.0,11.4,105161.0,3605,0.0,kReverse,kOff,
10899,11.45,0.0,0.0,57863.34,0.25,11.350000000000001,6.09375,-30875,0.0,0.125,11.4,0.0,0,0.0,0.0,11.350000000000001,6.09375,-26853,0.0,0.0,11.4,0.0,0,0.0,false,false,kReverse,0.375,11.3,0.0,82,0.0,0.0,11.4,105161.0,3605,0.0,kReverse,kOff,
10922,11.5,0.0,0.0,57863.34,0.25,11.350000000000001,6.09375,-30875,0.0,0.125,11.4,0.0,0,0.0,0.0,11.350000000000001,6.09375,-26853,0.0,0.125,11.350000000000001,0.0,0,0.0,false,false,kReverse,0.375,11.3,0.0,82,0.0,0.0,11.4,105161.0,3605,0.0,kReverse,kOff,
10958,11.5,0.0,0.0,57863.34,0.25,11.350000000000001,6.09375,-30875,0.0,0.125,11.4,0.0,0,0.0,0.0,11.350000000000001,6.09375,-26853,0.0,0.125,11.350000000000001,0.0,0,0.0,false,false,kReverse,0.375,11.3,0.0,82,0.0,0.0,11.4,105161.0,3605,0.0,kReverse,kOff,
10982,11.5,0.0,0.0,57863.34,0.25,11.350000000000001,6.09375,-30875,0.0,0.125,11.4,0.0,0,0.0,0.0,11.350000000000001,6.09375,-26853,0.0,0.125,11.350000000000001,0.0,0,0.0,false,false,kReverse,0.375,11.3,0.0,82,0.0,0.0,11.4,105161.0,3605,0.0,kReverse,kOff,
11019,11.5,0.0,0.0,57863.34,0.25,11.350000000000001,6.09375,-30875,0.0,0.125,11.4,0.0,0,0.0,0.0,11.350000000000001,6.09375,-26853,0.0,0.125,11.350000000000001,0.0,0,0.0,false,false,kReverse,0.375,11.3,0.0,82,0.0,0.0,11.4,105161.0,3605,0.0,kReverse,kOff,
11042,11.5,0.0,0.0,57863.34,0.25,11.350000000000001,6.09375,-30875,0.0,0.125,11.4,0.0,0,0.0,0.0,11.350000000000001,6.09375,-26853,0.0,0.125,11.350000000000001,0.0,0,0.0,false,false,kReverse,0.375,11.3,0.0,82,0.0,0.0,11.4,105161.0,3605,0.0,kReverse,kOff,
11079,11.5,0.0,0.0,57863.34,0.25,11.350000000000001,6.09375,-30875,0.0,0.125,11.4,0.0,0,0.0,0.0,11.350000000000001,6.09375,-26853,0.0,0.125,11.350000000000001,0.0,0,0.0,false,false,kReverse,0.375,11.3,0.0,82,0.0,0.0,11.4,105161.0,3605,0.0,kReverse,kOff,
11103,11.5,0.0,0.0,57863.34,0.25,11.350000000000001,6.09375,-30875,0.0,0.125,11.4,0.0,0,0.0,0.0,11.350000000000001,6.09375,-26853,0.0,0.125,11.350000000000001,0.0,0,0.0,false,false,kReverse,0.375,11.3,0.0,82,0.0,0.0,11.4,105161.0,3605,0.0,kReverse,kOff,
11142,11.5,0.0,0.0,57863.34,0.25,11.350000000000001,6.09375,-30875,0.0,0.125,11.4,0.0,0,0.0,0.0,11.350000000000001,6.09375,-26853,0.0,0.125,11.350000000000001,0.0,0,0.0,false,false,kReverse,0.375,11.3,0.0,82,0.0,0.0,11.4,105161.0,3605,0.0,kReverse,kOff,
11179,11.5,0.0,0.0,57863.34,0.25,11.350000000000001,6.09375,-30875,0.0,0.125,11.350000000000001,0.0,0,0.0,0.0,11.350000000000001,6.09375,-26853,0.0,0.125,11.350000000000001,0.0,0,0.0,false,false,kReverse,0.375,11.3,0.0,82,0.0,0.0,11.4,105161.0,3605,0.0,kReverse,kOff,
11202,11.5,0.0,0.0,57863.34,0.25,11.350000000000001,6.09375,-30875,0.0,0.125,11.350000000000001,0.0,0,0.0,0.0,11.350000000000001,6.09375,-26853,0.0,0.125,11.350000000000001,0.0,0,0.0,false,false,kReverse,0.375,11.3,0.0,82,0.0,0.0,11.4,105161.0,3605,0.0,kReverse,kOff,
11238,11.5,0.0,0.0,57863.34,0.25,11.350000000000001,6.09375,-30875,0.0,0.125,11.350000000000001,0.0,0,0.0,0.0,11.350000000000001,6.09375,-26853,0.0,0.125,11.350000000000001,0.0,0,0.0,false,false,kReverse,0.375,11.3,0.0,82,0.0,0.0,11.350000000000001,105161.0,3605,0.0,kReverse,kOff,
11262,11.45,0.0,0.0,57863.34,0.25,11.350000000000001,6.09375,-30875,0.0,0.125,11.350000000000001,0.0,0,0.0,0.0,11.350000000000001,6.09375,-26853,0.0,0.125,11.350000000000001,0.0,0,0.0,false,false,kReverse,0.375,11.3,0.0,82,0.0,0.0,11.350000000000001,105161.0,3605,0.0,kReverse,kOff,
11298,11.45,0.0,0.0,57863.34,0.25,11.350000000000001,6.09375,-30875,0.0,0.125,11.350000000000001,0.0,0,0.0,0.0,11.350000000000001,6.09375,-26853,0.0,0.125,11.350000000000001,0.0,0,0.0,false,false,kReverse,0.375,11.3,0.0,82,0.0,0.0,11.350000000000001,105161.0,3605,0.0,kReverse,kOff,
11321,11.45,0.0,0.0,57863.34,0.25,11.350000000000001,6.09375,-30875,0.0,0.125,11.350000000000001,0.0,0,0.0,0.125,11.350000000000001,6.09375,-26853,0.0,0.125,11.350000000000001,0.0,0,0.0,false,false,kReverse,0.375,11.3,0.0,82,0.0,0.0,11.350000000000001,105161.0,3605,0.0,kReverse,kOff,
